ISO-10303-21;
HEADER;
FILE_DESCRIPTION(('FreeCAD Model'),'2;1');
FILE_NAME('Open CASCADE Shape Model','2025-11-06T09:19:08',(
    'kicad StepUp'),('ksu MCAD'),'Open CASCADE STEP processor 7.8',
  'FreeCAD','Unknown');
FILE_SCHEMA(('AUTOMOTIVE_DESIGN { 1 0 10303 214 1 1 1 1 }'));
ENDSEC;
DATA;
#1 = APPLICATION_PROTOCOL_DEFINITION('international standard',
  'automotive_design',2000,#2);
#2 = APPLICATION_CONTEXT(
  'core data for automotive mechanical design processes');
#3 = SHAPE_DEFINITION_REPRESENTATION(#4,#10);
#4 = PRODUCT_DEFINITION_SHAPE('','',#5);
#5 = PRODUCT_DEFINITION('design','',#6,#9);
#6 = PRODUCT_DEFINITION_FORMATION('','',#7);
#7 = PRODUCT('TS02_66_70_BK_100_LCR','TS02_66_70_BK_100_LCR','',(#8));
#8 = PRODUCT_CONTEXT('',#2,'mechanical');
#9 = PRODUCT_DEFINITION_CONTEXT('part definition',#2,'design');
#10 = SHAPE_REPRESENTATION('',(#11,#15,#670,#1325,#1980,#2635,#3295),
  #4253);
#11 = AXIS2_PLACEMENT_3D('',#12,#13,#14);
#12 = CARTESIAN_POINT('',(0.,0.,0.));
#13 = DIRECTION('',(0.,0.,1.));
#14 = DIRECTION('',(1.,0.,-0.));
#15 = MANIFOLD_SOLID_BREP('',#16);
#16 = CLOSED_SHELL('',(#17,#59,#92,#148,#179,#226,#259,#290,#321,#354,
    #385,#416,#447,#478,#511,#542,#564,#586,#616,#646,#658));
#17 = ADVANCED_FACE('',(#18),#54,.T.);
#18 = FACE_BOUND('',#19,.T.);
#19 = EDGE_LOOP('',(#20,#31,#39,#48));
#20 = ORIENTED_EDGE('',*,*,#21,.T.);
#21 = EDGE_CURVE('',#22,#24,#26,.T.);
#22 = VERTEX_POINT('',#23);
#23 = CARTESIAN_POINT('',(3.891421356237,-2.6,-1.608578643763));
#24 = VERTEX_POINT('',#25);
#25 = CARTESIAN_POINT('',(3.95,-2.6,-1.75));
#26 = CIRCLE('',#27,0.2);
#27 = AXIS2_PLACEMENT_3D('',#28,#29,#30);
#28 = CARTESIAN_POINT('',(3.75,-2.6,-1.75));
#29 = DIRECTION('',(0.,1.,-2.22044604925E-16));
#30 = DIRECTION('',(-1.,0.,0.));
#31 = ORIENTED_EDGE('',*,*,#32,.T.);
#32 = EDGE_CURVE('',#24,#33,#35,.T.);
#33 = VERTEX_POINT('',#34);
#34 = CARTESIAN_POINT('',(3.95,-1.9,-1.75));
#35 = LINE('',#36,#37);
#36 = CARTESIAN_POINT('',(3.95,-2.6,-1.75));
#37 = VECTOR('',#38,1.);
#38 = DIRECTION('',(0.,1.,-2.22044604925E-16));
#39 = ORIENTED_EDGE('',*,*,#40,.F.);
#40 = EDGE_CURVE('',#41,#33,#43,.T.);
#41 = VERTEX_POINT('',#42);
#42 = CARTESIAN_POINT('',(3.891421356237,-1.9,-1.608578643763));
#43 = CIRCLE('',#44,0.2);
#44 = AXIS2_PLACEMENT_3D('',#45,#46,#47);
#45 = CARTESIAN_POINT('',(3.75,-1.9,-1.75));
#46 = DIRECTION('',(0.,1.,-2.22044604925E-16));
#47 = DIRECTION('',(-1.,0.,0.));
#48 = ORIENTED_EDGE('',*,*,#49,.F.);
#49 = EDGE_CURVE('',#22,#41,#50,.T.);
#50 = LINE('',#51,#52);
#51 = CARTESIAN_POINT('',(3.891421356237,-2.6,-1.608578643763));
#52 = VECTOR('',#53,1.);
#53 = DIRECTION('',(0.,1.,-2.22044604925E-16));
#54 = CYLINDRICAL_SURFACE('',#55,0.2);
#55 = AXIS2_PLACEMENT_3D('',#56,#57,#58);
#56 = CARTESIAN_POINT('',(3.75,-2.6,-1.75));
#57 = DIRECTION('',(0.,1.,-2.22044604925E-16));
#58 = DIRECTION('',(1.,0.,0.));
#59 = ADVANCED_FACE('',(#60),#87,.T.);
#60 = FACE_BOUND('',#61,.T.);
#61 = EDGE_LOOP('',(#62,#63,#72,#80));
#62 = ORIENTED_EDGE('',*,*,#32,.F.);
#63 = ORIENTED_EDGE('',*,*,#64,.T.);
#64 = EDGE_CURVE('',#24,#65,#67,.T.);
#65 = VERTEX_POINT('',#66);
#66 = CARTESIAN_POINT('',(3.891421356237,-2.6,-1.891421356237));
#67 = CIRCLE('',#68,0.2);
#68 = AXIS2_PLACEMENT_3D('',#69,#70,#71);
#69 = CARTESIAN_POINT('',(3.75,-2.6,-1.75));
#70 = DIRECTION('',(0.,1.,-2.22044604925E-16));
#71 = DIRECTION('',(-1.,0.,0.));
#72 = ORIENTED_EDGE('',*,*,#73,.T.);
#73 = EDGE_CURVE('',#65,#74,#76,.T.);
#74 = VERTEX_POINT('',#75);
#75 = CARTESIAN_POINT('',(3.891421356237,-1.9,-1.891421356237));
#76 = LINE('',#77,#78);
#77 = CARTESIAN_POINT('',(3.891421356237,-2.6,-1.891421356237));
#78 = VECTOR('',#79,1.);
#79 = DIRECTION('',(0.,1.,-2.22044604925E-16));
#80 = ORIENTED_EDGE('',*,*,#81,.F.);
#81 = EDGE_CURVE('',#33,#74,#82,.T.);
#82 = CIRCLE('',#83,0.2);
#83 = AXIS2_PLACEMENT_3D('',#84,#85,#86);
#84 = CARTESIAN_POINT('',(3.75,-1.9,-1.75));
#85 = DIRECTION('',(0.,1.,-2.22044604925E-16));
#86 = DIRECTION('',(-1.,0.,0.));
#87 = CYLINDRICAL_SURFACE('',#88,0.2);
#88 = AXIS2_PLACEMENT_3D('',#89,#90,#91);
#89 = CARTESIAN_POINT('',(3.75,-2.6,-1.75));
#90 = DIRECTION('',(0.,1.,-2.22044604925E-16));
#91 = DIRECTION('',(1.,0.,0.));
#92 = ADVANCED_FACE('',(#93),#143,.F.);
#93 = FACE_BOUND('',#94,.T.);
#94 = EDGE_LOOP('',(#95,#105,#113,#121,#129,#137));
#95 = ORIENTED_EDGE('',*,*,#96,.T.);
#96 = EDGE_CURVE('',#97,#99,#101,.T.);
#97 = VERTEX_POINT('',#98);
#98 = CARTESIAN_POINT('',(3.35,-2.375,-3.5));
#99 = VERTEX_POINT('',#100);
#100 = CARTESIAN_POINT('',(3.35,-2.125,-3.5));
#101 = LINE('',#102,#103);
#102 = CARTESIAN_POINT('',(3.35,-2.6,-3.5));
#103 = VECTOR('',#104,1.);
#104 = DIRECTION('',(0.,1.,-2.22044604925E-16));
#105 = ORIENTED_EDGE('',*,*,#106,.F.);
#106 = EDGE_CURVE('',#107,#99,#109,.T.);
#107 = VERTEX_POINT('',#108);
#108 = CARTESIAN_POINT('',(3.35,-1.9,-3.110288568297));
#109 = LINE('',#110,#111);
#110 = CARTESIAN_POINT('',(3.35,-1.781657339585,-2.905313067755));
#111 = VECTOR('',#112,1.);
#112 = DIRECTION('',(3.519431053647E-16,-0.5,-0.866025403784));
#113 = ORIENTED_EDGE('',*,*,#114,.F.);
#114 = EDGE_CURVE('',#115,#107,#117,.T.);
#115 = VERTEX_POINT('',#116);
#116 = CARTESIAN_POINT('',(3.35,-1.9,-2.432842712475));
#117 = LINE('',#118,#119);
#118 = CARTESIAN_POINT('',(3.35,-1.9,-2.432842712475));
#119 = VECTOR('',#120,1.);
#120 = DIRECTION('',(4.063888932435E-16,-2.22044604925E-16,-1.));
#121 = ORIENTED_EDGE('',*,*,#122,.F.);
#122 = EDGE_CURVE('',#123,#115,#125,.T.);
#123 = VERTEX_POINT('',#124);
#124 = CARTESIAN_POINT('',(3.35,-2.6,-2.432842712475));
#125 = LINE('',#126,#127);
#126 = CARTESIAN_POINT('',(3.35,-2.6,-2.432842712475));
#127 = VECTOR('',#128,1.);
#128 = DIRECTION('',(0.,1.,-2.22044604925E-16));
#129 = ORIENTED_EDGE('',*,*,#130,.T.);
#130 = EDGE_CURVE('',#123,#131,#133,.T.);
#131 = VERTEX_POINT('',#132);
#132 = CARTESIAN_POINT('',(3.35,-2.6,-3.110288568297));
#133 = LINE('',#134,#135);
#134 = CARTESIAN_POINT('',(3.35,-2.6,-2.432842712475));
#135 = VECTOR('',#136,1.);
#136 = DIRECTION('',(4.063888932435E-16,-2.22044604925E-16,-1.));
#137 = ORIENTED_EDGE('',*,*,#138,.F.);
#138 = EDGE_CURVE('',#97,#131,#139,.T.);
#139 = LINE('',#140,#141);
#140 = CARTESIAN_POINT('',(3.35,-2.893342660415,-2.60220417643));
#141 = VECTOR('',#142,1.);
#142 = DIRECTION('',(-3.519431053647E-16,-0.5,0.866025403784));
#143 = PLANE('',#144);
#144 = AXIS2_PLACEMENT_3D('',#145,#146,#147);
#145 = CARTESIAN_POINT('',(3.35,-2.6,-2.432842712475));
#146 = DIRECTION('',(-1.,-9.023646124618E-32,-4.063888932435E-16));
#147 = DIRECTION('',(-4.063888932435E-16,2.22044604925E-16,1.));
#148 = ADVANCED_FACE('',(#149),#174,.T.);
#149 = FACE_BOUND('',#150,.T.);
#150 = EDGE_LOOP('',(#151,#159,#167,#173));
#151 = ORIENTED_EDGE('',*,*,#152,.T.);
#152 = EDGE_CURVE('',#97,#153,#155,.T.);
#153 = VERTEX_POINT('',#154);
#154 = CARTESIAN_POINT('',(3.15,-2.375,-3.5));
#155 = LINE('',#156,#157);
#156 = CARTESIAN_POINT('',(3.95,-2.375,-3.5));
#157 = VECTOR('',#158,1.);
#158 = DIRECTION('',(-1.,0.,0.));
#159 = ORIENTED_EDGE('',*,*,#160,.T.);
#160 = EDGE_CURVE('',#153,#161,#163,.T.);
#161 = VERTEX_POINT('',#162);
#162 = CARTESIAN_POINT('',(3.15,-2.125,-3.5));
#163 = LINE('',#164,#165);
#164 = CARTESIAN_POINT('',(3.15,-2.6,-3.5));
#165 = VECTOR('',#166,1.);
#166 = DIRECTION('',(0.,1.,-2.22044604925E-16));
#167 = ORIENTED_EDGE('',*,*,#168,.F.);
#168 = EDGE_CURVE('',#99,#161,#169,.T.);
#169 = LINE('',#170,#171);
#170 = CARTESIAN_POINT('',(3.95,-2.125,-3.5));
#171 = VECTOR('',#172,1.);
#172 = DIRECTION('',(-1.,0.,0.));
#173 = ORIENTED_EDGE('',*,*,#96,.F.);
#174 = PLANE('',#175);
#175 = AXIS2_PLACEMENT_3D('',#176,#177,#178);
#176 = CARTESIAN_POINT('',(3.15,-2.6,-3.5));
#177 = DIRECTION('',(0.,-2.22044604925E-16,-1.));
#178 = DIRECTION('',(0.,1.,-2.22044604925E-16));
#179 = ADVANCED_FACE('',(#180),#221,.T.);
#180 = FACE_BOUND('',#181,.T.);
#181 = EDGE_LOOP('',(#182,#190,#198,#206,#214,#220));
#182 = ORIENTED_EDGE('',*,*,#183,.T.);
#183 = EDGE_CURVE('',#153,#184,#186,.T.);
#184 = VERTEX_POINT('',#185);
#185 = CARTESIAN_POINT('',(3.15,-2.6,-3.110288568297));
#186 = LINE('',#187,#188);
#187 = CARTESIAN_POINT('',(3.15,-2.893342660415,-2.60220417643));
#188 = VECTOR('',#189,1.);
#189 = DIRECTION('',(-3.519431053647E-16,-0.5,0.866025403784));
#190 = ORIENTED_EDGE('',*,*,#191,.F.);
#191 = EDGE_CURVE('',#192,#184,#194,.T.);
#192 = VERTEX_POINT('',#193);
#193 = CARTESIAN_POINT('',(3.15,-2.6,-2.432842712475));
#194 = LINE('',#195,#196);
#195 = CARTESIAN_POINT('',(3.15,-2.6,-2.432842712475));
#196 = VECTOR('',#197,1.);
#197 = DIRECTION('',(4.063888932435E-16,-2.22044604925E-16,-1.));
#198 = ORIENTED_EDGE('',*,*,#199,.T.);
#199 = EDGE_CURVE('',#192,#200,#202,.T.);
#200 = VERTEX_POINT('',#201);
#201 = CARTESIAN_POINT('',(3.15,-1.9,-2.432842712475));
#202 = LINE('',#203,#204);
#203 = CARTESIAN_POINT('',(3.15,-2.6,-2.432842712475));
#204 = VECTOR('',#205,1.);
#205 = DIRECTION('',(0.,1.,-2.22044604925E-16));
#206 = ORIENTED_EDGE('',*,*,#207,.T.);
#207 = EDGE_CURVE('',#200,#208,#210,.T.);
#208 = VERTEX_POINT('',#209);
#209 = CARTESIAN_POINT('',(3.15,-1.9,-3.110288568297));
#210 = LINE('',#211,#212);
#211 = CARTESIAN_POINT('',(3.15,-1.9,-2.432842712475));
#212 = VECTOR('',#213,1.);
#213 = DIRECTION('',(4.063888932435E-16,-2.22044604925E-16,-1.));
#214 = ORIENTED_EDGE('',*,*,#215,.T.);
#215 = EDGE_CURVE('',#208,#161,#216,.T.);
#216 = LINE('',#217,#218);
#217 = CARTESIAN_POINT('',(3.15,-1.781657339585,-2.905313067755));
#218 = VECTOR('',#219,1.);
#219 = DIRECTION('',(3.519431053647E-16,-0.5,-0.866025403784));
#220 = ORIENTED_EDGE('',*,*,#160,.F.);
#221 = PLANE('',#222);
#222 = AXIS2_PLACEMENT_3D('',#223,#224,#225);
#223 = CARTESIAN_POINT('',(3.15,-2.6,-2.432842712475));
#224 = DIRECTION('',(-1.,-9.023646124618E-32,-4.063888932435E-16));
#225 = DIRECTION('',(-4.063888932435E-16,2.22044604925E-16,1.));
#226 = ADVANCED_FACE('',(#227),#254,.T.);
#227 = FACE_BOUND('',#228,.T.);
#228 = EDGE_LOOP('',(#229,#238,#239,#248));
#229 = ORIENTED_EDGE('',*,*,#230,.T.);
#230 = EDGE_CURVE('',#231,#200,#233,.T.);
#231 = VERTEX_POINT('',#232);
#232 = CARTESIAN_POINT('',(3.208578643763,-1.9,-2.291421356237));
#233 = CIRCLE('',#234,0.2);
#234 = AXIS2_PLACEMENT_3D('',#235,#236,#237);
#235 = CARTESIAN_POINT('',(3.35,-1.9,-2.432842712475));
#236 = DIRECTION('',(0.,-1.,2.22044604925E-16));
#237 = DIRECTION('',(-1.,0.,0.));
#238 = ORIENTED_EDGE('',*,*,#199,.F.);
#239 = ORIENTED_EDGE('',*,*,#240,.F.);
#240 = EDGE_CURVE('',#241,#192,#243,.T.);
#241 = VERTEX_POINT('',#242);
#242 = CARTESIAN_POINT('',(3.208578643763,-2.6,-2.291421356237));
#243 = CIRCLE('',#244,0.2);
#244 = AXIS2_PLACEMENT_3D('',#245,#246,#247);
#245 = CARTESIAN_POINT('',(3.35,-2.6,-2.432842712475));
#246 = DIRECTION('',(0.,-1.,2.22044604925E-16));
#247 = DIRECTION('',(-1.,0.,0.));
#248 = ORIENTED_EDGE('',*,*,#249,.T.);
#249 = EDGE_CURVE('',#241,#231,#250,.T.);
#250 = LINE('',#251,#252);
#251 = CARTESIAN_POINT('',(3.208578643763,-2.6,-2.291421356237));
#252 = VECTOR('',#253,1.);
#253 = DIRECTION('',(0.,1.,-2.22044604925E-16));
#254 = CYLINDRICAL_SURFACE('',#255,0.2);
#255 = AXIS2_PLACEMENT_3D('',#256,#257,#258);
#256 = CARTESIAN_POINT('',(3.35,-2.6,-2.432842712475));
#257 = DIRECTION('',(0.,1.,-2.22044604925E-16));
#258 = DIRECTION('',(1.,0.,0.));
#259 = ADVANCED_FACE('',(#260),#285,.T.);
#260 = FACE_BOUND('',#261,.T.);
#261 = EDGE_LOOP('',(#262,#270,#271,#279));
#262 = ORIENTED_EDGE('',*,*,#263,.T.);
#263 = EDGE_CURVE('',#264,#231,#266,.T.);
#264 = VERTEX_POINT('',#265);
#265 = CARTESIAN_POINT('',(3.75,-1.9,-1.75));
#266 = LINE('',#267,#268);
#267 = CARTESIAN_POINT('',(3.75,-1.9,-1.75));
#268 = VECTOR('',#269,1.);
#269 = DIRECTION('',(-0.707106781187,-1.570092458684E-16,-0.707106781187
    ));
#270 = ORIENTED_EDGE('',*,*,#249,.F.);
#271 = ORIENTED_EDGE('',*,*,#272,.F.);
#272 = EDGE_CURVE('',#273,#241,#275,.T.);
#273 = VERTEX_POINT('',#274);
#274 = CARTESIAN_POINT('',(3.75,-2.6,-1.75));
#275 = LINE('',#276,#277);
#276 = CARTESIAN_POINT('',(3.75,-2.6,-1.75));
#277 = VECTOR('',#278,1.);
#278 = DIRECTION('',(-0.707106781187,-1.570092458684E-16,-0.707106781187
    ));
#279 = ORIENTED_EDGE('',*,*,#280,.T.);
#280 = EDGE_CURVE('',#273,#264,#281,.T.);
#281 = LINE('',#282,#283);
#282 = CARTESIAN_POINT('',(3.75,-2.6,-1.75));
#283 = VECTOR('',#284,1.);
#284 = DIRECTION('',(0.,1.,-2.22044604925E-16));
#285 = PLANE('',#286);
#286 = AXIS2_PLACEMENT_3D('',#287,#288,#289);
#287 = CARTESIAN_POINT('',(3.75,-2.6,-1.75));
#288 = DIRECTION('',(-0.707106781187,1.570092458684E-16,0.707106781187)
  );
#289 = DIRECTION('',(0.,-1.,2.22044604925E-16));
#290 = ADVANCED_FACE('',(#291),#316,.T.);
#291 = FACE_BOUND('',#292,.T.);
#292 = EDGE_LOOP('',(#293,#301,#302,#310));
#293 = ORIENTED_EDGE('',*,*,#294,.T.);
#294 = EDGE_CURVE('',#295,#264,#297,.T.);
#295 = VERTEX_POINT('',#296);
#296 = CARTESIAN_POINT('',(3.208578643763,-1.9,-1.208578643763));
#297 = LINE('',#298,#299);
#298 = CARTESIAN_POINT('',(3.208578643763,-1.9,-1.208578643763));
#299 = VECTOR('',#300,1.);
#300 = DIRECTION('',(0.707106781187,-1.570092458684E-16,-0.707106781187)
  );
#301 = ORIENTED_EDGE('',*,*,#280,.F.);
#302 = ORIENTED_EDGE('',*,*,#303,.F.);
#303 = EDGE_CURVE('',#304,#273,#306,.T.);
#304 = VERTEX_POINT('',#305);
#305 = CARTESIAN_POINT('',(3.208578643763,-2.6,-1.208578643763));
#306 = LINE('',#307,#308);
#307 = CARTESIAN_POINT('',(3.208578643763,-2.6,-1.208578643763));
#308 = VECTOR('',#309,1.);
#309 = DIRECTION('',(0.707106781187,-1.570092458684E-16,-0.707106781187)
  );
#310 = ORIENTED_EDGE('',*,*,#311,.T.);
#311 = EDGE_CURVE('',#304,#295,#312,.T.);
#312 = LINE('',#313,#314);
#313 = CARTESIAN_POINT('',(3.208578643763,-2.6,-1.208578643763));
#314 = VECTOR('',#315,1.);
#315 = DIRECTION('',(0.,1.,-2.22044604925E-16));
#316 = PLANE('',#317);
#317 = AXIS2_PLACEMENT_3D('',#318,#319,#320);
#318 = CARTESIAN_POINT('',(3.208578643763,-2.6,-1.208578643763));
#319 = DIRECTION('',(-0.707106781187,-1.570092458684E-16,-0.707106781187
    ));
#320 = DIRECTION('',(-0.707106781187,1.570092458684E-16,0.707106781187)
  );
#321 = ADVANCED_FACE('',(#322),#349,.T.);
#322 = FACE_BOUND('',#323,.T.);
#323 = EDGE_LOOP('',(#324,#333,#334,#343));
#324 = ORIENTED_EDGE('',*,*,#325,.T.);
#325 = EDGE_CURVE('',#326,#295,#328,.T.);
#326 = VERTEX_POINT('',#327);
#327 = CARTESIAN_POINT('',(3.15,-1.9,-1.067157287525));
#328 = CIRCLE('',#329,0.2);
#329 = AXIS2_PLACEMENT_3D('',#330,#331,#332);
#330 = CARTESIAN_POINT('',(3.35,-1.9,-1.067157287525));
#331 = DIRECTION('',(0.,-1.,2.22044604925E-16));
#332 = DIRECTION('',(-1.,0.,0.));
#333 = ORIENTED_EDGE('',*,*,#311,.F.);
#334 = ORIENTED_EDGE('',*,*,#335,.F.);
#335 = EDGE_CURVE('',#336,#304,#338,.T.);
#336 = VERTEX_POINT('',#337);
#337 = CARTESIAN_POINT('',(3.15,-2.6,-1.067157287525));
#338 = CIRCLE('',#339,0.2);
#339 = AXIS2_PLACEMENT_3D('',#340,#341,#342);
#340 = CARTESIAN_POINT('',(3.35,-2.6,-1.067157287525));
#341 = DIRECTION('',(0.,-1.,2.22044604925E-16));
#342 = DIRECTION('',(-1.,0.,0.));
#343 = ORIENTED_EDGE('',*,*,#344,.T.);
#344 = EDGE_CURVE('',#336,#326,#345,.T.);
#345 = LINE('',#346,#347);
#346 = CARTESIAN_POINT('',(3.15,-2.6,-1.067157287525));
#347 = VECTOR('',#348,1.);
#348 = DIRECTION('',(0.,1.,-2.22044604925E-16));
#349 = CYLINDRICAL_SURFACE('',#350,0.2);
#350 = AXIS2_PLACEMENT_3D('',#351,#352,#353);
#351 = CARTESIAN_POINT('',(3.35,-2.6,-1.067157287525));
#352 = DIRECTION('',(0.,1.,-2.22044604925E-16));
#353 = DIRECTION('',(1.,0.,0.));
#354 = ADVANCED_FACE('',(#355),#380,.T.);
#355 = FACE_BOUND('',#356,.T.);
#356 = EDGE_LOOP('',(#357,#365,#366,#374));
#357 = ORIENTED_EDGE('',*,*,#358,.T.);
#358 = EDGE_CURVE('',#359,#326,#361,.T.);
#359 = VERTEX_POINT('',#360);
#360 = CARTESIAN_POINT('',(3.15,-1.9,0.7));
#361 = LINE('',#362,#363);
#362 = CARTESIAN_POINT('',(3.15,-1.9,0.7));
#363 = VECTOR('',#364,1.);
#364 = DIRECTION('',(-2.454115839352E-16,-2.22044604925E-16,-1.));
#365 = ORIENTED_EDGE('',*,*,#344,.F.);
#366 = ORIENTED_EDGE('',*,*,#367,.F.);
#367 = EDGE_CURVE('',#368,#336,#370,.T.);
#368 = VERTEX_POINT('',#369);
#369 = CARTESIAN_POINT('',(3.15,-2.6,0.7));
#370 = LINE('',#371,#372);
#371 = CARTESIAN_POINT('',(3.15,-2.6,0.7));
#372 = VECTOR('',#373,1.);
#373 = DIRECTION('',(-2.454115839352E-16,-2.22044604925E-16,-1.));
#374 = ORIENTED_EDGE('',*,*,#375,.T.);
#375 = EDGE_CURVE('',#368,#359,#376,.T.);
#376 = LINE('',#377,#378);
#377 = CARTESIAN_POINT('',(3.15,-2.6,0.7));
#378 = VECTOR('',#379,1.);
#379 = DIRECTION('',(0.,1.,-2.22044604925E-16));
#380 = PLANE('',#381);
#381 = AXIS2_PLACEMENT_3D('',#382,#383,#384);
#382 = CARTESIAN_POINT('',(3.15,-2.6,0.7));
#383 = DIRECTION('',(-1.,5.449231819891E-32,2.454115839352E-16));
#384 = DIRECTION('',(0.,-1.,2.22044604925E-16));
#385 = ADVANCED_FACE('',(#386),#411,.T.);
#386 = FACE_BOUND('',#387,.T.);
#387 = EDGE_LOOP('',(#388,#396,#397,#405));
#388 = ORIENTED_EDGE('',*,*,#389,.T.);
#389 = EDGE_CURVE('',#390,#359,#392,.T.);
#390 = VERTEX_POINT('',#391);
#391 = CARTESIAN_POINT('',(3.,-1.9,0.7));
#392 = LINE('',#393,#394);
#393 = CARTESIAN_POINT('',(3.,-1.9,0.7));
#394 = VECTOR('',#395,1.);
#395 = DIRECTION('',(1.,0.,0.));
#396 = ORIENTED_EDGE('',*,*,#375,.F.);
#397 = ORIENTED_EDGE('',*,*,#398,.F.);
#398 = EDGE_CURVE('',#399,#368,#401,.T.);
#399 = VERTEX_POINT('',#400);
#400 = CARTESIAN_POINT('',(3.,-2.6,0.7));
#401 = LINE('',#402,#403);
#402 = CARTESIAN_POINT('',(3.,-2.6,0.7));
#403 = VECTOR('',#404,1.);
#404 = DIRECTION('',(1.,0.,0.));
#405 = ORIENTED_EDGE('',*,*,#406,.T.);
#406 = EDGE_CURVE('',#399,#390,#407,.T.);
#407 = LINE('',#408,#409);
#408 = CARTESIAN_POINT('',(3.,-2.6,0.7));
#409 = VECTOR('',#410,1.);
#410 = DIRECTION('',(0.,1.,-2.22044604925E-16));
#411 = PLANE('',#412);
#412 = AXIS2_PLACEMENT_3D('',#413,#414,#415);
#413 = CARTESIAN_POINT('',(3.,-2.6,0.7));
#414 = DIRECTION('',(0.,-2.22044604925E-16,-1.));
#415 = DIRECTION('',(0.,1.,-2.22044604925E-16));
#416 = ADVANCED_FACE('',(#417),#442,.T.);
#417 = FACE_BOUND('',#418,.T.);
#418 = EDGE_LOOP('',(#419,#427,#428,#436));
#419 = ORIENTED_EDGE('',*,*,#420,.T.);
#420 = EDGE_CURVE('',#421,#390,#423,.T.);
#421 = VERTEX_POINT('',#422);
#422 = CARTESIAN_POINT('',(3.,-1.9,0.9));
#423 = LINE('',#424,#425);
#424 = CARTESIAN_POINT('',(3.,-1.9,0.9));
#425 = VECTOR('',#426,1.);
#426 = DIRECTION('',(0.,-2.22044604925E-16,-1.));
#427 = ORIENTED_EDGE('',*,*,#406,.F.);
#428 = ORIENTED_EDGE('',*,*,#429,.F.);
#429 = EDGE_CURVE('',#430,#399,#432,.T.);
#430 = VERTEX_POINT('',#431);
#431 = CARTESIAN_POINT('',(3.,-2.6,0.9));
#432 = LINE('',#433,#434);
#433 = CARTESIAN_POINT('',(3.,-2.6,0.9));
#434 = VECTOR('',#435,1.);
#435 = DIRECTION('',(0.,-2.22044604925E-16,-1.));
#436 = ORIENTED_EDGE('',*,*,#437,.T.);
#437 = EDGE_CURVE('',#430,#421,#438,.T.);
#438 = LINE('',#439,#440);
#439 = CARTESIAN_POINT('',(3.,-2.6,0.9));
#440 = VECTOR('',#441,1.);
#441 = DIRECTION('',(0.,1.,-2.22044604925E-16));
#442 = PLANE('',#443);
#443 = AXIS2_PLACEMENT_3D('',#444,#445,#446);
#444 = CARTESIAN_POINT('',(3.,-2.6,0.9));
#445 = DIRECTION('',(-1.,0.,0.));
#446 = DIRECTION('',(0.,-1.,2.22044604925E-16));
#447 = ADVANCED_FACE('',(#448),#473,.F.);
#448 = FACE_BOUND('',#449,.T.);
#449 = EDGE_LOOP('',(#450,#458,#459,#467));
#450 = ORIENTED_EDGE('',*,*,#451,.F.);
#451 = EDGE_CURVE('',#421,#452,#454,.T.);
#452 = VERTEX_POINT('',#453);
#453 = CARTESIAN_POINT('',(3.15,-1.9,0.9));
#454 = LINE('',#455,#456);
#455 = CARTESIAN_POINT('',(3.,-1.9,0.9));
#456 = VECTOR('',#457,1.);
#457 = DIRECTION('',(1.,0.,0.));
#458 = ORIENTED_EDGE('',*,*,#437,.F.);
#459 = ORIENTED_EDGE('',*,*,#460,.T.);
#460 = EDGE_CURVE('',#430,#461,#463,.T.);
#461 = VERTEX_POINT('',#462);
#462 = CARTESIAN_POINT('',(3.15,-2.6,0.9));
#463 = LINE('',#464,#465);
#464 = CARTESIAN_POINT('',(3.,-2.6,0.9));
#465 = VECTOR('',#466,1.);
#466 = DIRECTION('',(1.,0.,0.));
#467 = ORIENTED_EDGE('',*,*,#468,.T.);
#468 = EDGE_CURVE('',#461,#452,#469,.T.);
#469 = LINE('',#470,#471);
#470 = CARTESIAN_POINT('',(3.15,-2.6,0.9));
#471 = VECTOR('',#472,1.);
#472 = DIRECTION('',(0.,1.,-2.22044604925E-16));
#473 = PLANE('',#474);
#474 = AXIS2_PLACEMENT_3D('',#475,#476,#477);
#475 = CARTESIAN_POINT('',(3.,-2.6,0.9));
#476 = DIRECTION('',(0.,-2.22044604925E-16,-1.));
#477 = DIRECTION('',(0.,1.,-2.22044604925E-16));
#478 = ADVANCED_FACE('',(#479),#506,.T.);
#479 = FACE_BOUND('',#480,.T.);
#480 = EDGE_LOOP('',(#481,#490,#491,#500));
#481 = ORIENTED_EDGE('',*,*,#482,.F.);
#482 = EDGE_CURVE('',#452,#483,#485,.T.);
#483 = VERTEX_POINT('',#484);
#484 = CARTESIAN_POINT('',(3.35,-1.9,0.7));
#485 = CIRCLE('',#486,0.2);
#486 = AXIS2_PLACEMENT_3D('',#487,#488,#489);
#487 = CARTESIAN_POINT('',(3.15,-1.9,0.7));
#488 = DIRECTION('',(0.,1.,-2.22044604925E-16));
#489 = DIRECTION('',(-1.,0.,0.));
#490 = ORIENTED_EDGE('',*,*,#468,.F.);
#491 = ORIENTED_EDGE('',*,*,#492,.T.);
#492 = EDGE_CURVE('',#461,#493,#495,.T.);
#493 = VERTEX_POINT('',#494);
#494 = CARTESIAN_POINT('',(3.35,-2.6,0.7));
#495 = CIRCLE('',#496,0.2);
#496 = AXIS2_PLACEMENT_3D('',#497,#498,#499);
#497 = CARTESIAN_POINT('',(3.15,-2.6,0.7));
#498 = DIRECTION('',(0.,1.,-2.22044604925E-16));
#499 = DIRECTION('',(-1.,0.,0.));
#500 = ORIENTED_EDGE('',*,*,#501,.T.);
#501 = EDGE_CURVE('',#493,#483,#502,.T.);
#502 = LINE('',#503,#504);
#503 = CARTESIAN_POINT('',(3.35,-2.6,0.7));
#504 = VECTOR('',#505,1.);
#505 = DIRECTION('',(0.,1.,-2.22044604925E-16));
#506 = CYLINDRICAL_SURFACE('',#507,0.2);
#507 = AXIS2_PLACEMENT_3D('',#508,#509,#510);
#508 = CARTESIAN_POINT('',(3.15,-2.6,0.7));
#509 = DIRECTION('',(0.,1.,-2.22044604925E-16));
#510 = DIRECTION('',(1.,0.,0.));
#511 = ADVANCED_FACE('',(#512),#537,.F.);
#512 = FACE_BOUND('',#513,.T.);
#513 = EDGE_LOOP('',(#514,#522,#523,#531));
#514 = ORIENTED_EDGE('',*,*,#515,.F.);
#515 = EDGE_CURVE('',#483,#516,#518,.T.);
#516 = VERTEX_POINT('',#517);
#517 = CARTESIAN_POINT('',(3.35,-1.9,-1.067157287525));
#518 = LINE('',#519,#520);
#519 = CARTESIAN_POINT('',(3.35,-1.9,0.7));
#520 = VECTOR('',#521,1.);
#521 = DIRECTION('',(-2.454115839352E-16,-2.22044604925E-16,-1.));
#522 = ORIENTED_EDGE('',*,*,#501,.F.);
#523 = ORIENTED_EDGE('',*,*,#524,.T.);
#524 = EDGE_CURVE('',#493,#525,#527,.T.);
#525 = VERTEX_POINT('',#526);
#526 = CARTESIAN_POINT('',(3.35,-2.6,-1.067157287525));
#527 = LINE('',#528,#529);
#528 = CARTESIAN_POINT('',(3.35,-2.6,0.7));
#529 = VECTOR('',#530,1.);
#530 = DIRECTION('',(-2.454115839352E-16,-2.22044604925E-16,-1.));
#531 = ORIENTED_EDGE('',*,*,#532,.T.);
#532 = EDGE_CURVE('',#525,#516,#533,.T.);
#533 = LINE('',#534,#535);
#534 = CARTESIAN_POINT('',(3.35,-2.6,-1.067157287525));
#535 = VECTOR('',#536,1.);
#536 = DIRECTION('',(0.,1.,-2.22044604925E-16));
#537 = PLANE('',#538);
#538 = AXIS2_PLACEMENT_3D('',#539,#540,#541);
#539 = CARTESIAN_POINT('',(3.35,-2.6,0.7));
#540 = DIRECTION('',(-1.,5.449231819891E-32,2.454115839352E-16));
#541 = DIRECTION('',(0.,-1.,2.22044604925E-16));
#542 = ADVANCED_FACE('',(#543),#559,.F.);
#543 = FACE_BOUND('',#544,.T.);
#544 = EDGE_LOOP('',(#545,#551,#552,#558));
#545 = ORIENTED_EDGE('',*,*,#546,.F.);
#546 = EDGE_CURVE('',#516,#41,#547,.T.);
#547 = LINE('',#548,#549);
#548 = CARTESIAN_POINT('',(3.35,-1.9,-1.067157287525));
#549 = VECTOR('',#550,1.);
#550 = DIRECTION('',(0.707106781187,-1.570092458684E-16,-0.707106781187)
  );
#551 = ORIENTED_EDGE('',*,*,#532,.F.);
#552 = ORIENTED_EDGE('',*,*,#553,.T.);
#553 = EDGE_CURVE('',#525,#22,#554,.T.);
#554 = LINE('',#555,#556);
#555 = CARTESIAN_POINT('',(3.35,-2.6,-1.067157287525));
#556 = VECTOR('',#557,1.);
#557 = DIRECTION('',(0.707106781187,-1.570092458684E-16,-0.707106781187)
  );
#558 = ORIENTED_EDGE('',*,*,#49,.T.);
#559 = PLANE('',#560);
#560 = AXIS2_PLACEMENT_3D('',#561,#562,#563);
#561 = CARTESIAN_POINT('',(3.35,-2.6,-1.067157287525));
#562 = DIRECTION('',(-0.707106781187,-1.570092458684E-16,-0.707106781187
    ));
#563 = DIRECTION('',(-0.707106781187,1.570092458684E-16,0.707106781187)
  );
#564 = ADVANCED_FACE('',(#565),#581,.F.);
#565 = FACE_BOUND('',#566,.T.);
#566 = EDGE_LOOP('',(#567,#573,#574,#580));
#567 = ORIENTED_EDGE('',*,*,#568,.F.);
#568 = EDGE_CURVE('',#74,#115,#569,.T.);
#569 = LINE('',#570,#571);
#570 = CARTESIAN_POINT('',(3.891421356237,-1.9,-1.891421356237));
#571 = VECTOR('',#572,1.);
#572 = DIRECTION('',(-0.707106781187,-1.570092458684E-16,-0.707106781187
    ));
#573 = ORIENTED_EDGE('',*,*,#73,.F.);
#574 = ORIENTED_EDGE('',*,*,#575,.T.);
#575 = EDGE_CURVE('',#65,#123,#576,.T.);
#576 = LINE('',#577,#578);
#577 = CARTESIAN_POINT('',(3.891421356237,-2.6,-1.891421356237));
#578 = VECTOR('',#579,1.);
#579 = DIRECTION('',(-0.707106781187,-1.570092458684E-16,-0.707106781187
    ));
#580 = ORIENTED_EDGE('',*,*,#122,.T.);
#581 = PLANE('',#582);
#582 = AXIS2_PLACEMENT_3D('',#583,#584,#585);
#583 = CARTESIAN_POINT('',(3.891421356237,-2.6,-1.891421356237));
#584 = DIRECTION('',(-0.707106781187,1.570092458684E-16,0.707106781187)
  );
#585 = DIRECTION('',(0.,-1.,2.22044604925E-16));
#586 = ADVANCED_FACE('',(#587),#611,.T.);
#587 = FACE_BOUND('',#588,.T.);
#588 = EDGE_LOOP('',(#589,#595,#596,#597,#598,#599,#600,#601,#602,#603,
    #604,#605,#606,#607,#608,#609,#610));
#589 = ORIENTED_EDGE('',*,*,#590,.T.);
#590 = EDGE_CURVE('',#184,#131,#591,.T.);
#591 = LINE('',#592,#593);
#592 = CARTESIAN_POINT('',(3.35,-2.6,-3.110288568297));
#593 = VECTOR('',#594,1.);
#594 = DIRECTION('',(1.,0.,0.));
#595 = ORIENTED_EDGE('',*,*,#130,.F.);
#596 = ORIENTED_EDGE('',*,*,#575,.F.);
#597 = ORIENTED_EDGE('',*,*,#64,.F.);
#598 = ORIENTED_EDGE('',*,*,#21,.F.);
#599 = ORIENTED_EDGE('',*,*,#553,.F.);
#600 = ORIENTED_EDGE('',*,*,#524,.F.);
#601 = ORIENTED_EDGE('',*,*,#492,.F.);
#602 = ORIENTED_EDGE('',*,*,#460,.F.);
#603 = ORIENTED_EDGE('',*,*,#429,.T.);
#604 = ORIENTED_EDGE('',*,*,#398,.T.);
#605 = ORIENTED_EDGE('',*,*,#367,.T.);
#606 = ORIENTED_EDGE('',*,*,#335,.T.);
#607 = ORIENTED_EDGE('',*,*,#303,.T.);
#608 = ORIENTED_EDGE('',*,*,#272,.T.);
#609 = ORIENTED_EDGE('',*,*,#240,.T.);
#610 = ORIENTED_EDGE('',*,*,#191,.T.);
#611 = PLANE('',#612);
#612 = AXIS2_PLACEMENT_3D('',#613,#614,#615);
#613 = CARTESIAN_POINT('',(3.35,-2.6,-2.432842712475));
#614 = DIRECTION('',(0.,-1.,2.22044604925E-16));
#615 = DIRECTION('',(1.,0.,0.));
#616 = ADVANCED_FACE('',(#617),#641,.F.);
#617 = FACE_BOUND('',#618,.T.);
#618 = EDGE_LOOP('',(#619,#620,#621,#622,#623,#624,#625,#626,#627,#628,
    #629,#630,#631,#632,#633,#634,#635));
#619 = ORIENTED_EDGE('',*,*,#207,.F.);
#620 = ORIENTED_EDGE('',*,*,#230,.F.);
#621 = ORIENTED_EDGE('',*,*,#263,.F.);
#622 = ORIENTED_EDGE('',*,*,#294,.F.);
#623 = ORIENTED_EDGE('',*,*,#325,.F.);
#624 = ORIENTED_EDGE('',*,*,#358,.F.);
#625 = ORIENTED_EDGE('',*,*,#389,.F.);
#626 = ORIENTED_EDGE('',*,*,#420,.F.);
#627 = ORIENTED_EDGE('',*,*,#451,.T.);
#628 = ORIENTED_EDGE('',*,*,#482,.T.);
#629 = ORIENTED_EDGE('',*,*,#515,.T.);
#630 = ORIENTED_EDGE('',*,*,#546,.T.);
#631 = ORIENTED_EDGE('',*,*,#40,.T.);
#632 = ORIENTED_EDGE('',*,*,#81,.T.);
#633 = ORIENTED_EDGE('',*,*,#568,.T.);
#634 = ORIENTED_EDGE('',*,*,#114,.T.);
#635 = ORIENTED_EDGE('',*,*,#636,.F.);
#636 = EDGE_CURVE('',#208,#107,#637,.T.);
#637 = LINE('',#638,#639);
#638 = CARTESIAN_POINT('',(3.35,-1.9,-3.110288568297));
#639 = VECTOR('',#640,1.);
#640 = DIRECTION('',(1.,0.,0.));
#641 = PLANE('',#642);
#642 = AXIS2_PLACEMENT_3D('',#643,#644,#645);
#643 = CARTESIAN_POINT('',(3.35,-1.9,-2.432842712475));
#644 = DIRECTION('',(0.,-1.,2.22044604925E-16));
#645 = DIRECTION('',(1.,0.,0.));
#646 = ADVANCED_FACE('',(#647),#653,.F.);
#647 = FACE_BOUND('',#648,.T.);
#648 = EDGE_LOOP('',(#649,#650,#651,#652));
#649 = ORIENTED_EDGE('',*,*,#636,.T.);
#650 = ORIENTED_EDGE('',*,*,#106,.T.);
#651 = ORIENTED_EDGE('',*,*,#168,.T.);
#652 = ORIENTED_EDGE('',*,*,#215,.F.);
#653 = PLANE('',#654);
#654 = AXIS2_PLACEMENT_3D('',#655,#656,#657);
#655 = CARTESIAN_POINT('',(3.95,-2.125,-3.5));
#656 = DIRECTION('',(0.,-0.866025403784,0.5));
#657 = DIRECTION('',(1.,0.,0.));
#658 = ADVANCED_FACE('',(#659),#665,.F.);
#659 = FACE_BOUND('',#660,.T.);
#660 = EDGE_LOOP('',(#661,#662,#663,#664));
#661 = ORIENTED_EDGE('',*,*,#152,.F.);
#662 = ORIENTED_EDGE('',*,*,#138,.T.);
#663 = ORIENTED_EDGE('',*,*,#590,.F.);
#664 = ORIENTED_EDGE('',*,*,#183,.F.);
#665 = PLANE('',#666);
#666 = AXIS2_PLACEMENT_3D('',#667,#668,#669);
#667 = CARTESIAN_POINT('',(3.95,-2.85,-2.677275866405));
#668 = DIRECTION('',(0.,0.866025403784,0.5));
#669 = DIRECTION('',(-1.,0.,0.));
#670 = MANIFOLD_SOLID_BREP('',#671);
#671 = CLOSED_SHELL('',(#672,#714,#747,#803,#834,#881,#914,#945,#976,
    #1009,#1040,#1071,#1102,#1133,#1166,#1197,#1219,#1241,#1271,#1301,
    #1313));
#672 = ADVANCED_FACE('',(#673),#709,.T.);
#673 = FACE_BOUND('',#674,.T.);
#674 = EDGE_LOOP('',(#675,#686,#694,#703));
#675 = ORIENTED_EDGE('',*,*,#676,.T.);
#676 = EDGE_CURVE('',#677,#679,#681,.T.);
#677 = VERTEX_POINT('',#678);
#678 = CARTESIAN_POINT('',(-3.891421356237,2.6,-1.608578643763));
#679 = VERTEX_POINT('',#680);
#680 = CARTESIAN_POINT('',(-3.95,2.6,-1.75));
#681 = CIRCLE('',#682,0.2);
#682 = AXIS2_PLACEMENT_3D('',#683,#684,#685);
#683 = CARTESIAN_POINT('',(-3.75,2.6,-1.75));
#684 = DIRECTION('',(0.,-1.,2.22044604925E-16));
#685 = DIRECTION('',(1.,0.,0.));
#686 = ORIENTED_EDGE('',*,*,#687,.T.);
#687 = EDGE_CURVE('',#679,#688,#690,.T.);
#688 = VERTEX_POINT('',#689);
#689 = CARTESIAN_POINT('',(-3.95,1.9,-1.75));
#690 = LINE('',#691,#692);
#691 = CARTESIAN_POINT('',(-3.95,2.6,-1.75));
#692 = VECTOR('',#693,1.);
#693 = DIRECTION('',(0.,-1.,2.22044604925E-16));
#694 = ORIENTED_EDGE('',*,*,#695,.F.);
#695 = EDGE_CURVE('',#696,#688,#698,.T.);
#696 = VERTEX_POINT('',#697);
#697 = CARTESIAN_POINT('',(-3.891421356237,1.9,-1.608578643763));
#698 = CIRCLE('',#699,0.2);
#699 = AXIS2_PLACEMENT_3D('',#700,#701,#702);
#700 = CARTESIAN_POINT('',(-3.75,1.9,-1.75));
#701 = DIRECTION('',(0.,-1.,2.22044604925E-16));
#702 = DIRECTION('',(1.,0.,0.));
#703 = ORIENTED_EDGE('',*,*,#704,.F.);
#704 = EDGE_CURVE('',#677,#696,#705,.T.);
#705 = LINE('',#706,#707);
#706 = CARTESIAN_POINT('',(-3.891421356237,2.6,-1.608578643763));
#707 = VECTOR('',#708,1.);
#708 = DIRECTION('',(0.,-1.,2.22044604925E-16));
#709 = CYLINDRICAL_SURFACE('',#710,0.2);
#710 = AXIS2_PLACEMENT_3D('',#711,#712,#713);
#711 = CARTESIAN_POINT('',(-3.75,2.6,-1.75));
#712 = DIRECTION('',(0.,-1.,2.22044604925E-16));
#713 = DIRECTION('',(-1.,0.,0.));
#714 = ADVANCED_FACE('',(#715),#742,.T.);
#715 = FACE_BOUND('',#716,.T.);
#716 = EDGE_LOOP('',(#717,#718,#727,#735));
#717 = ORIENTED_EDGE('',*,*,#687,.F.);
#718 = ORIENTED_EDGE('',*,*,#719,.T.);
#719 = EDGE_CURVE('',#679,#720,#722,.T.);
#720 = VERTEX_POINT('',#721);
#721 = CARTESIAN_POINT('',(-3.891421356237,2.6,-1.891421356237));
#722 = CIRCLE('',#723,0.2);
#723 = AXIS2_PLACEMENT_3D('',#724,#725,#726);
#724 = CARTESIAN_POINT('',(-3.75,2.6,-1.75));
#725 = DIRECTION('',(0.,-1.,2.22044604925E-16));
#726 = DIRECTION('',(1.,0.,0.));
#727 = ORIENTED_EDGE('',*,*,#728,.T.);
#728 = EDGE_CURVE('',#720,#729,#731,.T.);
#729 = VERTEX_POINT('',#730);
#730 = CARTESIAN_POINT('',(-3.891421356237,1.9,-1.891421356237));
#731 = LINE('',#732,#733);
#732 = CARTESIAN_POINT('',(-3.891421356237,2.6,-1.891421356237));
#733 = VECTOR('',#734,1.);
#734 = DIRECTION('',(0.,-1.,2.22044604925E-16));
#735 = ORIENTED_EDGE('',*,*,#736,.F.);
#736 = EDGE_CURVE('',#688,#729,#737,.T.);
#737 = CIRCLE('',#738,0.2);
#738 = AXIS2_PLACEMENT_3D('',#739,#740,#741);
#739 = CARTESIAN_POINT('',(-3.75,1.9,-1.75));
#740 = DIRECTION('',(0.,-1.,2.22044604925E-16));
#741 = DIRECTION('',(1.,0.,0.));
#742 = CYLINDRICAL_SURFACE('',#743,0.2);
#743 = AXIS2_PLACEMENT_3D('',#744,#745,#746);
#744 = CARTESIAN_POINT('',(-3.75,2.6,-1.75));
#745 = DIRECTION('',(0.,-1.,2.22044604925E-16));
#746 = DIRECTION('',(-1.,0.,0.));
#747 = ADVANCED_FACE('',(#748),#798,.F.);
#748 = FACE_BOUND('',#749,.T.);
#749 = EDGE_LOOP('',(#750,#760,#768,#776,#784,#792));
#750 = ORIENTED_EDGE('',*,*,#751,.T.);
#751 = EDGE_CURVE('',#752,#754,#756,.T.);
#752 = VERTEX_POINT('',#753);
#753 = CARTESIAN_POINT('',(-3.35,2.375,-3.5));
#754 = VERTEX_POINT('',#755);
#755 = CARTESIAN_POINT('',(-3.35,2.125,-3.5));
#756 = LINE('',#757,#758);
#757 = CARTESIAN_POINT('',(-3.35,2.6,-3.5));
#758 = VECTOR('',#759,1.);
#759 = DIRECTION('',(0.,-1.,2.22044604925E-16));
#760 = ORIENTED_EDGE('',*,*,#761,.F.);
#761 = EDGE_CURVE('',#762,#754,#764,.T.);
#762 = VERTEX_POINT('',#763);
#763 = CARTESIAN_POINT('',(-3.35,1.9,-3.110288568297));
#764 = LINE('',#765,#766);
#765 = CARTESIAN_POINT('',(-3.35,1.781657339585,-2.905313067755));
#766 = VECTOR('',#767,1.);
#767 = DIRECTION('',(-3.519431053647E-16,0.5,-0.866025403784));
#768 = ORIENTED_EDGE('',*,*,#769,.F.);
#769 = EDGE_CURVE('',#770,#762,#772,.T.);
#770 = VERTEX_POINT('',#771);
#771 = CARTESIAN_POINT('',(-3.35,1.9,-2.432842712475));
#772 = LINE('',#773,#774);
#773 = CARTESIAN_POINT('',(-3.35,1.9,-2.432842712475));
#774 = VECTOR('',#775,1.);
#775 = DIRECTION('',(-4.063888932435E-16,-2.22044604925E-16,-1.));
#776 = ORIENTED_EDGE('',*,*,#777,.F.);
#777 = EDGE_CURVE('',#778,#770,#780,.T.);
#778 = VERTEX_POINT('',#779);
#779 = CARTESIAN_POINT('',(-3.35,2.6,-2.432842712475));
#780 = LINE('',#781,#782);
#781 = CARTESIAN_POINT('',(-3.35,2.6,-2.432842712475));
#782 = VECTOR('',#783,1.);
#783 = DIRECTION('',(0.,-1.,2.22044604925E-16));
#784 = ORIENTED_EDGE('',*,*,#785,.T.);
#785 = EDGE_CURVE('',#778,#786,#788,.T.);
#786 = VERTEX_POINT('',#787);
#787 = CARTESIAN_POINT('',(-3.35,2.6,-3.110288568297));
#788 = LINE('',#789,#790);
#789 = CARTESIAN_POINT('',(-3.35,2.6,-2.432842712475));
#790 = VECTOR('',#791,1.);
#791 = DIRECTION('',(-4.063888932435E-16,-2.22044604925E-16,-1.));
#792 = ORIENTED_EDGE('',*,*,#793,.F.);
#793 = EDGE_CURVE('',#752,#786,#794,.T.);
#794 = LINE('',#795,#796);
#795 = CARTESIAN_POINT('',(-3.35,2.893342660415,-2.60220417643));
#796 = VECTOR('',#797,1.);
#797 = DIRECTION('',(3.519431053647E-16,0.5,0.866025403784));
#798 = PLANE('',#799);
#799 = AXIS2_PLACEMENT_3D('',#800,#801,#802);
#800 = CARTESIAN_POINT('',(-3.35,2.6,-2.432842712475));
#801 = DIRECTION('',(1.,-9.023646124618E-32,-4.063888932435E-16));
#802 = DIRECTION('',(0.,-1.,2.22044604925E-16));
#803 = ADVANCED_FACE('',(#804),#829,.T.);
#804 = FACE_BOUND('',#805,.T.);
#805 = EDGE_LOOP('',(#806,#814,#822,#828));
#806 = ORIENTED_EDGE('',*,*,#807,.T.);
#807 = EDGE_CURVE('',#752,#808,#810,.T.);
#808 = VERTEX_POINT('',#809);
#809 = CARTESIAN_POINT('',(-3.15,2.375,-3.5));
#810 = LINE('',#811,#812);
#811 = CARTESIAN_POINT('',(-3.95,2.375,-3.5));
#812 = VECTOR('',#813,1.);
#813 = DIRECTION('',(1.,0.,0.));
#814 = ORIENTED_EDGE('',*,*,#815,.T.);
#815 = EDGE_CURVE('',#808,#816,#818,.T.);
#816 = VERTEX_POINT('',#817);
#817 = CARTESIAN_POINT('',(-3.15,2.125,-3.5));
#818 = LINE('',#819,#820);
#819 = CARTESIAN_POINT('',(-3.15,2.6,-3.5));
#820 = VECTOR('',#821,1.);
#821 = DIRECTION('',(0.,-1.,2.22044604925E-16));
#822 = ORIENTED_EDGE('',*,*,#823,.F.);
#823 = EDGE_CURVE('',#754,#816,#824,.T.);
#824 = LINE('',#825,#826);
#825 = CARTESIAN_POINT('',(-3.95,2.125,-3.5));
#826 = VECTOR('',#827,1.);
#827 = DIRECTION('',(1.,0.,0.));
#828 = ORIENTED_EDGE('',*,*,#751,.F.);
#829 = PLANE('',#830);
#830 = AXIS2_PLACEMENT_3D('',#831,#832,#833);
#831 = CARTESIAN_POINT('',(-3.15,2.6,-3.5));
#832 = DIRECTION('',(0.,-2.22044604925E-16,-1.));
#833 = DIRECTION('',(0.,1.,-2.22044604925E-16));
#834 = ADVANCED_FACE('',(#835),#876,.T.);
#835 = FACE_BOUND('',#836,.T.);
#836 = EDGE_LOOP('',(#837,#845,#853,#861,#869,#875));
#837 = ORIENTED_EDGE('',*,*,#838,.T.);
#838 = EDGE_CURVE('',#808,#839,#841,.T.);
#839 = VERTEX_POINT('',#840);
#840 = CARTESIAN_POINT('',(-3.15,2.6,-3.110288568297));
#841 = LINE('',#842,#843);
#842 = CARTESIAN_POINT('',(-3.15,2.893342660415,-2.60220417643));
#843 = VECTOR('',#844,1.);
#844 = DIRECTION('',(3.519431053647E-16,0.5,0.866025403784));
#845 = ORIENTED_EDGE('',*,*,#846,.F.);
#846 = EDGE_CURVE('',#847,#839,#849,.T.);
#847 = VERTEX_POINT('',#848);
#848 = CARTESIAN_POINT('',(-3.15,2.6,-2.432842712475));
#849 = LINE('',#850,#851);
#850 = CARTESIAN_POINT('',(-3.15,2.6,-2.432842712475));
#851 = VECTOR('',#852,1.);
#852 = DIRECTION('',(-4.063888932435E-16,-2.22044604925E-16,-1.));
#853 = ORIENTED_EDGE('',*,*,#854,.T.);
#854 = EDGE_CURVE('',#847,#855,#857,.T.);
#855 = VERTEX_POINT('',#856);
#856 = CARTESIAN_POINT('',(-3.15,1.9,-2.432842712475));
#857 = LINE('',#858,#859);
#858 = CARTESIAN_POINT('',(-3.15,2.6,-2.432842712475));
#859 = VECTOR('',#860,1.);
#860 = DIRECTION('',(0.,-1.,2.22044604925E-16));
#861 = ORIENTED_EDGE('',*,*,#862,.T.);
#862 = EDGE_CURVE('',#855,#863,#865,.T.);
#863 = VERTEX_POINT('',#864);
#864 = CARTESIAN_POINT('',(-3.15,1.9,-3.110288568297));
#865 = LINE('',#866,#867);
#866 = CARTESIAN_POINT('',(-3.15,1.9,-2.432842712475));
#867 = VECTOR('',#868,1.);
#868 = DIRECTION('',(-4.063888932435E-16,-2.22044604925E-16,-1.));
#869 = ORIENTED_EDGE('',*,*,#870,.T.);
#870 = EDGE_CURVE('',#863,#816,#871,.T.);
#871 = LINE('',#872,#873);
#872 = CARTESIAN_POINT('',(-3.15,1.781657339585,-2.905313067755));
#873 = VECTOR('',#874,1.);
#874 = DIRECTION('',(-3.519431053647E-16,0.5,-0.866025403784));
#875 = ORIENTED_EDGE('',*,*,#815,.F.);
#876 = PLANE('',#877);
#877 = AXIS2_PLACEMENT_3D('',#878,#879,#880);
#878 = CARTESIAN_POINT('',(-3.15,2.6,-2.432842712475));
#879 = DIRECTION('',(1.,-9.023646124618E-32,-4.063888932435E-16));
#880 = DIRECTION('',(0.,-1.,2.22044604925E-16));
#881 = ADVANCED_FACE('',(#882),#909,.T.);
#882 = FACE_BOUND('',#883,.T.);
#883 = EDGE_LOOP('',(#884,#893,#894,#903));
#884 = ORIENTED_EDGE('',*,*,#885,.T.);
#885 = EDGE_CURVE('',#886,#855,#888,.T.);
#886 = VERTEX_POINT('',#887);
#887 = CARTESIAN_POINT('',(-3.208578643763,1.9,-2.291421356237));
#888 = CIRCLE('',#889,0.2);
#889 = AXIS2_PLACEMENT_3D('',#890,#891,#892);
#890 = CARTESIAN_POINT('',(-3.35,1.9,-2.432842712475));
#891 = DIRECTION('',(0.,1.,-2.22044604925E-16));
#892 = DIRECTION('',(1.,0.,0.));
#893 = ORIENTED_EDGE('',*,*,#854,.F.);
#894 = ORIENTED_EDGE('',*,*,#895,.F.);
#895 = EDGE_CURVE('',#896,#847,#898,.T.);
#896 = VERTEX_POINT('',#897);
#897 = CARTESIAN_POINT('',(-3.208578643763,2.6,-2.291421356237));
#898 = CIRCLE('',#899,0.2);
#899 = AXIS2_PLACEMENT_3D('',#900,#901,#902);
#900 = CARTESIAN_POINT('',(-3.35,2.6,-2.432842712475));
#901 = DIRECTION('',(0.,1.,-2.22044604925E-16));
#902 = DIRECTION('',(1.,0.,0.));
#903 = ORIENTED_EDGE('',*,*,#904,.T.);
#904 = EDGE_CURVE('',#896,#886,#905,.T.);
#905 = LINE('',#906,#907);
#906 = CARTESIAN_POINT('',(-3.208578643763,2.6,-2.291421356237));
#907 = VECTOR('',#908,1.);
#908 = DIRECTION('',(0.,-1.,2.22044604925E-16));
#909 = CYLINDRICAL_SURFACE('',#910,0.2);
#910 = AXIS2_PLACEMENT_3D('',#911,#912,#913);
#911 = CARTESIAN_POINT('',(-3.35,2.6,-2.432842712475));
#912 = DIRECTION('',(0.,-1.,2.22044604925E-16));
#913 = DIRECTION('',(-1.,0.,0.));
#914 = ADVANCED_FACE('',(#915),#940,.T.);
#915 = FACE_BOUND('',#916,.T.);
#916 = EDGE_LOOP('',(#917,#925,#926,#934));
#917 = ORIENTED_EDGE('',*,*,#918,.T.);
#918 = EDGE_CURVE('',#919,#886,#921,.T.);
#919 = VERTEX_POINT('',#920);
#920 = CARTESIAN_POINT('',(-3.75,1.9,-1.75));
#921 = LINE('',#922,#923);
#922 = CARTESIAN_POINT('',(-3.75,1.9,-1.75));
#923 = VECTOR('',#924,1.);
#924 = DIRECTION('',(0.707106781187,-1.570092458684E-16,-0.707106781187)
  );
#925 = ORIENTED_EDGE('',*,*,#904,.F.);
#926 = ORIENTED_EDGE('',*,*,#927,.F.);
#927 = EDGE_CURVE('',#928,#896,#930,.T.);
#928 = VERTEX_POINT('',#929);
#929 = CARTESIAN_POINT('',(-3.75,2.6,-1.75));
#930 = LINE('',#931,#932);
#931 = CARTESIAN_POINT('',(-3.75,2.6,-1.75));
#932 = VECTOR('',#933,1.);
#933 = DIRECTION('',(0.707106781187,-1.570092458684E-16,-0.707106781187)
  );
#934 = ORIENTED_EDGE('',*,*,#935,.T.);
#935 = EDGE_CURVE('',#928,#919,#936,.T.);
#936 = LINE('',#937,#938);
#937 = CARTESIAN_POINT('',(-3.75,2.6,-1.75));
#938 = VECTOR('',#939,1.);
#939 = DIRECTION('',(0.,-1.,2.22044604925E-16));
#940 = PLANE('',#941);
#941 = AXIS2_PLACEMENT_3D('',#942,#943,#944);
#942 = CARTESIAN_POINT('',(-3.75,2.6,-1.75));
#943 = DIRECTION('',(0.707106781187,1.570092458684E-16,0.707106781187));
#944 = DIRECTION('',(0.,1.,-2.22044604925E-16));
#945 = ADVANCED_FACE('',(#946),#971,.T.);
#946 = FACE_BOUND('',#947,.T.);
#947 = EDGE_LOOP('',(#948,#956,#957,#965));
#948 = ORIENTED_EDGE('',*,*,#949,.T.);
#949 = EDGE_CURVE('',#950,#919,#952,.T.);
#950 = VERTEX_POINT('',#951);
#951 = CARTESIAN_POINT('',(-3.208578643763,1.9,-1.208578643763));
#952 = LINE('',#953,#954);
#953 = CARTESIAN_POINT('',(-3.208578643763,1.9,-1.208578643763));
#954 = VECTOR('',#955,1.);
#955 = DIRECTION('',(-0.707106781187,-1.570092458684E-16,-0.707106781187
    ));
#956 = ORIENTED_EDGE('',*,*,#935,.F.);
#957 = ORIENTED_EDGE('',*,*,#958,.F.);
#958 = EDGE_CURVE('',#959,#928,#961,.T.);
#959 = VERTEX_POINT('',#960);
#960 = CARTESIAN_POINT('',(-3.208578643763,2.6,-1.208578643763));
#961 = LINE('',#962,#963);
#962 = CARTESIAN_POINT('',(-3.208578643763,2.6,-1.208578643763));
#963 = VECTOR('',#964,1.);
#964 = DIRECTION('',(-0.707106781187,-1.570092458684E-16,-0.707106781187
    ));
#965 = ORIENTED_EDGE('',*,*,#966,.T.);
#966 = EDGE_CURVE('',#959,#950,#967,.T.);
#967 = LINE('',#968,#969);
#968 = CARTESIAN_POINT('',(-3.208578643763,2.6,-1.208578643763));
#969 = VECTOR('',#970,1.);
#970 = DIRECTION('',(0.,-1.,2.22044604925E-16));
#971 = PLANE('',#972);
#972 = AXIS2_PLACEMENT_3D('',#973,#974,#975);
#973 = CARTESIAN_POINT('',(-3.208578643763,2.6,-1.208578643763));
#974 = DIRECTION('',(0.707106781187,-1.570092458684E-16,-0.707106781187)
  );
#975 = DIRECTION('',(0.,1.,-2.22044604925E-16));
#976 = ADVANCED_FACE('',(#977),#1004,.T.);
#977 = FACE_BOUND('',#978,.T.);
#978 = EDGE_LOOP('',(#979,#988,#989,#998));
#979 = ORIENTED_EDGE('',*,*,#980,.T.);
#980 = EDGE_CURVE('',#981,#950,#983,.T.);
#981 = VERTEX_POINT('',#982);
#982 = CARTESIAN_POINT('',(-3.15,1.9,-1.067157287525));
#983 = CIRCLE('',#984,0.2);
#984 = AXIS2_PLACEMENT_3D('',#985,#986,#987);
#985 = CARTESIAN_POINT('',(-3.35,1.9,-1.067157287525));
#986 = DIRECTION('',(0.,1.,-2.22044604925E-16));
#987 = DIRECTION('',(1.,0.,0.));
#988 = ORIENTED_EDGE('',*,*,#966,.F.);
#989 = ORIENTED_EDGE('',*,*,#990,.F.);
#990 = EDGE_CURVE('',#991,#959,#993,.T.);
#991 = VERTEX_POINT('',#992);
#992 = CARTESIAN_POINT('',(-3.15,2.6,-1.067157287525));
#993 = CIRCLE('',#994,0.2);
#994 = AXIS2_PLACEMENT_3D('',#995,#996,#997);
#995 = CARTESIAN_POINT('',(-3.35,2.6,-1.067157287525));
#996 = DIRECTION('',(0.,1.,-2.22044604925E-16));
#997 = DIRECTION('',(1.,0.,0.));
#998 = ORIENTED_EDGE('',*,*,#999,.T.);
#999 = EDGE_CURVE('',#991,#981,#1000,.T.);
#1000 = LINE('',#1001,#1002);
#1001 = CARTESIAN_POINT('',(-3.15,2.6,-1.067157287525));
#1002 = VECTOR('',#1003,1.);
#1003 = DIRECTION('',(0.,-1.,2.22044604925E-16));
#1004 = CYLINDRICAL_SURFACE('',#1005,0.2);
#1005 = AXIS2_PLACEMENT_3D('',#1006,#1007,#1008);
#1006 = CARTESIAN_POINT('',(-3.35,2.6,-1.067157287525));
#1007 = DIRECTION('',(0.,-1.,2.22044604925E-16));
#1008 = DIRECTION('',(-1.,0.,0.));
#1009 = ADVANCED_FACE('',(#1010),#1035,.T.);
#1010 = FACE_BOUND('',#1011,.T.);
#1011 = EDGE_LOOP('',(#1012,#1020,#1021,#1029));
#1012 = ORIENTED_EDGE('',*,*,#1013,.T.);
#1013 = EDGE_CURVE('',#1014,#981,#1016,.T.);
#1014 = VERTEX_POINT('',#1015);
#1015 = CARTESIAN_POINT('',(-3.15,1.9,0.7));
#1016 = LINE('',#1017,#1018);
#1017 = CARTESIAN_POINT('',(-3.15,1.9,0.7));
#1018 = VECTOR('',#1019,1.);
#1019 = DIRECTION('',(2.454115839352E-16,-2.22044604925E-16,-1.));
#1020 = ORIENTED_EDGE('',*,*,#999,.F.);
#1021 = ORIENTED_EDGE('',*,*,#1022,.F.);
#1022 = EDGE_CURVE('',#1023,#991,#1025,.T.);
#1023 = VERTEX_POINT('',#1024);
#1024 = CARTESIAN_POINT('',(-3.15,2.6,0.7));
#1025 = LINE('',#1026,#1027);
#1026 = CARTESIAN_POINT('',(-3.15,2.6,0.7));
#1027 = VECTOR('',#1028,1.);
#1028 = DIRECTION('',(2.454115839352E-16,-2.22044604925E-16,-1.));
#1029 = ORIENTED_EDGE('',*,*,#1030,.T.);
#1030 = EDGE_CURVE('',#1023,#1014,#1031,.T.);
#1031 = LINE('',#1032,#1033);
#1032 = CARTESIAN_POINT('',(-3.15,2.6,0.7));
#1033 = VECTOR('',#1034,1.);
#1034 = DIRECTION('',(0.,-1.,2.22044604925E-16));
#1035 = PLANE('',#1036);
#1036 = AXIS2_PLACEMENT_3D('',#1037,#1038,#1039);
#1037 = CARTESIAN_POINT('',(-3.15,2.6,0.7));
#1038 = DIRECTION('',(1.,-6.022684552957E-32,2.815341167833E-47));
#1039 = DIRECTION('',(0.,4.674561888602E-16,1.));
#1040 = ADVANCED_FACE('',(#1041),#1066,.T.);
#1041 = FACE_BOUND('',#1042,.T.);
#1042 = EDGE_LOOP('',(#1043,#1051,#1052,#1060));
#1043 = ORIENTED_EDGE('',*,*,#1044,.T.);
#1044 = EDGE_CURVE('',#1045,#1014,#1047,.T.);
#1045 = VERTEX_POINT('',#1046);
#1046 = CARTESIAN_POINT('',(-3.,1.9,0.7));
#1047 = LINE('',#1048,#1049);
#1048 = CARTESIAN_POINT('',(-3.,1.9,0.7));
#1049 = VECTOR('',#1050,1.);
#1050 = DIRECTION('',(-1.,0.,0.));
#1051 = ORIENTED_EDGE('',*,*,#1030,.F.);
#1052 = ORIENTED_EDGE('',*,*,#1053,.F.);
#1053 = EDGE_CURVE('',#1054,#1023,#1056,.T.);
#1054 = VERTEX_POINT('',#1055);
#1055 = CARTESIAN_POINT('',(-3.,2.6,0.7));
#1056 = LINE('',#1057,#1058);
#1057 = CARTESIAN_POINT('',(-3.,2.6,0.7));
#1058 = VECTOR('',#1059,1.);
#1059 = DIRECTION('',(-1.,0.,0.));
#1060 = ORIENTED_EDGE('',*,*,#1061,.T.);
#1061 = EDGE_CURVE('',#1054,#1045,#1062,.T.);
#1062 = LINE('',#1063,#1064);
#1063 = CARTESIAN_POINT('',(-3.,2.6,0.7));
#1064 = VECTOR('',#1065,1.);
#1065 = DIRECTION('',(0.,-1.,2.22044604925E-16));
#1066 = PLANE('',#1067);
#1067 = AXIS2_PLACEMENT_3D('',#1068,#1069,#1070);
#1068 = CARTESIAN_POINT('',(-3.,2.6,0.7));
#1069 = DIRECTION('',(0.,-2.22044604925E-16,-1.));
#1070 = DIRECTION('',(0.,1.,-2.22044604925E-16));
#1071 = ADVANCED_FACE('',(#1072),#1097,.T.);
#1072 = FACE_BOUND('',#1073,.T.);
#1073 = EDGE_LOOP('',(#1074,#1082,#1083,#1091));
#1074 = ORIENTED_EDGE('',*,*,#1075,.T.);
#1075 = EDGE_CURVE('',#1076,#1045,#1078,.T.);
#1076 = VERTEX_POINT('',#1077);
#1077 = CARTESIAN_POINT('',(-3.,1.9,0.9));
#1078 = LINE('',#1079,#1080);
#1079 = CARTESIAN_POINT('',(-3.,1.9,0.9));
#1080 = VECTOR('',#1081,1.);
#1081 = DIRECTION('',(0.,-2.22044604925E-16,-1.));
#1082 = ORIENTED_EDGE('',*,*,#1061,.F.);
#1083 = ORIENTED_EDGE('',*,*,#1084,.F.);
#1084 = EDGE_CURVE('',#1085,#1054,#1087,.T.);
#1085 = VERTEX_POINT('',#1086);
#1086 = CARTESIAN_POINT('',(-3.,2.6,0.9));
#1087 = LINE('',#1088,#1089);
#1088 = CARTESIAN_POINT('',(-3.,2.6,0.9));
#1089 = VECTOR('',#1090,1.);
#1090 = DIRECTION('',(0.,-2.22044604925E-16,-1.));
#1091 = ORIENTED_EDGE('',*,*,#1092,.T.);
#1092 = EDGE_CURVE('',#1085,#1076,#1093,.T.);
#1093 = LINE('',#1094,#1095);
#1094 = CARTESIAN_POINT('',(-3.,2.6,0.9));
#1095 = VECTOR('',#1096,1.);
#1096 = DIRECTION('',(0.,-1.,2.22044604925E-16));
#1097 = PLANE('',#1098);
#1098 = AXIS2_PLACEMENT_3D('',#1099,#1100,#1101);
#1099 = CARTESIAN_POINT('',(-3.,2.6,0.9));
#1100 = DIRECTION('',(1.,0.,0.));
#1101 = DIRECTION('',(0.,2.22044604925E-16,1.));
#1102 = ADVANCED_FACE('',(#1103),#1128,.F.);
#1103 = FACE_BOUND('',#1104,.T.);
#1104 = EDGE_LOOP('',(#1105,#1113,#1114,#1122));
#1105 = ORIENTED_EDGE('',*,*,#1106,.F.);
#1106 = EDGE_CURVE('',#1076,#1107,#1109,.T.);
#1107 = VERTEX_POINT('',#1108);
#1108 = CARTESIAN_POINT('',(-3.15,1.9,0.9));
#1109 = LINE('',#1110,#1111);
#1110 = CARTESIAN_POINT('',(-3.,1.9,0.9));
#1111 = VECTOR('',#1112,1.);
#1112 = DIRECTION('',(-1.,0.,0.));
#1113 = ORIENTED_EDGE('',*,*,#1092,.F.);
#1114 = ORIENTED_EDGE('',*,*,#1115,.T.);
#1115 = EDGE_CURVE('',#1085,#1116,#1118,.T.);
#1116 = VERTEX_POINT('',#1117);
#1117 = CARTESIAN_POINT('',(-3.15,2.6,0.9));
#1118 = LINE('',#1119,#1120);
#1119 = CARTESIAN_POINT('',(-3.,2.6,0.9));
#1120 = VECTOR('',#1121,1.);
#1121 = DIRECTION('',(-1.,0.,0.));
#1122 = ORIENTED_EDGE('',*,*,#1123,.T.);
#1123 = EDGE_CURVE('',#1116,#1107,#1124,.T.);
#1124 = LINE('',#1125,#1126);
#1125 = CARTESIAN_POINT('',(-3.15,2.6,0.9));
#1126 = VECTOR('',#1127,1.);
#1127 = DIRECTION('',(0.,-1.,2.22044604925E-16));
#1128 = PLANE('',#1129);
#1129 = AXIS2_PLACEMENT_3D('',#1130,#1131,#1132);
#1130 = CARTESIAN_POINT('',(-3.,2.6,0.9));
#1131 = DIRECTION('',(0.,-2.22044604925E-16,-1.));
#1132 = DIRECTION('',(0.,1.,-2.22044604925E-16));
#1133 = ADVANCED_FACE('',(#1134),#1161,.T.);
#1134 = FACE_BOUND('',#1135,.T.);
#1135 = EDGE_LOOP('',(#1136,#1145,#1146,#1155));
#1136 = ORIENTED_EDGE('',*,*,#1137,.F.);
#1137 = EDGE_CURVE('',#1107,#1138,#1140,.T.);
#1138 = VERTEX_POINT('',#1139);
#1139 = CARTESIAN_POINT('',(-3.35,1.9,0.7));
#1140 = CIRCLE('',#1141,0.2);
#1141 = AXIS2_PLACEMENT_3D('',#1142,#1143,#1144);
#1142 = CARTESIAN_POINT('',(-3.15,1.9,0.7));
#1143 = DIRECTION('',(0.,-1.,2.22044604925E-16));
#1144 = DIRECTION('',(1.,0.,0.));
#1145 = ORIENTED_EDGE('',*,*,#1123,.F.);
#1146 = ORIENTED_EDGE('',*,*,#1147,.T.);
#1147 = EDGE_CURVE('',#1116,#1148,#1150,.T.);
#1148 = VERTEX_POINT('',#1149);
#1149 = CARTESIAN_POINT('',(-3.35,2.6,0.7));
#1150 = CIRCLE('',#1151,0.2);
#1151 = AXIS2_PLACEMENT_3D('',#1152,#1153,#1154);
#1152 = CARTESIAN_POINT('',(-3.15,2.6,0.7));
#1153 = DIRECTION('',(0.,-1.,2.22044604925E-16));
#1154 = DIRECTION('',(1.,0.,0.));
#1155 = ORIENTED_EDGE('',*,*,#1156,.T.);
#1156 = EDGE_CURVE('',#1148,#1138,#1157,.T.);
#1157 = LINE('',#1158,#1159);
#1158 = CARTESIAN_POINT('',(-3.35,2.6,0.7));
#1159 = VECTOR('',#1160,1.);
#1160 = DIRECTION('',(0.,-1.,2.22044604925E-16));
#1161 = CYLINDRICAL_SURFACE('',#1162,0.2);
#1162 = AXIS2_PLACEMENT_3D('',#1163,#1164,#1165);
#1163 = CARTESIAN_POINT('',(-3.15,2.6,0.7));
#1164 = DIRECTION('',(0.,-1.,2.22044604925E-16));
#1165 = DIRECTION('',(-1.,0.,0.));
#1166 = ADVANCED_FACE('',(#1167),#1192,.F.);
#1167 = FACE_BOUND('',#1168,.T.);
#1168 = EDGE_LOOP('',(#1169,#1177,#1178,#1186));
#1169 = ORIENTED_EDGE('',*,*,#1170,.F.);
#1170 = EDGE_CURVE('',#1138,#1171,#1173,.T.);
#1171 = VERTEX_POINT('',#1172);
#1172 = CARTESIAN_POINT('',(-3.35,1.9,-1.067157287525));
#1173 = LINE('',#1174,#1175);
#1174 = CARTESIAN_POINT('',(-3.35,1.9,0.7));
#1175 = VECTOR('',#1176,1.);
#1176 = DIRECTION('',(2.454115839352E-16,-2.22044604925E-16,-1.));
#1177 = ORIENTED_EDGE('',*,*,#1156,.F.);
#1178 = ORIENTED_EDGE('',*,*,#1179,.T.);
#1179 = EDGE_CURVE('',#1148,#1180,#1182,.T.);
#1180 = VERTEX_POINT('',#1181);
#1181 = CARTESIAN_POINT('',(-3.35,2.6,-1.067157287525));
#1182 = LINE('',#1183,#1184);
#1183 = CARTESIAN_POINT('',(-3.35,2.6,0.7));
#1184 = VECTOR('',#1185,1.);
#1185 = DIRECTION('',(2.454115839352E-16,-2.22044604925E-16,-1.));
#1186 = ORIENTED_EDGE('',*,*,#1187,.T.);
#1187 = EDGE_CURVE('',#1180,#1171,#1188,.T.);
#1188 = LINE('',#1189,#1190);
#1189 = CARTESIAN_POINT('',(-3.35,2.6,-1.067157287525));
#1190 = VECTOR('',#1191,1.);
#1191 = DIRECTION('',(0.,-1.,2.22044604925E-16));
#1192 = PLANE('',#1193);
#1193 = AXIS2_PLACEMENT_3D('',#1194,#1195,#1196);
#1194 = CARTESIAN_POINT('',(-3.35,2.6,0.7));
#1195 = DIRECTION('',(1.,-6.022684552957E-32,2.815341167833E-47));
#1196 = DIRECTION('',(0.,4.674561888602E-16,1.));
#1197 = ADVANCED_FACE('',(#1198),#1214,.F.);
#1198 = FACE_BOUND('',#1199,.T.);
#1199 = EDGE_LOOP('',(#1200,#1206,#1207,#1213));
#1200 = ORIENTED_EDGE('',*,*,#1201,.F.);
#1201 = EDGE_CURVE('',#1171,#696,#1202,.T.);
#1202 = LINE('',#1203,#1204);
#1203 = CARTESIAN_POINT('',(-3.35,1.9,-1.067157287525));
#1204 = VECTOR('',#1205,1.);
#1205 = DIRECTION('',(-0.707106781187,-1.570092458684E-16,
    -0.707106781187));
#1206 = ORIENTED_EDGE('',*,*,#1187,.F.);
#1207 = ORIENTED_EDGE('',*,*,#1208,.T.);
#1208 = EDGE_CURVE('',#1180,#677,#1209,.T.);
#1209 = LINE('',#1210,#1211);
#1210 = CARTESIAN_POINT('',(-3.35,2.6,-1.067157287525));
#1211 = VECTOR('',#1212,1.);
#1212 = DIRECTION('',(-0.707106781187,-1.570092458684E-16,
    -0.707106781187));
#1213 = ORIENTED_EDGE('',*,*,#704,.T.);
#1214 = PLANE('',#1215);
#1215 = AXIS2_PLACEMENT_3D('',#1216,#1217,#1218);
#1216 = CARTESIAN_POINT('',(-3.35,2.6,-1.067157287525));
#1217 = DIRECTION('',(0.707106781187,-1.570092458684E-16,-0.707106781187
    ));
#1218 = DIRECTION('',(0.,1.,-2.22044604925E-16));
#1219 = ADVANCED_FACE('',(#1220),#1236,.F.);
#1220 = FACE_BOUND('',#1221,.T.);
#1221 = EDGE_LOOP('',(#1222,#1228,#1229,#1235));
#1222 = ORIENTED_EDGE('',*,*,#1223,.F.);
#1223 = EDGE_CURVE('',#729,#770,#1224,.T.);
#1224 = LINE('',#1225,#1226);
#1225 = CARTESIAN_POINT('',(-3.891421356237,1.9,-1.891421356237));
#1226 = VECTOR('',#1227,1.);
#1227 = DIRECTION('',(0.707106781187,-1.570092458684E-16,-0.707106781187
    ));
#1228 = ORIENTED_EDGE('',*,*,#728,.F.);
#1229 = ORIENTED_EDGE('',*,*,#1230,.T.);
#1230 = EDGE_CURVE('',#720,#778,#1231,.T.);
#1231 = LINE('',#1232,#1233);
#1232 = CARTESIAN_POINT('',(-3.891421356237,2.6,-1.891421356237));
#1233 = VECTOR('',#1234,1.);
#1234 = DIRECTION('',(0.707106781187,-1.570092458684E-16,-0.707106781187
    ));
#1235 = ORIENTED_EDGE('',*,*,#777,.T.);
#1236 = PLANE('',#1237);
#1237 = AXIS2_PLACEMENT_3D('',#1238,#1239,#1240);
#1238 = CARTESIAN_POINT('',(-3.891421356237,2.6,-1.891421356237));
#1239 = DIRECTION('',(0.707106781187,1.570092458684E-16,0.707106781187)
  );
#1240 = DIRECTION('',(0.,1.,-2.22044604925E-16));
#1241 = ADVANCED_FACE('',(#1242),#1266,.T.);
#1242 = FACE_BOUND('',#1243,.T.);
#1243 = EDGE_LOOP('',(#1244,#1250,#1251,#1252,#1253,#1254,#1255,#1256,
    #1257,#1258,#1259,#1260,#1261,#1262,#1263,#1264,#1265));
#1244 = ORIENTED_EDGE('',*,*,#1245,.T.);
#1245 = EDGE_CURVE('',#839,#786,#1246,.T.);
#1246 = LINE('',#1247,#1248);
#1247 = CARTESIAN_POINT('',(-3.35,2.6,-3.110288568297));
#1248 = VECTOR('',#1249,1.);
#1249 = DIRECTION('',(-1.,0.,0.));
#1250 = ORIENTED_EDGE('',*,*,#785,.F.);
#1251 = ORIENTED_EDGE('',*,*,#1230,.F.);
#1252 = ORIENTED_EDGE('',*,*,#719,.F.);
#1253 = ORIENTED_EDGE('',*,*,#676,.F.);
#1254 = ORIENTED_EDGE('',*,*,#1208,.F.);
#1255 = ORIENTED_EDGE('',*,*,#1179,.F.);
#1256 = ORIENTED_EDGE('',*,*,#1147,.F.);
#1257 = ORIENTED_EDGE('',*,*,#1115,.F.);
#1258 = ORIENTED_EDGE('',*,*,#1084,.T.);
#1259 = ORIENTED_EDGE('',*,*,#1053,.T.);
#1260 = ORIENTED_EDGE('',*,*,#1022,.T.);
#1261 = ORIENTED_EDGE('',*,*,#990,.T.);
#1262 = ORIENTED_EDGE('',*,*,#958,.T.);
#1263 = ORIENTED_EDGE('',*,*,#927,.T.);
#1264 = ORIENTED_EDGE('',*,*,#895,.T.);
#1265 = ORIENTED_EDGE('',*,*,#846,.T.);
#1266 = PLANE('',#1267);
#1267 = AXIS2_PLACEMENT_3D('',#1268,#1269,#1270);
#1268 = CARTESIAN_POINT('',(-3.35,2.6,-2.432842712475));
#1269 = DIRECTION('',(0.,1.,-2.22044604925E-16));
#1270 = DIRECTION('',(0.,-2.22044604925E-16,-1.));
#1271 = ADVANCED_FACE('',(#1272),#1296,.F.);
#1272 = FACE_BOUND('',#1273,.T.);
#1273 = EDGE_LOOP('',(#1274,#1275,#1276,#1277,#1278,#1279,#1280,#1281,
    #1282,#1283,#1284,#1285,#1286,#1287,#1288,#1289,#1290));
#1274 = ORIENTED_EDGE('',*,*,#862,.F.);
#1275 = ORIENTED_EDGE('',*,*,#885,.F.);
#1276 = ORIENTED_EDGE('',*,*,#918,.F.);
#1277 = ORIENTED_EDGE('',*,*,#949,.F.);
#1278 = ORIENTED_EDGE('',*,*,#980,.F.);
#1279 = ORIENTED_EDGE('',*,*,#1013,.F.);
#1280 = ORIENTED_EDGE('',*,*,#1044,.F.);
#1281 = ORIENTED_EDGE('',*,*,#1075,.F.);
#1282 = ORIENTED_EDGE('',*,*,#1106,.T.);
#1283 = ORIENTED_EDGE('',*,*,#1137,.T.);
#1284 = ORIENTED_EDGE('',*,*,#1170,.T.);
#1285 = ORIENTED_EDGE('',*,*,#1201,.T.);
#1286 = ORIENTED_EDGE('',*,*,#695,.T.);
#1287 = ORIENTED_EDGE('',*,*,#736,.T.);
#1288 = ORIENTED_EDGE('',*,*,#1223,.T.);
#1289 = ORIENTED_EDGE('',*,*,#769,.T.);
#1290 = ORIENTED_EDGE('',*,*,#1291,.F.);
#1291 = EDGE_CURVE('',#863,#762,#1292,.T.);
#1292 = LINE('',#1293,#1294);
#1293 = CARTESIAN_POINT('',(-3.35,1.9,-3.110288568297));
#1294 = VECTOR('',#1295,1.);
#1295 = DIRECTION('',(-1.,0.,0.));
#1296 = PLANE('',#1297);
#1297 = AXIS2_PLACEMENT_3D('',#1298,#1299,#1300);
#1298 = CARTESIAN_POINT('',(-3.35,1.9,-2.432842712475));
#1299 = DIRECTION('',(0.,1.,-2.22044604925E-16));
#1300 = DIRECTION('',(0.,-2.22044604925E-16,-1.));
#1301 = ADVANCED_FACE('',(#1302),#1308,.F.);
#1302 = FACE_BOUND('',#1303,.T.);
#1303 = EDGE_LOOP('',(#1304,#1305,#1306,#1307));
#1304 = ORIENTED_EDGE('',*,*,#1291,.T.);
#1305 = ORIENTED_EDGE('',*,*,#761,.T.);
#1306 = ORIENTED_EDGE('',*,*,#823,.T.);
#1307 = ORIENTED_EDGE('',*,*,#870,.F.);
#1308 = PLANE('',#1309);
#1309 = AXIS2_PLACEMENT_3D('',#1310,#1311,#1312);
#1310 = CARTESIAN_POINT('',(-3.95,2.125,-3.5));
#1311 = DIRECTION('',(0.,0.866025403784,0.5));
#1312 = DIRECTION('',(-1.,0.,0.));
#1313 = ADVANCED_FACE('',(#1314),#1320,.F.);
#1314 = FACE_BOUND('',#1315,.T.);
#1315 = EDGE_LOOP('',(#1316,#1317,#1318,#1319));
#1316 = ORIENTED_EDGE('',*,*,#807,.F.);
#1317 = ORIENTED_EDGE('',*,*,#793,.T.);
#1318 = ORIENTED_EDGE('',*,*,#1245,.F.);
#1319 = ORIENTED_EDGE('',*,*,#838,.F.);
#1320 = PLANE('',#1321);
#1321 = AXIS2_PLACEMENT_3D('',#1322,#1323,#1324);
#1322 = CARTESIAN_POINT('',(-3.95,2.85,-2.677275866405));
#1323 = DIRECTION('',(0.,-0.866025403784,0.5));
#1324 = DIRECTION('',(1.,0.,0.));
#1325 = MANIFOLD_SOLID_BREP('',#1326);
#1326 = CLOSED_SHELL('',(#1327,#1369,#1402,#1458,#1489,#1536,#1569,#1600
    ,#1631,#1664,#1695,#1726,#1757,#1788,#1821,#1852,#1874,#1896,#1926,
    #1956,#1968));
#1327 = ADVANCED_FACE('',(#1328),#1364,.T.);
#1328 = FACE_BOUND('',#1329,.T.);
#1329 = EDGE_LOOP('',(#1330,#1341,#1349,#1358));
#1330 = ORIENTED_EDGE('',*,*,#1331,.F.);
#1331 = EDGE_CURVE('',#1332,#1334,#1336,.T.);
#1332 = VERTEX_POINT('',#1333);
#1333 = CARTESIAN_POINT('',(3.95,2.6,-1.75));
#1334 = VERTEX_POINT('',#1335);
#1335 = CARTESIAN_POINT('',(3.891421356237,2.6,-1.891421356237));
#1336 = CIRCLE('',#1337,0.2);
#1337 = AXIS2_PLACEMENT_3D('',#1338,#1339,#1340);
#1338 = CARTESIAN_POINT('',(3.75,2.6,-1.75));
#1339 = DIRECTION('',(0.,1.,-2.22044604925E-16));
#1340 = DIRECTION('',(-1.,0.,0.));
#1341 = ORIENTED_EDGE('',*,*,#1342,.T.);
#1342 = EDGE_CURVE('',#1332,#1343,#1345,.T.);
#1343 = VERTEX_POINT('',#1344);
#1344 = CARTESIAN_POINT('',(3.95,1.9,-1.75));
#1345 = LINE('',#1346,#1347);
#1346 = CARTESIAN_POINT('',(3.95,2.6,-1.75));
#1347 = VECTOR('',#1348,1.);
#1348 = DIRECTION('',(0.,-1.,2.22044604925E-16));
#1349 = ORIENTED_EDGE('',*,*,#1350,.T.);
#1350 = EDGE_CURVE('',#1343,#1351,#1353,.T.);
#1351 = VERTEX_POINT('',#1352);
#1352 = CARTESIAN_POINT('',(3.891421356237,1.9,-1.891421356237));
#1353 = CIRCLE('',#1354,0.2);
#1354 = AXIS2_PLACEMENT_3D('',#1355,#1356,#1357);
#1355 = CARTESIAN_POINT('',(3.75,1.9,-1.75));
#1356 = DIRECTION('',(0.,1.,-2.22044604925E-16));
#1357 = DIRECTION('',(-1.,0.,0.));
#1358 = ORIENTED_EDGE('',*,*,#1359,.F.);
#1359 = EDGE_CURVE('',#1334,#1351,#1360,.T.);
#1360 = LINE('',#1361,#1362);
#1361 = CARTESIAN_POINT('',(3.891421356237,2.6,-1.891421356237));
#1362 = VECTOR('',#1363,1.);
#1363 = DIRECTION('',(0.,-1.,2.22044604925E-16));
#1364 = CYLINDRICAL_SURFACE('',#1365,0.2);
#1365 = AXIS2_PLACEMENT_3D('',#1366,#1367,#1368);
#1366 = CARTESIAN_POINT('',(3.75,2.6,-1.75));
#1367 = DIRECTION('',(0.,-1.,2.22044604925E-16));
#1368 = DIRECTION('',(1.,0.,0.));
#1369 = ADVANCED_FACE('',(#1370),#1397,.T.);
#1370 = FACE_BOUND('',#1371,.T.);
#1371 = EDGE_LOOP('',(#1372,#1373,#1382,#1390));
#1372 = ORIENTED_EDGE('',*,*,#1342,.F.);
#1373 = ORIENTED_EDGE('',*,*,#1374,.F.);
#1374 = EDGE_CURVE('',#1375,#1332,#1377,.T.);
#1375 = VERTEX_POINT('',#1376);
#1376 = CARTESIAN_POINT('',(3.891421356237,2.6,-1.608578643763));
#1377 = CIRCLE('',#1378,0.2);
#1378 = AXIS2_PLACEMENT_3D('',#1379,#1380,#1381);
#1379 = CARTESIAN_POINT('',(3.75,2.6,-1.75));
#1380 = DIRECTION('',(0.,1.,-2.22044604925E-16));
#1381 = DIRECTION('',(-1.,0.,0.));
#1382 = ORIENTED_EDGE('',*,*,#1383,.T.);
#1383 = EDGE_CURVE('',#1375,#1384,#1386,.T.);
#1384 = VERTEX_POINT('',#1385);
#1385 = CARTESIAN_POINT('',(3.891421356237,1.9,-1.608578643763));
#1386 = LINE('',#1387,#1388);
#1387 = CARTESIAN_POINT('',(3.891421356237,2.6,-1.608578643763));
#1388 = VECTOR('',#1389,1.);
#1389 = DIRECTION('',(0.,-1.,2.22044604925E-16));
#1390 = ORIENTED_EDGE('',*,*,#1391,.T.);
#1391 = EDGE_CURVE('',#1384,#1343,#1392,.T.);
#1392 = CIRCLE('',#1393,0.2);
#1393 = AXIS2_PLACEMENT_3D('',#1394,#1395,#1396);
#1394 = CARTESIAN_POINT('',(3.75,1.9,-1.75));
#1395 = DIRECTION('',(0.,1.,-2.22044604925E-16));
#1396 = DIRECTION('',(-1.,0.,0.));
#1397 = CYLINDRICAL_SURFACE('',#1398,0.2);
#1398 = AXIS2_PLACEMENT_3D('',#1399,#1400,#1401);
#1399 = CARTESIAN_POINT('',(3.75,2.6,-1.75));
#1400 = DIRECTION('',(0.,-1.,2.22044604925E-16));
#1401 = DIRECTION('',(1.,0.,0.));
#1402 = ADVANCED_FACE('',(#1403),#1453,.F.);
#1403 = FACE_BOUND('',#1404,.T.);
#1404 = EDGE_LOOP('',(#1405,#1415,#1423,#1431,#1439,#1447));
#1405 = ORIENTED_EDGE('',*,*,#1406,.F.);
#1406 = EDGE_CURVE('',#1407,#1409,#1411,.T.);
#1407 = VERTEX_POINT('',#1408);
#1408 = CARTESIAN_POINT('',(3.35,2.375,-3.5));
#1409 = VERTEX_POINT('',#1410);
#1410 = CARTESIAN_POINT('',(3.35,2.125,-3.5));
#1411 = LINE('',#1412,#1413);
#1412 = CARTESIAN_POINT('',(3.35,2.6,-3.5));
#1413 = VECTOR('',#1414,1.);
#1414 = DIRECTION('',(0.,-1.,2.22044604925E-16));
#1415 = ORIENTED_EDGE('',*,*,#1416,.T.);
#1416 = EDGE_CURVE('',#1407,#1417,#1419,.T.);
#1417 = VERTEX_POINT('',#1418);
#1418 = CARTESIAN_POINT('',(3.35,2.6,-3.110288568297));
#1419 = LINE('',#1420,#1421);
#1420 = CARTESIAN_POINT('',(3.35,2.893342660415,-2.60220417643));
#1421 = VECTOR('',#1422,1.);
#1422 = DIRECTION('',(-3.519431053647E-16,0.5,0.866025403784));
#1423 = ORIENTED_EDGE('',*,*,#1424,.F.);
#1424 = EDGE_CURVE('',#1425,#1417,#1427,.T.);
#1425 = VERTEX_POINT('',#1426);
#1426 = CARTESIAN_POINT('',(3.35,2.6,-2.432842712475));
#1427 = LINE('',#1428,#1429);
#1428 = CARTESIAN_POINT('',(3.35,2.6,-2.432842712475));
#1429 = VECTOR('',#1430,1.);
#1430 = DIRECTION('',(4.063888932435E-16,-2.22044604925E-16,-1.));
#1431 = ORIENTED_EDGE('',*,*,#1432,.T.);
#1432 = EDGE_CURVE('',#1425,#1433,#1435,.T.);
#1433 = VERTEX_POINT('',#1434);
#1434 = CARTESIAN_POINT('',(3.35,1.9,-2.432842712475));
#1435 = LINE('',#1436,#1437);
#1436 = CARTESIAN_POINT('',(3.35,2.6,-2.432842712475));
#1437 = VECTOR('',#1438,1.);
#1438 = DIRECTION('',(0.,-1.,2.22044604925E-16));
#1439 = ORIENTED_EDGE('',*,*,#1440,.T.);
#1440 = EDGE_CURVE('',#1433,#1441,#1443,.T.);
#1441 = VERTEX_POINT('',#1442);
#1442 = CARTESIAN_POINT('',(3.35,1.9,-3.110288568297));
#1443 = LINE('',#1444,#1445);
#1444 = CARTESIAN_POINT('',(3.35,1.9,-2.432842712475));
#1445 = VECTOR('',#1446,1.);
#1446 = DIRECTION('',(4.063888932435E-16,-2.22044604925E-16,-1.));
#1447 = ORIENTED_EDGE('',*,*,#1448,.T.);
#1448 = EDGE_CURVE('',#1441,#1409,#1449,.T.);
#1449 = LINE('',#1450,#1451);
#1450 = CARTESIAN_POINT('',(3.35,1.781657339585,-2.905313067755));
#1451 = VECTOR('',#1452,1.);
#1452 = DIRECTION('',(3.519431053647E-16,0.5,-0.866025403784));
#1453 = PLANE('',#1454);
#1454 = AXIS2_PLACEMENT_3D('',#1455,#1456,#1457);
#1455 = CARTESIAN_POINT('',(3.35,2.6,-2.432842712475));
#1456 = DIRECTION('',(-1.,-9.023646124618E-32,-4.063888932435E-16));
#1457 = DIRECTION('',(-4.063888932435E-16,2.22044604925E-16,1.));
#1458 = ADVANCED_FACE('',(#1459),#1484,.T.);
#1459 = FACE_BOUND('',#1460,.T.);
#1460 = EDGE_LOOP('',(#1461,#1469,#1470,#1478));
#1461 = ORIENTED_EDGE('',*,*,#1462,.F.);
#1462 = EDGE_CURVE('',#1407,#1463,#1465,.T.);
#1463 = VERTEX_POINT('',#1464);
#1464 = CARTESIAN_POINT('',(3.15,2.375,-3.5));
#1465 = LINE('',#1466,#1467);
#1466 = CARTESIAN_POINT('',(3.95,2.375,-3.5));
#1467 = VECTOR('',#1468,1.);
#1468 = DIRECTION('',(-1.,0.,0.));
#1469 = ORIENTED_EDGE('',*,*,#1406,.T.);
#1470 = ORIENTED_EDGE('',*,*,#1471,.T.);
#1471 = EDGE_CURVE('',#1409,#1472,#1474,.T.);
#1472 = VERTEX_POINT('',#1473);
#1473 = CARTESIAN_POINT('',(3.15,2.125,-3.5));
#1474 = LINE('',#1475,#1476);
#1475 = CARTESIAN_POINT('',(3.95,2.125,-3.5));
#1476 = VECTOR('',#1477,1.);
#1477 = DIRECTION('',(-1.,0.,0.));
#1478 = ORIENTED_EDGE('',*,*,#1479,.F.);
#1479 = EDGE_CURVE('',#1463,#1472,#1480,.T.);
#1480 = LINE('',#1481,#1482);
#1481 = CARTESIAN_POINT('',(3.15,2.6,-3.5));
#1482 = VECTOR('',#1483,1.);
#1483 = DIRECTION('',(0.,-1.,2.22044604925E-16));
#1484 = PLANE('',#1485);
#1485 = AXIS2_PLACEMENT_3D('',#1486,#1487,#1488);
#1486 = CARTESIAN_POINT('',(3.15,2.6,-3.5));
#1487 = DIRECTION('',(0.,-2.22044604925E-16,-1.));
#1488 = DIRECTION('',(0.,1.,-2.22044604925E-16));
#1489 = ADVANCED_FACE('',(#1490),#1531,.T.);
#1490 = FACE_BOUND('',#1491,.T.);
#1491 = EDGE_LOOP('',(#1492,#1500,#1501,#1509,#1517,#1525));
#1492 = ORIENTED_EDGE('',*,*,#1493,.F.);
#1493 = EDGE_CURVE('',#1463,#1494,#1496,.T.);
#1494 = VERTEX_POINT('',#1495);
#1495 = CARTESIAN_POINT('',(3.15,2.6,-3.110288568297));
#1496 = LINE('',#1497,#1498);
#1497 = CARTESIAN_POINT('',(3.15,2.893342660415,-2.60220417643));
#1498 = VECTOR('',#1499,1.);
#1499 = DIRECTION('',(-3.519431053647E-16,0.5,0.866025403784));
#1500 = ORIENTED_EDGE('',*,*,#1479,.T.);
#1501 = ORIENTED_EDGE('',*,*,#1502,.F.);
#1502 = EDGE_CURVE('',#1503,#1472,#1505,.T.);
#1503 = VERTEX_POINT('',#1504);
#1504 = CARTESIAN_POINT('',(3.15,1.9,-3.110288568297));
#1505 = LINE('',#1506,#1507);
#1506 = CARTESIAN_POINT('',(3.15,1.781657339585,-2.905313067755));
#1507 = VECTOR('',#1508,1.);
#1508 = DIRECTION('',(3.519431053647E-16,0.5,-0.866025403784));
#1509 = ORIENTED_EDGE('',*,*,#1510,.F.);
#1510 = EDGE_CURVE('',#1511,#1503,#1513,.T.);
#1511 = VERTEX_POINT('',#1512);
#1512 = CARTESIAN_POINT('',(3.15,1.9,-2.432842712475));
#1513 = LINE('',#1514,#1515);
#1514 = CARTESIAN_POINT('',(3.15,1.9,-2.432842712475));
#1515 = VECTOR('',#1516,1.);
#1516 = DIRECTION('',(4.063888932435E-16,-2.22044604925E-16,-1.));
#1517 = ORIENTED_EDGE('',*,*,#1518,.F.);
#1518 = EDGE_CURVE('',#1519,#1511,#1521,.T.);
#1519 = VERTEX_POINT('',#1520);
#1520 = CARTESIAN_POINT('',(3.15,2.6,-2.432842712475));
#1521 = LINE('',#1522,#1523);
#1522 = CARTESIAN_POINT('',(3.15,2.6,-2.432842712475));
#1523 = VECTOR('',#1524,1.);
#1524 = DIRECTION('',(0.,-1.,2.22044604925E-16));
#1525 = ORIENTED_EDGE('',*,*,#1526,.T.);
#1526 = EDGE_CURVE('',#1519,#1494,#1527,.T.);
#1527 = LINE('',#1528,#1529);
#1528 = CARTESIAN_POINT('',(3.15,2.6,-2.432842712475));
#1529 = VECTOR('',#1530,1.);
#1530 = DIRECTION('',(4.063888932435E-16,-2.22044604925E-16,-1.));
#1531 = PLANE('',#1532);
#1532 = AXIS2_PLACEMENT_3D('',#1533,#1534,#1535);
#1533 = CARTESIAN_POINT('',(3.15,2.6,-2.432842712475));
#1534 = DIRECTION('',(-1.,-9.023646124618E-32,-4.063888932435E-16));
#1535 = DIRECTION('',(-4.063888932435E-16,2.22044604925E-16,1.));
#1536 = ADVANCED_FACE('',(#1537),#1564,.T.);
#1537 = FACE_BOUND('',#1538,.T.);
#1538 = EDGE_LOOP('',(#1539,#1548,#1556,#1563));
#1539 = ORIENTED_EDGE('',*,*,#1540,.F.);
#1540 = EDGE_CURVE('',#1541,#1511,#1543,.T.);
#1541 = VERTEX_POINT('',#1542);
#1542 = CARTESIAN_POINT('',(3.208578643763,1.9,-2.291421356237));
#1543 = CIRCLE('',#1544,0.2);
#1544 = AXIS2_PLACEMENT_3D('',#1545,#1546,#1547);
#1545 = CARTESIAN_POINT('',(3.35,1.9,-2.432842712475));
#1546 = DIRECTION('',(0.,-1.,2.22044604925E-16));
#1547 = DIRECTION('',(-1.,0.,0.));
#1548 = ORIENTED_EDGE('',*,*,#1549,.F.);
#1549 = EDGE_CURVE('',#1550,#1541,#1552,.T.);
#1550 = VERTEX_POINT('',#1551);
#1551 = CARTESIAN_POINT('',(3.208578643763,2.6,-2.291421356237));
#1552 = LINE('',#1553,#1554);
#1553 = CARTESIAN_POINT('',(3.208578643763,2.6,-2.291421356237));
#1554 = VECTOR('',#1555,1.);
#1555 = DIRECTION('',(0.,-1.,2.22044604925E-16));
#1556 = ORIENTED_EDGE('',*,*,#1557,.T.);
#1557 = EDGE_CURVE('',#1550,#1519,#1558,.T.);
#1558 = CIRCLE('',#1559,0.2);
#1559 = AXIS2_PLACEMENT_3D('',#1560,#1561,#1562);
#1560 = CARTESIAN_POINT('',(3.35,2.6,-2.432842712475));
#1561 = DIRECTION('',(0.,-1.,2.22044604925E-16));
#1562 = DIRECTION('',(-1.,0.,0.));
#1563 = ORIENTED_EDGE('',*,*,#1518,.T.);
#1564 = CYLINDRICAL_SURFACE('',#1565,0.2);
#1565 = AXIS2_PLACEMENT_3D('',#1566,#1567,#1568);
#1566 = CARTESIAN_POINT('',(3.35,2.6,-2.432842712475));
#1567 = DIRECTION('',(0.,-1.,2.22044604925E-16));
#1568 = DIRECTION('',(1.,0.,0.));
#1569 = ADVANCED_FACE('',(#1570),#1595,.T.);
#1570 = FACE_BOUND('',#1571,.T.);
#1571 = EDGE_LOOP('',(#1572,#1580,#1588,#1594));
#1572 = ORIENTED_EDGE('',*,*,#1573,.F.);
#1573 = EDGE_CURVE('',#1574,#1541,#1576,.T.);
#1574 = VERTEX_POINT('',#1575);
#1575 = CARTESIAN_POINT('',(3.75,1.9,-1.75));
#1576 = LINE('',#1577,#1578);
#1577 = CARTESIAN_POINT('',(3.75,1.9,-1.75));
#1578 = VECTOR('',#1579,1.);
#1579 = DIRECTION('',(-0.707106781187,-1.570092458684E-16,
    -0.707106781187));
#1580 = ORIENTED_EDGE('',*,*,#1581,.F.);
#1581 = EDGE_CURVE('',#1582,#1574,#1584,.T.);
#1582 = VERTEX_POINT('',#1583);
#1583 = CARTESIAN_POINT('',(3.75,2.6,-1.75));
#1584 = LINE('',#1585,#1586);
#1585 = CARTESIAN_POINT('',(3.75,2.6,-1.75));
#1586 = VECTOR('',#1587,1.);
#1587 = DIRECTION('',(0.,-1.,2.22044604925E-16));
#1588 = ORIENTED_EDGE('',*,*,#1589,.T.);
#1589 = EDGE_CURVE('',#1582,#1550,#1590,.T.);
#1590 = LINE('',#1591,#1592);
#1591 = CARTESIAN_POINT('',(3.75,2.6,-1.75));
#1592 = VECTOR('',#1593,1.);
#1593 = DIRECTION('',(-0.707106781187,-1.570092458684E-16,
    -0.707106781187));
#1594 = ORIENTED_EDGE('',*,*,#1549,.T.);
#1595 = PLANE('',#1596);
#1596 = AXIS2_PLACEMENT_3D('',#1597,#1598,#1599);
#1597 = CARTESIAN_POINT('',(3.75,2.6,-1.75));
#1598 = DIRECTION('',(-0.707106781187,1.570092458684E-16,0.707106781187)
  );
#1599 = DIRECTION('',(0.,-1.,2.22044604925E-16));
#1600 = ADVANCED_FACE('',(#1601),#1626,.T.);
#1601 = FACE_BOUND('',#1602,.T.);
#1602 = EDGE_LOOP('',(#1603,#1611,#1619,#1625));
#1603 = ORIENTED_EDGE('',*,*,#1604,.F.);
#1604 = EDGE_CURVE('',#1605,#1574,#1607,.T.);
#1605 = VERTEX_POINT('',#1606);
#1606 = CARTESIAN_POINT('',(3.208578643763,1.9,-1.208578643763));
#1607 = LINE('',#1608,#1609);
#1608 = CARTESIAN_POINT('',(3.208578643763,1.9,-1.208578643763));
#1609 = VECTOR('',#1610,1.);
#1610 = DIRECTION('',(0.707106781187,-1.570092458684E-16,-0.707106781187
    ));
#1611 = ORIENTED_EDGE('',*,*,#1612,.F.);
#1612 = EDGE_CURVE('',#1613,#1605,#1615,.T.);
#1613 = VERTEX_POINT('',#1614);
#1614 = CARTESIAN_POINT('',(3.208578643763,2.6,-1.208578643763));
#1615 = LINE('',#1616,#1617);
#1616 = CARTESIAN_POINT('',(3.208578643763,2.6,-1.208578643763));
#1617 = VECTOR('',#1618,1.);
#1618 = DIRECTION('',(0.,-1.,2.22044604925E-16));
#1619 = ORIENTED_EDGE('',*,*,#1620,.T.);
#1620 = EDGE_CURVE('',#1613,#1582,#1621,.T.);
#1621 = LINE('',#1622,#1623);
#1622 = CARTESIAN_POINT('',(3.208578643763,2.6,-1.208578643763));
#1623 = VECTOR('',#1624,1.);
#1624 = DIRECTION('',(0.707106781187,-1.570092458684E-16,-0.707106781187
    ));
#1625 = ORIENTED_EDGE('',*,*,#1581,.T.);
#1626 = PLANE('',#1627);
#1627 = AXIS2_PLACEMENT_3D('',#1628,#1629,#1630);
#1628 = CARTESIAN_POINT('',(3.208578643763,2.6,-1.208578643763));
#1629 = DIRECTION('',(-0.707106781187,-1.570092458684E-16,
    -0.707106781187));
#1630 = DIRECTION('',(-0.707106781187,1.570092458684E-16,0.707106781187)
  );
#1631 = ADVANCED_FACE('',(#1632),#1659,.T.);
#1632 = FACE_BOUND('',#1633,.T.);
#1633 = EDGE_LOOP('',(#1634,#1643,#1651,#1658));
#1634 = ORIENTED_EDGE('',*,*,#1635,.F.);
#1635 = EDGE_CURVE('',#1636,#1605,#1638,.T.);
#1636 = VERTEX_POINT('',#1637);
#1637 = CARTESIAN_POINT('',(3.15,1.9,-1.067157287525));
#1638 = CIRCLE('',#1639,0.2);
#1639 = AXIS2_PLACEMENT_3D('',#1640,#1641,#1642);
#1640 = CARTESIAN_POINT('',(3.35,1.9,-1.067157287525));
#1641 = DIRECTION('',(0.,-1.,2.22044604925E-16));
#1642 = DIRECTION('',(-1.,0.,0.));
#1643 = ORIENTED_EDGE('',*,*,#1644,.F.);
#1644 = EDGE_CURVE('',#1645,#1636,#1647,.T.);
#1645 = VERTEX_POINT('',#1646);
#1646 = CARTESIAN_POINT('',(3.15,2.6,-1.067157287525));
#1647 = LINE('',#1648,#1649);
#1648 = CARTESIAN_POINT('',(3.15,2.6,-1.067157287525));
#1649 = VECTOR('',#1650,1.);
#1650 = DIRECTION('',(0.,-1.,2.22044604925E-16));
#1651 = ORIENTED_EDGE('',*,*,#1652,.T.);
#1652 = EDGE_CURVE('',#1645,#1613,#1653,.T.);
#1653 = CIRCLE('',#1654,0.2);
#1654 = AXIS2_PLACEMENT_3D('',#1655,#1656,#1657);
#1655 = CARTESIAN_POINT('',(3.35,2.6,-1.067157287525));
#1656 = DIRECTION('',(0.,-1.,2.22044604925E-16));
#1657 = DIRECTION('',(-1.,0.,0.));
#1658 = ORIENTED_EDGE('',*,*,#1612,.T.);
#1659 = CYLINDRICAL_SURFACE('',#1660,0.2);
#1660 = AXIS2_PLACEMENT_3D('',#1661,#1662,#1663);
#1661 = CARTESIAN_POINT('',(3.35,2.6,-1.067157287525));
#1662 = DIRECTION('',(0.,-1.,2.22044604925E-16));
#1663 = DIRECTION('',(1.,0.,0.));
#1664 = ADVANCED_FACE('',(#1665),#1690,.T.);
#1665 = FACE_BOUND('',#1666,.T.);
#1666 = EDGE_LOOP('',(#1667,#1675,#1683,#1689));
#1667 = ORIENTED_EDGE('',*,*,#1668,.F.);
#1668 = EDGE_CURVE('',#1669,#1636,#1671,.T.);
#1669 = VERTEX_POINT('',#1670);
#1670 = CARTESIAN_POINT('',(3.15,1.9,0.7));
#1671 = LINE('',#1672,#1673);
#1672 = CARTESIAN_POINT('',(3.15,1.9,0.7));
#1673 = VECTOR('',#1674,1.);
#1674 = DIRECTION('',(-2.454115839352E-16,-2.22044604925E-16,-1.));
#1675 = ORIENTED_EDGE('',*,*,#1676,.F.);
#1676 = EDGE_CURVE('',#1677,#1669,#1679,.T.);
#1677 = VERTEX_POINT('',#1678);
#1678 = CARTESIAN_POINT('',(3.15,2.6,0.7));
#1679 = LINE('',#1680,#1681);
#1680 = CARTESIAN_POINT('',(3.15,2.6,0.7));
#1681 = VECTOR('',#1682,1.);
#1682 = DIRECTION('',(0.,-1.,2.22044604925E-16));
#1683 = ORIENTED_EDGE('',*,*,#1684,.T.);
#1684 = EDGE_CURVE('',#1677,#1645,#1685,.T.);
#1685 = LINE('',#1686,#1687);
#1686 = CARTESIAN_POINT('',(3.15,2.6,0.7));
#1687 = VECTOR('',#1688,1.);
#1688 = DIRECTION('',(-2.454115839352E-16,-2.22044604925E-16,-1.));
#1689 = ORIENTED_EDGE('',*,*,#1644,.T.);
#1690 = PLANE('',#1691);
#1691 = AXIS2_PLACEMENT_3D('',#1692,#1693,#1694);
#1692 = CARTESIAN_POINT('',(3.15,2.6,0.7));
#1693 = DIRECTION('',(-1.,5.449231819891E-32,2.454115839352E-16));
#1694 = DIRECTION('',(0.,-1.,2.22044604925E-16));
#1695 = ADVANCED_FACE('',(#1696),#1721,.T.);
#1696 = FACE_BOUND('',#1697,.T.);
#1697 = EDGE_LOOP('',(#1698,#1706,#1714,#1720));
#1698 = ORIENTED_EDGE('',*,*,#1699,.F.);
#1699 = EDGE_CURVE('',#1700,#1669,#1702,.T.);
#1700 = VERTEX_POINT('',#1701);
#1701 = CARTESIAN_POINT('',(3.,1.9,0.7));
#1702 = LINE('',#1703,#1704);
#1703 = CARTESIAN_POINT('',(3.,1.9,0.7));
#1704 = VECTOR('',#1705,1.);
#1705 = DIRECTION('',(1.,0.,0.));
#1706 = ORIENTED_EDGE('',*,*,#1707,.F.);
#1707 = EDGE_CURVE('',#1708,#1700,#1710,.T.);
#1708 = VERTEX_POINT('',#1709);
#1709 = CARTESIAN_POINT('',(3.,2.6,0.7));
#1710 = LINE('',#1711,#1712);
#1711 = CARTESIAN_POINT('',(3.,2.6,0.7));
#1712 = VECTOR('',#1713,1.);
#1713 = DIRECTION('',(0.,-1.,2.22044604925E-16));
#1714 = ORIENTED_EDGE('',*,*,#1715,.T.);
#1715 = EDGE_CURVE('',#1708,#1677,#1716,.T.);
#1716 = LINE('',#1717,#1718);
#1717 = CARTESIAN_POINT('',(3.,2.6,0.7));
#1718 = VECTOR('',#1719,1.);
#1719 = DIRECTION('',(1.,0.,0.));
#1720 = ORIENTED_EDGE('',*,*,#1676,.T.);
#1721 = PLANE('',#1722);
#1722 = AXIS2_PLACEMENT_3D('',#1723,#1724,#1725);
#1723 = CARTESIAN_POINT('',(3.,2.6,0.7));
#1724 = DIRECTION('',(0.,-2.22044604925E-16,-1.));
#1725 = DIRECTION('',(0.,1.,-2.22044604925E-16));
#1726 = ADVANCED_FACE('',(#1727),#1752,.T.);
#1727 = FACE_BOUND('',#1728,.T.);
#1728 = EDGE_LOOP('',(#1729,#1737,#1745,#1751));
#1729 = ORIENTED_EDGE('',*,*,#1730,.F.);
#1730 = EDGE_CURVE('',#1731,#1700,#1733,.T.);
#1731 = VERTEX_POINT('',#1732);
#1732 = CARTESIAN_POINT('',(3.,1.9,0.9));
#1733 = LINE('',#1734,#1735);
#1734 = CARTESIAN_POINT('',(3.,1.9,0.9));
#1735 = VECTOR('',#1736,1.);
#1736 = DIRECTION('',(0.,-2.22044604925E-16,-1.));
#1737 = ORIENTED_EDGE('',*,*,#1738,.F.);
#1738 = EDGE_CURVE('',#1739,#1731,#1741,.T.);
#1739 = VERTEX_POINT('',#1740);
#1740 = CARTESIAN_POINT('',(3.,2.6,0.9));
#1741 = LINE('',#1742,#1743);
#1742 = CARTESIAN_POINT('',(3.,2.6,0.9));
#1743 = VECTOR('',#1744,1.);
#1744 = DIRECTION('',(0.,-1.,2.22044604925E-16));
#1745 = ORIENTED_EDGE('',*,*,#1746,.T.);
#1746 = EDGE_CURVE('',#1739,#1708,#1747,.T.);
#1747 = LINE('',#1748,#1749);
#1748 = CARTESIAN_POINT('',(3.,2.6,0.9));
#1749 = VECTOR('',#1750,1.);
#1750 = DIRECTION('',(0.,-2.22044604925E-16,-1.));
#1751 = ORIENTED_EDGE('',*,*,#1707,.T.);
#1752 = PLANE('',#1753);
#1753 = AXIS2_PLACEMENT_3D('',#1754,#1755,#1756);
#1754 = CARTESIAN_POINT('',(3.,2.6,0.9));
#1755 = DIRECTION('',(-1.,0.,0.));
#1756 = DIRECTION('',(0.,-1.,2.22044604925E-16));
#1757 = ADVANCED_FACE('',(#1758),#1783,.F.);
#1758 = FACE_BOUND('',#1759,.T.);
#1759 = EDGE_LOOP('',(#1760,#1768,#1776,#1782));
#1760 = ORIENTED_EDGE('',*,*,#1761,.T.);
#1761 = EDGE_CURVE('',#1731,#1762,#1764,.T.);
#1762 = VERTEX_POINT('',#1763);
#1763 = CARTESIAN_POINT('',(3.15,1.9,0.9));
#1764 = LINE('',#1765,#1766);
#1765 = CARTESIAN_POINT('',(3.,1.9,0.9));
#1766 = VECTOR('',#1767,1.);
#1767 = DIRECTION('',(1.,0.,0.));
#1768 = ORIENTED_EDGE('',*,*,#1769,.F.);
#1769 = EDGE_CURVE('',#1770,#1762,#1772,.T.);
#1770 = VERTEX_POINT('',#1771);
#1771 = CARTESIAN_POINT('',(3.15,2.6,0.9));
#1772 = LINE('',#1773,#1774);
#1773 = CARTESIAN_POINT('',(3.15,2.6,0.9));
#1774 = VECTOR('',#1775,1.);
#1775 = DIRECTION('',(0.,-1.,2.22044604925E-16));
#1776 = ORIENTED_EDGE('',*,*,#1777,.F.);
#1777 = EDGE_CURVE('',#1739,#1770,#1778,.T.);
#1778 = LINE('',#1779,#1780);
#1779 = CARTESIAN_POINT('',(3.,2.6,0.9));
#1780 = VECTOR('',#1781,1.);
#1781 = DIRECTION('',(1.,0.,0.));
#1782 = ORIENTED_EDGE('',*,*,#1738,.T.);
#1783 = PLANE('',#1784);
#1784 = AXIS2_PLACEMENT_3D('',#1785,#1786,#1787);
#1785 = CARTESIAN_POINT('',(3.,2.6,0.9));
#1786 = DIRECTION('',(0.,-2.22044604925E-16,-1.));
#1787 = DIRECTION('',(0.,1.,-2.22044604925E-16));
#1788 = ADVANCED_FACE('',(#1789),#1816,.T.);
#1789 = FACE_BOUND('',#1790,.T.);
#1790 = EDGE_LOOP('',(#1791,#1800,#1808,#1815));
#1791 = ORIENTED_EDGE('',*,*,#1792,.T.);
#1792 = EDGE_CURVE('',#1762,#1793,#1795,.T.);
#1793 = VERTEX_POINT('',#1794);
#1794 = CARTESIAN_POINT('',(3.35,1.9,0.7));
#1795 = CIRCLE('',#1796,0.2);
#1796 = AXIS2_PLACEMENT_3D('',#1797,#1798,#1799);
#1797 = CARTESIAN_POINT('',(3.15,1.9,0.7));
#1798 = DIRECTION('',(0.,1.,-2.22044604925E-16));
#1799 = DIRECTION('',(-1.,0.,0.));
#1800 = ORIENTED_EDGE('',*,*,#1801,.F.);
#1801 = EDGE_CURVE('',#1802,#1793,#1804,.T.);
#1802 = VERTEX_POINT('',#1803);
#1803 = CARTESIAN_POINT('',(3.35,2.6,0.7));
#1804 = LINE('',#1805,#1806);
#1805 = CARTESIAN_POINT('',(3.35,2.6,0.7));
#1806 = VECTOR('',#1807,1.);
#1807 = DIRECTION('',(0.,-1.,2.22044604925E-16));
#1808 = ORIENTED_EDGE('',*,*,#1809,.F.);
#1809 = EDGE_CURVE('',#1770,#1802,#1810,.T.);
#1810 = CIRCLE('',#1811,0.2);
#1811 = AXIS2_PLACEMENT_3D('',#1812,#1813,#1814);
#1812 = CARTESIAN_POINT('',(3.15,2.6,0.7));
#1813 = DIRECTION('',(0.,1.,-2.22044604925E-16));
#1814 = DIRECTION('',(-1.,0.,0.));
#1815 = ORIENTED_EDGE('',*,*,#1769,.T.);
#1816 = CYLINDRICAL_SURFACE('',#1817,0.2);
#1817 = AXIS2_PLACEMENT_3D('',#1818,#1819,#1820);
#1818 = CARTESIAN_POINT('',(3.15,2.6,0.7));
#1819 = DIRECTION('',(0.,-1.,2.22044604925E-16));
#1820 = DIRECTION('',(1.,0.,0.));
#1821 = ADVANCED_FACE('',(#1822),#1847,.F.);
#1822 = FACE_BOUND('',#1823,.T.);
#1823 = EDGE_LOOP('',(#1824,#1832,#1840,#1846));
#1824 = ORIENTED_EDGE('',*,*,#1825,.T.);
#1825 = EDGE_CURVE('',#1793,#1826,#1828,.T.);
#1826 = VERTEX_POINT('',#1827);
#1827 = CARTESIAN_POINT('',(3.35,1.9,-1.067157287525));
#1828 = LINE('',#1829,#1830);
#1829 = CARTESIAN_POINT('',(3.35,1.9,0.7));
#1830 = VECTOR('',#1831,1.);
#1831 = DIRECTION('',(-2.454115839352E-16,-2.22044604925E-16,-1.));
#1832 = ORIENTED_EDGE('',*,*,#1833,.F.);
#1833 = EDGE_CURVE('',#1834,#1826,#1836,.T.);
#1834 = VERTEX_POINT('',#1835);
#1835 = CARTESIAN_POINT('',(3.35,2.6,-1.067157287525));
#1836 = LINE('',#1837,#1838);
#1837 = CARTESIAN_POINT('',(3.35,2.6,-1.067157287525));
#1838 = VECTOR('',#1839,1.);
#1839 = DIRECTION('',(0.,-1.,2.22044604925E-16));
#1840 = ORIENTED_EDGE('',*,*,#1841,.F.);
#1841 = EDGE_CURVE('',#1802,#1834,#1842,.T.);
#1842 = LINE('',#1843,#1844);
#1843 = CARTESIAN_POINT('',(3.35,2.6,0.7));
#1844 = VECTOR('',#1845,1.);
#1845 = DIRECTION('',(-2.454115839352E-16,-2.22044604925E-16,-1.));
#1846 = ORIENTED_EDGE('',*,*,#1801,.T.);
#1847 = PLANE('',#1848);
#1848 = AXIS2_PLACEMENT_3D('',#1849,#1850,#1851);
#1849 = CARTESIAN_POINT('',(3.35,2.6,0.7));
#1850 = DIRECTION('',(-1.,5.449231819891E-32,2.454115839352E-16));
#1851 = DIRECTION('',(0.,-1.,2.22044604925E-16));
#1852 = ADVANCED_FACE('',(#1853),#1869,.F.);
#1853 = FACE_BOUND('',#1854,.T.);
#1854 = EDGE_LOOP('',(#1855,#1861,#1862,#1868));
#1855 = ORIENTED_EDGE('',*,*,#1856,.T.);
#1856 = EDGE_CURVE('',#1826,#1384,#1857,.T.);
#1857 = LINE('',#1858,#1859);
#1858 = CARTESIAN_POINT('',(3.35,1.9,-1.067157287525));
#1859 = VECTOR('',#1860,1.);
#1860 = DIRECTION('',(0.707106781187,-1.570092458684E-16,-0.707106781187
    ));
#1861 = ORIENTED_EDGE('',*,*,#1383,.F.);
#1862 = ORIENTED_EDGE('',*,*,#1863,.F.);
#1863 = EDGE_CURVE('',#1834,#1375,#1864,.T.);
#1864 = LINE('',#1865,#1866);
#1865 = CARTESIAN_POINT('',(3.35,2.6,-1.067157287525));
#1866 = VECTOR('',#1867,1.);
#1867 = DIRECTION('',(0.707106781187,-1.570092458684E-16,-0.707106781187
    ));
#1868 = ORIENTED_EDGE('',*,*,#1833,.T.);
#1869 = PLANE('',#1870);
#1870 = AXIS2_PLACEMENT_3D('',#1871,#1872,#1873);
#1871 = CARTESIAN_POINT('',(3.35,2.6,-1.067157287525));
#1872 = DIRECTION('',(-0.707106781187,-1.570092458684E-16,
    -0.707106781187));
#1873 = DIRECTION('',(-0.707106781187,1.570092458684E-16,0.707106781187)
  );
#1874 = ADVANCED_FACE('',(#1875),#1891,.F.);
#1875 = FACE_BOUND('',#1876,.T.);
#1876 = EDGE_LOOP('',(#1877,#1883,#1884,#1890));
#1877 = ORIENTED_EDGE('',*,*,#1878,.T.);
#1878 = EDGE_CURVE('',#1351,#1433,#1879,.T.);
#1879 = LINE('',#1880,#1881);
#1880 = CARTESIAN_POINT('',(3.891421356237,1.9,-1.891421356237));
#1881 = VECTOR('',#1882,1.);
#1882 = DIRECTION('',(-0.707106781187,-1.570092458684E-16,
    -0.707106781187));
#1883 = ORIENTED_EDGE('',*,*,#1432,.F.);
#1884 = ORIENTED_EDGE('',*,*,#1885,.F.);
#1885 = EDGE_CURVE('',#1334,#1425,#1886,.T.);
#1886 = LINE('',#1887,#1888);
#1887 = CARTESIAN_POINT('',(3.891421356237,2.6,-1.891421356237));
#1888 = VECTOR('',#1889,1.);
#1889 = DIRECTION('',(-0.707106781187,-1.570092458684E-16,
    -0.707106781187));
#1890 = ORIENTED_EDGE('',*,*,#1359,.T.);
#1891 = PLANE('',#1892);
#1892 = AXIS2_PLACEMENT_3D('',#1893,#1894,#1895);
#1893 = CARTESIAN_POINT('',(3.891421356237,2.6,-1.891421356237));
#1894 = DIRECTION('',(-0.707106781187,1.570092458684E-16,0.707106781187)
  );
#1895 = DIRECTION('',(0.,-1.,2.22044604925E-16));
#1896 = ADVANCED_FACE('',(#1897),#1921,.T.);
#1897 = FACE_BOUND('',#1898,.T.);
#1898 = EDGE_LOOP('',(#1899,#1905,#1906,#1907,#1908,#1909,#1910,#1911,
    #1912,#1913,#1914,#1915,#1916,#1917,#1918,#1919,#1920));
#1899 = ORIENTED_EDGE('',*,*,#1900,.F.);
#1900 = EDGE_CURVE('',#1494,#1417,#1901,.T.);
#1901 = LINE('',#1902,#1903);
#1902 = CARTESIAN_POINT('',(3.35,2.6,-3.110288568297));
#1903 = VECTOR('',#1904,1.);
#1904 = DIRECTION('',(1.,0.,0.));
#1905 = ORIENTED_EDGE('',*,*,#1526,.F.);
#1906 = ORIENTED_EDGE('',*,*,#1557,.F.);
#1907 = ORIENTED_EDGE('',*,*,#1589,.F.);
#1908 = ORIENTED_EDGE('',*,*,#1620,.F.);
#1909 = ORIENTED_EDGE('',*,*,#1652,.F.);
#1910 = ORIENTED_EDGE('',*,*,#1684,.F.);
#1911 = ORIENTED_EDGE('',*,*,#1715,.F.);
#1912 = ORIENTED_EDGE('',*,*,#1746,.F.);
#1913 = ORIENTED_EDGE('',*,*,#1777,.T.);
#1914 = ORIENTED_EDGE('',*,*,#1809,.T.);
#1915 = ORIENTED_EDGE('',*,*,#1841,.T.);
#1916 = ORIENTED_EDGE('',*,*,#1863,.T.);
#1917 = ORIENTED_EDGE('',*,*,#1374,.T.);
#1918 = ORIENTED_EDGE('',*,*,#1331,.T.);
#1919 = ORIENTED_EDGE('',*,*,#1885,.T.);
#1920 = ORIENTED_EDGE('',*,*,#1424,.T.);
#1921 = PLANE('',#1922);
#1922 = AXIS2_PLACEMENT_3D('',#1923,#1924,#1925);
#1923 = CARTESIAN_POINT('',(3.35,2.6,-2.432842712475));
#1924 = DIRECTION('',(0.,1.,-2.22044604925E-16));
#1925 = DIRECTION('',(0.,-2.22044604925E-16,-1.));
#1926 = ADVANCED_FACE('',(#1927),#1951,.F.);
#1927 = FACE_BOUND('',#1928,.T.);
#1928 = EDGE_LOOP('',(#1929,#1930,#1936,#1937,#1938,#1939,#1940,#1941,
    #1942,#1943,#1944,#1945,#1946,#1947,#1948,#1949,#1950));
#1929 = ORIENTED_EDGE('',*,*,#1510,.T.);
#1930 = ORIENTED_EDGE('',*,*,#1931,.T.);
#1931 = EDGE_CURVE('',#1503,#1441,#1932,.T.);
#1932 = LINE('',#1933,#1934);
#1933 = CARTESIAN_POINT('',(3.35,1.9,-3.110288568297));
#1934 = VECTOR('',#1935,1.);
#1935 = DIRECTION('',(1.,0.,0.));
#1936 = ORIENTED_EDGE('',*,*,#1440,.F.);
#1937 = ORIENTED_EDGE('',*,*,#1878,.F.);
#1938 = ORIENTED_EDGE('',*,*,#1350,.F.);
#1939 = ORIENTED_EDGE('',*,*,#1391,.F.);
#1940 = ORIENTED_EDGE('',*,*,#1856,.F.);
#1941 = ORIENTED_EDGE('',*,*,#1825,.F.);
#1942 = ORIENTED_EDGE('',*,*,#1792,.F.);
#1943 = ORIENTED_EDGE('',*,*,#1761,.F.);
#1944 = ORIENTED_EDGE('',*,*,#1730,.T.);
#1945 = ORIENTED_EDGE('',*,*,#1699,.T.);
#1946 = ORIENTED_EDGE('',*,*,#1668,.T.);
#1947 = ORIENTED_EDGE('',*,*,#1635,.T.);
#1948 = ORIENTED_EDGE('',*,*,#1604,.T.);
#1949 = ORIENTED_EDGE('',*,*,#1573,.T.);
#1950 = ORIENTED_EDGE('',*,*,#1540,.T.);
#1951 = PLANE('',#1952);
#1952 = AXIS2_PLACEMENT_3D('',#1953,#1954,#1955);
#1953 = CARTESIAN_POINT('',(3.35,1.9,-2.432842712475));
#1954 = DIRECTION('',(0.,1.,-2.22044604925E-16));
#1955 = DIRECTION('',(0.,-2.22044604925E-16,-1.));
#1956 = ADVANCED_FACE('',(#1957),#1963,.F.);
#1957 = FACE_BOUND('',#1958,.T.);
#1958 = EDGE_LOOP('',(#1959,#1960,#1961,#1962));
#1959 = ORIENTED_EDGE('',*,*,#1931,.F.);
#1960 = ORIENTED_EDGE('',*,*,#1502,.T.);
#1961 = ORIENTED_EDGE('',*,*,#1471,.F.);
#1962 = ORIENTED_EDGE('',*,*,#1448,.F.);
#1963 = PLANE('',#1964);
#1964 = AXIS2_PLACEMENT_3D('',#1965,#1966,#1967);
#1965 = CARTESIAN_POINT('',(3.95,2.125,-3.5));
#1966 = DIRECTION('',(0.,0.866025403784,0.5));
#1967 = DIRECTION('',(-1.,0.,0.));
#1968 = ADVANCED_FACE('',(#1969),#1975,.F.);
#1969 = FACE_BOUND('',#1970,.T.);
#1970 = EDGE_LOOP('',(#1971,#1972,#1973,#1974));
#1971 = ORIENTED_EDGE('',*,*,#1462,.T.);
#1972 = ORIENTED_EDGE('',*,*,#1493,.T.);
#1973 = ORIENTED_EDGE('',*,*,#1900,.T.);
#1974 = ORIENTED_EDGE('',*,*,#1416,.F.);
#1975 = PLANE('',#1976);
#1976 = AXIS2_PLACEMENT_3D('',#1977,#1978,#1979);
#1977 = CARTESIAN_POINT('',(3.95,2.85,-2.677275866405));
#1978 = DIRECTION('',(0.,-0.866025403784,0.5));
#1979 = DIRECTION('',(1.,0.,0.));
#1980 = MANIFOLD_SOLID_BREP('',#1981);
#1981 = CLOSED_SHELL('',(#1982,#2024,#2057,#2113,#2144,#2191,#2224,#2255
    ,#2286,#2319,#2350,#2381,#2412,#2443,#2476,#2507,#2529,#2551,#2581,
    #2611,#2623));
#1982 = ADVANCED_FACE('',(#1983),#2019,.T.);
#1983 = FACE_BOUND('',#1984,.T.);
#1984 = EDGE_LOOP('',(#1985,#1996,#2004,#2013));
#1985 = ORIENTED_EDGE('',*,*,#1986,.F.);
#1986 = EDGE_CURVE('',#1987,#1989,#1991,.T.);
#1987 = VERTEX_POINT('',#1988);
#1988 = CARTESIAN_POINT('',(-3.95,-2.6,-1.75));
#1989 = VERTEX_POINT('',#1990);
#1990 = CARTESIAN_POINT('',(-3.891421356237,-2.6,-1.891421356237));
#1991 = CIRCLE('',#1992,0.2);
#1992 = AXIS2_PLACEMENT_3D('',#1993,#1994,#1995);
#1993 = CARTESIAN_POINT('',(-3.75,-2.6,-1.75));
#1994 = DIRECTION('',(0.,-1.,2.22044604925E-16));
#1995 = DIRECTION('',(1.,0.,0.));
#1996 = ORIENTED_EDGE('',*,*,#1997,.T.);
#1997 = EDGE_CURVE('',#1987,#1998,#2000,.T.);
#1998 = VERTEX_POINT('',#1999);
#1999 = CARTESIAN_POINT('',(-3.95,-1.9,-1.75));
#2000 = LINE('',#2001,#2002);
#2001 = CARTESIAN_POINT('',(-3.95,-2.6,-1.75));
#2002 = VECTOR('',#2003,1.);
#2003 = DIRECTION('',(0.,1.,-2.22044604925E-16));
#2004 = ORIENTED_EDGE('',*,*,#2005,.T.);
#2005 = EDGE_CURVE('',#1998,#2006,#2008,.T.);
#2006 = VERTEX_POINT('',#2007);
#2007 = CARTESIAN_POINT('',(-3.891421356237,-1.9,-1.891421356237));
#2008 = CIRCLE('',#2009,0.2);
#2009 = AXIS2_PLACEMENT_3D('',#2010,#2011,#2012);
#2010 = CARTESIAN_POINT('',(-3.75,-1.9,-1.75));
#2011 = DIRECTION('',(0.,-1.,2.22044604925E-16));
#2012 = DIRECTION('',(1.,0.,0.));
#2013 = ORIENTED_EDGE('',*,*,#2014,.F.);
#2014 = EDGE_CURVE('',#1989,#2006,#2015,.T.);
#2015 = LINE('',#2016,#2017);
#2016 = CARTESIAN_POINT('',(-3.891421356237,-2.6,-1.891421356237));
#2017 = VECTOR('',#2018,1.);
#2018 = DIRECTION('',(0.,1.,-2.22044604925E-16));
#2019 = CYLINDRICAL_SURFACE('',#2020,0.2);
#2020 = AXIS2_PLACEMENT_3D('',#2021,#2022,#2023);
#2021 = CARTESIAN_POINT('',(-3.75,-2.6,-1.75));
#2022 = DIRECTION('',(0.,1.,-2.22044604925E-16));
#2023 = DIRECTION('',(-1.,0.,0.));
#2024 = ADVANCED_FACE('',(#2025),#2052,.T.);
#2025 = FACE_BOUND('',#2026,.T.);
#2026 = EDGE_LOOP('',(#2027,#2028,#2037,#2045));
#2027 = ORIENTED_EDGE('',*,*,#1997,.F.);
#2028 = ORIENTED_EDGE('',*,*,#2029,.F.);
#2029 = EDGE_CURVE('',#2030,#1987,#2032,.T.);
#2030 = VERTEX_POINT('',#2031);
#2031 = CARTESIAN_POINT('',(-3.891421356237,-2.6,-1.608578643763));
#2032 = CIRCLE('',#2033,0.2);
#2033 = AXIS2_PLACEMENT_3D('',#2034,#2035,#2036);
#2034 = CARTESIAN_POINT('',(-3.75,-2.6,-1.75));
#2035 = DIRECTION('',(0.,-1.,2.22044604925E-16));
#2036 = DIRECTION('',(1.,0.,0.));
#2037 = ORIENTED_EDGE('',*,*,#2038,.T.);
#2038 = EDGE_CURVE('',#2030,#2039,#2041,.T.);
#2039 = VERTEX_POINT('',#2040);
#2040 = CARTESIAN_POINT('',(-3.891421356237,-1.9,-1.608578643763));
#2041 = LINE('',#2042,#2043);
#2042 = CARTESIAN_POINT('',(-3.891421356237,-2.6,-1.608578643763));
#2043 = VECTOR('',#2044,1.);
#2044 = DIRECTION('',(0.,1.,-2.22044604925E-16));
#2045 = ORIENTED_EDGE('',*,*,#2046,.T.);
#2046 = EDGE_CURVE('',#2039,#1998,#2047,.T.);
#2047 = CIRCLE('',#2048,0.2);
#2048 = AXIS2_PLACEMENT_3D('',#2049,#2050,#2051);
#2049 = CARTESIAN_POINT('',(-3.75,-1.9,-1.75));
#2050 = DIRECTION('',(0.,-1.,2.22044604925E-16));
#2051 = DIRECTION('',(1.,0.,0.));
#2052 = CYLINDRICAL_SURFACE('',#2053,0.2);
#2053 = AXIS2_PLACEMENT_3D('',#2054,#2055,#2056);
#2054 = CARTESIAN_POINT('',(-3.75,-2.6,-1.75));
#2055 = DIRECTION('',(0.,1.,-2.22044604925E-16));
#2056 = DIRECTION('',(-1.,0.,0.));
#2057 = ADVANCED_FACE('',(#2058),#2108,.F.);
#2058 = FACE_BOUND('',#2059,.T.);
#2059 = EDGE_LOOP('',(#2060,#2070,#2078,#2086,#2094,#2102));
#2060 = ORIENTED_EDGE('',*,*,#2061,.F.);
#2061 = EDGE_CURVE('',#2062,#2064,#2066,.T.);
#2062 = VERTEX_POINT('',#2063);
#2063 = CARTESIAN_POINT('',(-3.35,-2.375,-3.5));
#2064 = VERTEX_POINT('',#2065);
#2065 = CARTESIAN_POINT('',(-3.35,-2.125,-3.5));
#2066 = LINE('',#2067,#2068);
#2067 = CARTESIAN_POINT('',(-3.35,-2.6,-3.5));
#2068 = VECTOR('',#2069,1.);
#2069 = DIRECTION('',(0.,1.,-2.22044604925E-16));
#2070 = ORIENTED_EDGE('',*,*,#2071,.T.);
#2071 = EDGE_CURVE('',#2062,#2072,#2074,.T.);
#2072 = VERTEX_POINT('',#2073);
#2073 = CARTESIAN_POINT('',(-3.35,-2.6,-3.110288568297));
#2074 = LINE('',#2075,#2076);
#2075 = CARTESIAN_POINT('',(-3.35,-2.893342660415,-2.60220417643));
#2076 = VECTOR('',#2077,1.);
#2077 = DIRECTION('',(3.519431053647E-16,-0.5,0.866025403784));
#2078 = ORIENTED_EDGE('',*,*,#2079,.F.);
#2079 = EDGE_CURVE('',#2080,#2072,#2082,.T.);
#2080 = VERTEX_POINT('',#2081);
#2081 = CARTESIAN_POINT('',(-3.35,-2.6,-2.432842712475));
#2082 = LINE('',#2083,#2084);
#2083 = CARTESIAN_POINT('',(-3.35,-2.6,-2.432842712475));
#2084 = VECTOR('',#2085,1.);
#2085 = DIRECTION('',(-4.063888932435E-16,-2.22044604925E-16,-1.));
#2086 = ORIENTED_EDGE('',*,*,#2087,.T.);
#2087 = EDGE_CURVE('',#2080,#2088,#2090,.T.);
#2088 = VERTEX_POINT('',#2089);
#2089 = CARTESIAN_POINT('',(-3.35,-1.9,-2.432842712475));
#2090 = LINE('',#2091,#2092);
#2091 = CARTESIAN_POINT('',(-3.35,-2.6,-2.432842712475));
#2092 = VECTOR('',#2093,1.);
#2093 = DIRECTION('',(0.,1.,-2.22044604925E-16));
#2094 = ORIENTED_EDGE('',*,*,#2095,.T.);
#2095 = EDGE_CURVE('',#2088,#2096,#2098,.T.);
#2096 = VERTEX_POINT('',#2097);
#2097 = CARTESIAN_POINT('',(-3.35,-1.9,-3.110288568297));
#2098 = LINE('',#2099,#2100);
#2099 = CARTESIAN_POINT('',(-3.35,-1.9,-2.432842712475));
#2100 = VECTOR('',#2101,1.);
#2101 = DIRECTION('',(-4.063888932435E-16,-2.22044604925E-16,-1.));
#2102 = ORIENTED_EDGE('',*,*,#2103,.T.);
#2103 = EDGE_CURVE('',#2096,#2064,#2104,.T.);
#2104 = LINE('',#2105,#2106);
#2105 = CARTESIAN_POINT('',(-3.35,-1.781657339585,-2.905313067755));
#2106 = VECTOR('',#2107,1.);
#2107 = DIRECTION('',(-3.519431053647E-16,-0.5,-0.866025403784));
#2108 = PLANE('',#2109);
#2109 = AXIS2_PLACEMENT_3D('',#2110,#2111,#2112);
#2110 = CARTESIAN_POINT('',(-3.35,-2.6,-2.432842712475));
#2111 = DIRECTION('',(1.,-9.023646124618E-32,-4.063888932435E-16));
#2112 = DIRECTION('',(0.,-1.,2.22044604925E-16));
#2113 = ADVANCED_FACE('',(#2114),#2139,.T.);
#2114 = FACE_BOUND('',#2115,.T.);
#2115 = EDGE_LOOP('',(#2116,#2124,#2125,#2133));
#2116 = ORIENTED_EDGE('',*,*,#2117,.F.);
#2117 = EDGE_CURVE('',#2062,#2118,#2120,.T.);
#2118 = VERTEX_POINT('',#2119);
#2119 = CARTESIAN_POINT('',(-3.15,-2.375,-3.5));
#2120 = LINE('',#2121,#2122);
#2121 = CARTESIAN_POINT('',(-3.95,-2.375,-3.5));
#2122 = VECTOR('',#2123,1.);
#2123 = DIRECTION('',(1.,0.,0.));
#2124 = ORIENTED_EDGE('',*,*,#2061,.T.);
#2125 = ORIENTED_EDGE('',*,*,#2126,.T.);
#2126 = EDGE_CURVE('',#2064,#2127,#2129,.T.);
#2127 = VERTEX_POINT('',#2128);
#2128 = CARTESIAN_POINT('',(-3.15,-2.125,-3.5));
#2129 = LINE('',#2130,#2131);
#2130 = CARTESIAN_POINT('',(-3.95,-2.125,-3.5));
#2131 = VECTOR('',#2132,1.);
#2132 = DIRECTION('',(1.,0.,0.));
#2133 = ORIENTED_EDGE('',*,*,#2134,.F.);
#2134 = EDGE_CURVE('',#2118,#2127,#2135,.T.);
#2135 = LINE('',#2136,#2137);
#2136 = CARTESIAN_POINT('',(-3.15,-2.6,-3.5));
#2137 = VECTOR('',#2138,1.);
#2138 = DIRECTION('',(0.,1.,-2.22044604925E-16));
#2139 = PLANE('',#2140);
#2140 = AXIS2_PLACEMENT_3D('',#2141,#2142,#2143);
#2141 = CARTESIAN_POINT('',(-3.15,-2.6,-3.5));
#2142 = DIRECTION('',(0.,-2.22044604925E-16,-1.));
#2143 = DIRECTION('',(0.,1.,-2.22044604925E-16));
#2144 = ADVANCED_FACE('',(#2145),#2186,.T.);
#2145 = FACE_BOUND('',#2146,.T.);
#2146 = EDGE_LOOP('',(#2147,#2155,#2156,#2164,#2172,#2180));
#2147 = ORIENTED_EDGE('',*,*,#2148,.F.);
#2148 = EDGE_CURVE('',#2118,#2149,#2151,.T.);
#2149 = VERTEX_POINT('',#2150);
#2150 = CARTESIAN_POINT('',(-3.15,-2.6,-3.110288568297));
#2151 = LINE('',#2152,#2153);
#2152 = CARTESIAN_POINT('',(-3.15,-2.893342660415,-2.60220417643));
#2153 = VECTOR('',#2154,1.);
#2154 = DIRECTION('',(3.519431053647E-16,-0.5,0.866025403784));
#2155 = ORIENTED_EDGE('',*,*,#2134,.T.);
#2156 = ORIENTED_EDGE('',*,*,#2157,.F.);
#2157 = EDGE_CURVE('',#2158,#2127,#2160,.T.);
#2158 = VERTEX_POINT('',#2159);
#2159 = CARTESIAN_POINT('',(-3.15,-1.9,-3.110288568297));
#2160 = LINE('',#2161,#2162);
#2161 = CARTESIAN_POINT('',(-3.15,-1.781657339585,-2.905313067755));
#2162 = VECTOR('',#2163,1.);
#2163 = DIRECTION('',(-3.519431053647E-16,-0.5,-0.866025403784));
#2164 = ORIENTED_EDGE('',*,*,#2165,.F.);
#2165 = EDGE_CURVE('',#2166,#2158,#2168,.T.);
#2166 = VERTEX_POINT('',#2167);
#2167 = CARTESIAN_POINT('',(-3.15,-1.9,-2.432842712475));
#2168 = LINE('',#2169,#2170);
#2169 = CARTESIAN_POINT('',(-3.15,-1.9,-2.432842712475));
#2170 = VECTOR('',#2171,1.);
#2171 = DIRECTION('',(-4.063888932435E-16,-2.22044604925E-16,-1.));
#2172 = ORIENTED_EDGE('',*,*,#2173,.F.);
#2173 = EDGE_CURVE('',#2174,#2166,#2176,.T.);
#2174 = VERTEX_POINT('',#2175);
#2175 = CARTESIAN_POINT('',(-3.15,-2.6,-2.432842712475));
#2176 = LINE('',#2177,#2178);
#2177 = CARTESIAN_POINT('',(-3.15,-2.6,-2.432842712475));
#2178 = VECTOR('',#2179,1.);
#2179 = DIRECTION('',(0.,1.,-2.22044604925E-16));
#2180 = ORIENTED_EDGE('',*,*,#2181,.T.);
#2181 = EDGE_CURVE('',#2174,#2149,#2182,.T.);
#2182 = LINE('',#2183,#2184);
#2183 = CARTESIAN_POINT('',(-3.15,-2.6,-2.432842712475));
#2184 = VECTOR('',#2185,1.);
#2185 = DIRECTION('',(-4.063888932435E-16,-2.22044604925E-16,-1.));
#2186 = PLANE('',#2187);
#2187 = AXIS2_PLACEMENT_3D('',#2188,#2189,#2190);
#2188 = CARTESIAN_POINT('',(-3.15,-2.6,-2.432842712475));
#2189 = DIRECTION('',(1.,-9.023646124618E-32,-4.063888932435E-16));
#2190 = DIRECTION('',(0.,-1.,2.22044604925E-16));
#2191 = ADVANCED_FACE('',(#2192),#2219,.T.);
#2192 = FACE_BOUND('',#2193,.T.);
#2193 = EDGE_LOOP('',(#2194,#2203,#2211,#2218));
#2194 = ORIENTED_EDGE('',*,*,#2195,.F.);
#2195 = EDGE_CURVE('',#2196,#2166,#2198,.T.);
#2196 = VERTEX_POINT('',#2197);
#2197 = CARTESIAN_POINT('',(-3.208578643763,-1.9,-2.291421356237));
#2198 = CIRCLE('',#2199,0.2);
#2199 = AXIS2_PLACEMENT_3D('',#2200,#2201,#2202);
#2200 = CARTESIAN_POINT('',(-3.35,-1.9,-2.432842712475));
#2201 = DIRECTION('',(0.,1.,-2.22044604925E-16));
#2202 = DIRECTION('',(1.,0.,0.));
#2203 = ORIENTED_EDGE('',*,*,#2204,.F.);
#2204 = EDGE_CURVE('',#2205,#2196,#2207,.T.);
#2205 = VERTEX_POINT('',#2206);
#2206 = CARTESIAN_POINT('',(-3.208578643763,-2.6,-2.291421356237));
#2207 = LINE('',#2208,#2209);
#2208 = CARTESIAN_POINT('',(-3.208578643763,-2.6,-2.291421356237));
#2209 = VECTOR('',#2210,1.);
#2210 = DIRECTION('',(0.,1.,-2.22044604925E-16));
#2211 = ORIENTED_EDGE('',*,*,#2212,.T.);
#2212 = EDGE_CURVE('',#2205,#2174,#2213,.T.);
#2213 = CIRCLE('',#2214,0.2);
#2214 = AXIS2_PLACEMENT_3D('',#2215,#2216,#2217);
#2215 = CARTESIAN_POINT('',(-3.35,-2.6,-2.432842712475));
#2216 = DIRECTION('',(0.,1.,-2.22044604925E-16));
#2217 = DIRECTION('',(1.,0.,0.));
#2218 = ORIENTED_EDGE('',*,*,#2173,.T.);
#2219 = CYLINDRICAL_SURFACE('',#2220,0.2);
#2220 = AXIS2_PLACEMENT_3D('',#2221,#2222,#2223);
#2221 = CARTESIAN_POINT('',(-3.35,-2.6,-2.432842712475));
#2222 = DIRECTION('',(0.,1.,-2.22044604925E-16));
#2223 = DIRECTION('',(-1.,0.,0.));
#2224 = ADVANCED_FACE('',(#2225),#2250,.T.);
#2225 = FACE_BOUND('',#2226,.T.);
#2226 = EDGE_LOOP('',(#2227,#2235,#2243,#2249));
#2227 = ORIENTED_EDGE('',*,*,#2228,.F.);
#2228 = EDGE_CURVE('',#2229,#2196,#2231,.T.);
#2229 = VERTEX_POINT('',#2230);
#2230 = CARTESIAN_POINT('',(-3.75,-1.9,-1.75));
#2231 = LINE('',#2232,#2233);
#2232 = CARTESIAN_POINT('',(-3.75,-1.9,-1.75));
#2233 = VECTOR('',#2234,1.);
#2234 = DIRECTION('',(0.707106781187,-1.570092458684E-16,-0.707106781187
    ));
#2235 = ORIENTED_EDGE('',*,*,#2236,.F.);
#2236 = EDGE_CURVE('',#2237,#2229,#2239,.T.);
#2237 = VERTEX_POINT('',#2238);
#2238 = CARTESIAN_POINT('',(-3.75,-2.6,-1.75));
#2239 = LINE('',#2240,#2241);
#2240 = CARTESIAN_POINT('',(-3.75,-2.6,-1.75));
#2241 = VECTOR('',#2242,1.);
#2242 = DIRECTION('',(0.,1.,-2.22044604925E-16));
#2243 = ORIENTED_EDGE('',*,*,#2244,.T.);
#2244 = EDGE_CURVE('',#2237,#2205,#2245,.T.);
#2245 = LINE('',#2246,#2247);
#2246 = CARTESIAN_POINT('',(-3.75,-2.6,-1.75));
#2247 = VECTOR('',#2248,1.);
#2248 = DIRECTION('',(0.707106781187,-1.570092458684E-16,-0.707106781187
    ));
#2249 = ORIENTED_EDGE('',*,*,#2204,.T.);
#2250 = PLANE('',#2251);
#2251 = AXIS2_PLACEMENT_3D('',#2252,#2253,#2254);
#2252 = CARTESIAN_POINT('',(-3.75,-2.6,-1.75));
#2253 = DIRECTION('',(0.707106781187,1.570092458684E-16,0.707106781187)
  );
#2254 = DIRECTION('',(0.,1.,-2.22044604925E-16));
#2255 = ADVANCED_FACE('',(#2256),#2281,.T.);
#2256 = FACE_BOUND('',#2257,.T.);
#2257 = EDGE_LOOP('',(#2258,#2266,#2274,#2280));
#2258 = ORIENTED_EDGE('',*,*,#2259,.F.);
#2259 = EDGE_CURVE('',#2260,#2229,#2262,.T.);
#2260 = VERTEX_POINT('',#2261);
#2261 = CARTESIAN_POINT('',(-3.208578643763,-1.9,-1.208578643763));
#2262 = LINE('',#2263,#2264);
#2263 = CARTESIAN_POINT('',(-3.208578643763,-1.9,-1.208578643763));
#2264 = VECTOR('',#2265,1.);
#2265 = DIRECTION('',(-0.707106781187,-1.570092458684E-16,
    -0.707106781187));
#2266 = ORIENTED_EDGE('',*,*,#2267,.F.);
#2267 = EDGE_CURVE('',#2268,#2260,#2270,.T.);
#2268 = VERTEX_POINT('',#2269);
#2269 = CARTESIAN_POINT('',(-3.208578643763,-2.6,-1.208578643763));
#2270 = LINE('',#2271,#2272);
#2271 = CARTESIAN_POINT('',(-3.208578643763,-2.6,-1.208578643763));
#2272 = VECTOR('',#2273,1.);
#2273 = DIRECTION('',(0.,1.,-2.22044604925E-16));
#2274 = ORIENTED_EDGE('',*,*,#2275,.T.);
#2275 = EDGE_CURVE('',#2268,#2237,#2276,.T.);
#2276 = LINE('',#2277,#2278);
#2277 = CARTESIAN_POINT('',(-3.208578643763,-2.6,-1.208578643763));
#2278 = VECTOR('',#2279,1.);
#2279 = DIRECTION('',(-0.707106781187,-1.570092458684E-16,
    -0.707106781187));
#2280 = ORIENTED_EDGE('',*,*,#2236,.T.);
#2281 = PLANE('',#2282);
#2282 = AXIS2_PLACEMENT_3D('',#2283,#2284,#2285);
#2283 = CARTESIAN_POINT('',(-3.208578643763,-2.6,-1.208578643763));
#2284 = DIRECTION('',(0.707106781187,-1.570092458684E-16,-0.707106781187
    ));
#2285 = DIRECTION('',(0.,1.,-2.22044604925E-16));
#2286 = ADVANCED_FACE('',(#2287),#2314,.T.);
#2287 = FACE_BOUND('',#2288,.T.);
#2288 = EDGE_LOOP('',(#2289,#2298,#2306,#2313));
#2289 = ORIENTED_EDGE('',*,*,#2290,.F.);
#2290 = EDGE_CURVE('',#2291,#2260,#2293,.T.);
#2291 = VERTEX_POINT('',#2292);
#2292 = CARTESIAN_POINT('',(-3.15,-1.9,-1.067157287525));
#2293 = CIRCLE('',#2294,0.2);
#2294 = AXIS2_PLACEMENT_3D('',#2295,#2296,#2297);
#2295 = CARTESIAN_POINT('',(-3.35,-1.9,-1.067157287525));
#2296 = DIRECTION('',(0.,1.,-2.22044604925E-16));
#2297 = DIRECTION('',(1.,0.,0.));
#2298 = ORIENTED_EDGE('',*,*,#2299,.F.);
#2299 = EDGE_CURVE('',#2300,#2291,#2302,.T.);
#2300 = VERTEX_POINT('',#2301);
#2301 = CARTESIAN_POINT('',(-3.15,-2.6,-1.067157287525));
#2302 = LINE('',#2303,#2304);
#2303 = CARTESIAN_POINT('',(-3.15,-2.6,-1.067157287525));
#2304 = VECTOR('',#2305,1.);
#2305 = DIRECTION('',(0.,1.,-2.22044604925E-16));
#2306 = ORIENTED_EDGE('',*,*,#2307,.T.);
#2307 = EDGE_CURVE('',#2300,#2268,#2308,.T.);
#2308 = CIRCLE('',#2309,0.2);
#2309 = AXIS2_PLACEMENT_3D('',#2310,#2311,#2312);
#2310 = CARTESIAN_POINT('',(-3.35,-2.6,-1.067157287525));
#2311 = DIRECTION('',(0.,1.,-2.22044604925E-16));
#2312 = DIRECTION('',(1.,0.,0.));
#2313 = ORIENTED_EDGE('',*,*,#2267,.T.);
#2314 = CYLINDRICAL_SURFACE('',#2315,0.2);
#2315 = AXIS2_PLACEMENT_3D('',#2316,#2317,#2318);
#2316 = CARTESIAN_POINT('',(-3.35,-2.6,-1.067157287525));
#2317 = DIRECTION('',(0.,1.,-2.22044604925E-16));
#2318 = DIRECTION('',(-1.,0.,0.));
#2319 = ADVANCED_FACE('',(#2320),#2345,.T.);
#2320 = FACE_BOUND('',#2321,.T.);
#2321 = EDGE_LOOP('',(#2322,#2330,#2338,#2344));
#2322 = ORIENTED_EDGE('',*,*,#2323,.F.);
#2323 = EDGE_CURVE('',#2324,#2291,#2326,.T.);
#2324 = VERTEX_POINT('',#2325);
#2325 = CARTESIAN_POINT('',(-3.15,-1.9,0.7));
#2326 = LINE('',#2327,#2328);
#2327 = CARTESIAN_POINT('',(-3.15,-1.9,0.7));
#2328 = VECTOR('',#2329,1.);
#2329 = DIRECTION('',(2.454115839352E-16,-2.22044604925E-16,-1.));
#2330 = ORIENTED_EDGE('',*,*,#2331,.F.);
#2331 = EDGE_CURVE('',#2332,#2324,#2334,.T.);
#2332 = VERTEX_POINT('',#2333);
#2333 = CARTESIAN_POINT('',(-3.15,-2.6,0.7));
#2334 = LINE('',#2335,#2336);
#2335 = CARTESIAN_POINT('',(-3.15,-2.6,0.7));
#2336 = VECTOR('',#2337,1.);
#2337 = DIRECTION('',(0.,1.,-2.22044604925E-16));
#2338 = ORIENTED_EDGE('',*,*,#2339,.T.);
#2339 = EDGE_CURVE('',#2332,#2300,#2340,.T.);
#2340 = LINE('',#2341,#2342);
#2341 = CARTESIAN_POINT('',(-3.15,-2.6,0.7));
#2342 = VECTOR('',#2343,1.);
#2343 = DIRECTION('',(2.454115839352E-16,-2.22044604925E-16,-1.));
#2344 = ORIENTED_EDGE('',*,*,#2299,.T.);
#2345 = PLANE('',#2346);
#2346 = AXIS2_PLACEMENT_3D('',#2347,#2348,#2349);
#2347 = CARTESIAN_POINT('',(-3.15,-2.6,0.7));
#2348 = DIRECTION('',(1.,-6.022684552957E-32,2.815341167833E-47));
#2349 = DIRECTION('',(0.,4.674561888602E-16,1.));
#2350 = ADVANCED_FACE('',(#2351),#2376,.T.);
#2351 = FACE_BOUND('',#2352,.T.);
#2352 = EDGE_LOOP('',(#2353,#2361,#2369,#2375));
#2353 = ORIENTED_EDGE('',*,*,#2354,.F.);
#2354 = EDGE_CURVE('',#2355,#2324,#2357,.T.);
#2355 = VERTEX_POINT('',#2356);
#2356 = CARTESIAN_POINT('',(-3.,-1.9,0.7));
#2357 = LINE('',#2358,#2359);
#2358 = CARTESIAN_POINT('',(-3.,-1.9,0.7));
#2359 = VECTOR('',#2360,1.);
#2360 = DIRECTION('',(-1.,0.,0.));
#2361 = ORIENTED_EDGE('',*,*,#2362,.F.);
#2362 = EDGE_CURVE('',#2363,#2355,#2365,.T.);
#2363 = VERTEX_POINT('',#2364);
#2364 = CARTESIAN_POINT('',(-3.,-2.6,0.7));
#2365 = LINE('',#2366,#2367);
#2366 = CARTESIAN_POINT('',(-3.,-2.6,0.7));
#2367 = VECTOR('',#2368,1.);
#2368 = DIRECTION('',(0.,1.,-2.22044604925E-16));
#2369 = ORIENTED_EDGE('',*,*,#2370,.T.);
#2370 = EDGE_CURVE('',#2363,#2332,#2371,.T.);
#2371 = LINE('',#2372,#2373);
#2372 = CARTESIAN_POINT('',(-3.,-2.6,0.7));
#2373 = VECTOR('',#2374,1.);
#2374 = DIRECTION('',(-1.,0.,0.));
#2375 = ORIENTED_EDGE('',*,*,#2331,.T.);
#2376 = PLANE('',#2377);
#2377 = AXIS2_PLACEMENT_3D('',#2378,#2379,#2380);
#2378 = CARTESIAN_POINT('',(-3.,-2.6,0.7));
#2379 = DIRECTION('',(0.,-2.22044604925E-16,-1.));
#2380 = DIRECTION('',(0.,1.,-2.22044604925E-16));
#2381 = ADVANCED_FACE('',(#2382),#2407,.T.);
#2382 = FACE_BOUND('',#2383,.T.);
#2383 = EDGE_LOOP('',(#2384,#2392,#2400,#2406));
#2384 = ORIENTED_EDGE('',*,*,#2385,.F.);
#2385 = EDGE_CURVE('',#2386,#2355,#2388,.T.);
#2386 = VERTEX_POINT('',#2387);
#2387 = CARTESIAN_POINT('',(-3.,-1.9,0.9));
#2388 = LINE('',#2389,#2390);
#2389 = CARTESIAN_POINT('',(-3.,-1.9,0.9));
#2390 = VECTOR('',#2391,1.);
#2391 = DIRECTION('',(0.,-2.22044604925E-16,-1.));
#2392 = ORIENTED_EDGE('',*,*,#2393,.F.);
#2393 = EDGE_CURVE('',#2394,#2386,#2396,.T.);
#2394 = VERTEX_POINT('',#2395);
#2395 = CARTESIAN_POINT('',(-3.,-2.6,0.9));
#2396 = LINE('',#2397,#2398);
#2397 = CARTESIAN_POINT('',(-3.,-2.6,0.9));
#2398 = VECTOR('',#2399,1.);
#2399 = DIRECTION('',(0.,1.,-2.22044604925E-16));
#2400 = ORIENTED_EDGE('',*,*,#2401,.T.);
#2401 = EDGE_CURVE('',#2394,#2363,#2402,.T.);
#2402 = LINE('',#2403,#2404);
#2403 = CARTESIAN_POINT('',(-3.,-2.6,0.9));
#2404 = VECTOR('',#2405,1.);
#2405 = DIRECTION('',(0.,-2.22044604925E-16,-1.));
#2406 = ORIENTED_EDGE('',*,*,#2362,.T.);
#2407 = PLANE('',#2408);
#2408 = AXIS2_PLACEMENT_3D('',#2409,#2410,#2411);
#2409 = CARTESIAN_POINT('',(-3.,-2.6,0.9));
#2410 = DIRECTION('',(1.,0.,0.));
#2411 = DIRECTION('',(0.,2.22044604925E-16,1.));
#2412 = ADVANCED_FACE('',(#2413),#2438,.F.);
#2413 = FACE_BOUND('',#2414,.T.);
#2414 = EDGE_LOOP('',(#2415,#2423,#2431,#2437));
#2415 = ORIENTED_EDGE('',*,*,#2416,.T.);
#2416 = EDGE_CURVE('',#2386,#2417,#2419,.T.);
#2417 = VERTEX_POINT('',#2418);
#2418 = CARTESIAN_POINT('',(-3.15,-1.9,0.9));
#2419 = LINE('',#2420,#2421);
#2420 = CARTESIAN_POINT('',(-3.,-1.9,0.9));
#2421 = VECTOR('',#2422,1.);
#2422 = DIRECTION('',(-1.,0.,0.));
#2423 = ORIENTED_EDGE('',*,*,#2424,.F.);
#2424 = EDGE_CURVE('',#2425,#2417,#2427,.T.);
#2425 = VERTEX_POINT('',#2426);
#2426 = CARTESIAN_POINT('',(-3.15,-2.6,0.9));
#2427 = LINE('',#2428,#2429);
#2428 = CARTESIAN_POINT('',(-3.15,-2.6,0.9));
#2429 = VECTOR('',#2430,1.);
#2430 = DIRECTION('',(0.,1.,-2.22044604925E-16));
#2431 = ORIENTED_EDGE('',*,*,#2432,.F.);
#2432 = EDGE_CURVE('',#2394,#2425,#2433,.T.);
#2433 = LINE('',#2434,#2435);
#2434 = CARTESIAN_POINT('',(-3.,-2.6,0.9));
#2435 = VECTOR('',#2436,1.);
#2436 = DIRECTION('',(-1.,0.,0.));
#2437 = ORIENTED_EDGE('',*,*,#2393,.T.);
#2438 = PLANE('',#2439);
#2439 = AXIS2_PLACEMENT_3D('',#2440,#2441,#2442);
#2440 = CARTESIAN_POINT('',(-3.,-2.6,0.9));
#2441 = DIRECTION('',(0.,-2.22044604925E-16,-1.));
#2442 = DIRECTION('',(0.,1.,-2.22044604925E-16));
#2443 = ADVANCED_FACE('',(#2444),#2471,.T.);
#2444 = FACE_BOUND('',#2445,.T.);
#2445 = EDGE_LOOP('',(#2446,#2455,#2463,#2470));
#2446 = ORIENTED_EDGE('',*,*,#2447,.T.);
#2447 = EDGE_CURVE('',#2417,#2448,#2450,.T.);
#2448 = VERTEX_POINT('',#2449);
#2449 = CARTESIAN_POINT('',(-3.35,-1.9,0.7));
#2450 = CIRCLE('',#2451,0.2);
#2451 = AXIS2_PLACEMENT_3D('',#2452,#2453,#2454);
#2452 = CARTESIAN_POINT('',(-3.15,-1.9,0.7));
#2453 = DIRECTION('',(0.,-1.,2.22044604925E-16));
#2454 = DIRECTION('',(1.,0.,0.));
#2455 = ORIENTED_EDGE('',*,*,#2456,.F.);
#2456 = EDGE_CURVE('',#2457,#2448,#2459,.T.);
#2457 = VERTEX_POINT('',#2458);
#2458 = CARTESIAN_POINT('',(-3.35,-2.6,0.7));
#2459 = LINE('',#2460,#2461);
#2460 = CARTESIAN_POINT('',(-3.35,-2.6,0.7));
#2461 = VECTOR('',#2462,1.);
#2462 = DIRECTION('',(0.,1.,-2.22044604925E-16));
#2463 = ORIENTED_EDGE('',*,*,#2464,.F.);
#2464 = EDGE_CURVE('',#2425,#2457,#2465,.T.);
#2465 = CIRCLE('',#2466,0.2);
#2466 = AXIS2_PLACEMENT_3D('',#2467,#2468,#2469);
#2467 = CARTESIAN_POINT('',(-3.15,-2.6,0.7));
#2468 = DIRECTION('',(0.,-1.,2.22044604925E-16));
#2469 = DIRECTION('',(1.,0.,0.));
#2470 = ORIENTED_EDGE('',*,*,#2424,.T.);
#2471 = CYLINDRICAL_SURFACE('',#2472,0.2);
#2472 = AXIS2_PLACEMENT_3D('',#2473,#2474,#2475);
#2473 = CARTESIAN_POINT('',(-3.15,-2.6,0.7));
#2474 = DIRECTION('',(0.,1.,-2.22044604925E-16));
#2475 = DIRECTION('',(-1.,0.,0.));
#2476 = ADVANCED_FACE('',(#2477),#2502,.F.);
#2477 = FACE_BOUND('',#2478,.T.);
#2478 = EDGE_LOOP('',(#2479,#2487,#2495,#2501));
#2479 = ORIENTED_EDGE('',*,*,#2480,.T.);
#2480 = EDGE_CURVE('',#2448,#2481,#2483,.T.);
#2481 = VERTEX_POINT('',#2482);
#2482 = CARTESIAN_POINT('',(-3.35,-1.9,-1.067157287525));
#2483 = LINE('',#2484,#2485);
#2484 = CARTESIAN_POINT('',(-3.35,-1.9,0.7));
#2485 = VECTOR('',#2486,1.);
#2486 = DIRECTION('',(2.454115839352E-16,-2.22044604925E-16,-1.));
#2487 = ORIENTED_EDGE('',*,*,#2488,.F.);
#2488 = EDGE_CURVE('',#2489,#2481,#2491,.T.);
#2489 = VERTEX_POINT('',#2490);
#2490 = CARTESIAN_POINT('',(-3.35,-2.6,-1.067157287525));
#2491 = LINE('',#2492,#2493);
#2492 = CARTESIAN_POINT('',(-3.35,-2.6,-1.067157287525));
#2493 = VECTOR('',#2494,1.);
#2494 = DIRECTION('',(0.,1.,-2.22044604925E-16));
#2495 = ORIENTED_EDGE('',*,*,#2496,.F.);
#2496 = EDGE_CURVE('',#2457,#2489,#2497,.T.);
#2497 = LINE('',#2498,#2499);
#2498 = CARTESIAN_POINT('',(-3.35,-2.6,0.7));
#2499 = VECTOR('',#2500,1.);
#2500 = DIRECTION('',(2.454115839352E-16,-2.22044604925E-16,-1.));
#2501 = ORIENTED_EDGE('',*,*,#2456,.T.);
#2502 = PLANE('',#2503);
#2503 = AXIS2_PLACEMENT_3D('',#2504,#2505,#2506);
#2504 = CARTESIAN_POINT('',(-3.35,-2.6,0.7));
#2505 = DIRECTION('',(1.,-6.022684552957E-32,2.815341167833E-47));
#2506 = DIRECTION('',(0.,4.674561888602E-16,1.));
#2507 = ADVANCED_FACE('',(#2508),#2524,.F.);
#2508 = FACE_BOUND('',#2509,.T.);
#2509 = EDGE_LOOP('',(#2510,#2516,#2517,#2523));
#2510 = ORIENTED_EDGE('',*,*,#2511,.T.);
#2511 = EDGE_CURVE('',#2481,#2039,#2512,.T.);
#2512 = LINE('',#2513,#2514);
#2513 = CARTESIAN_POINT('',(-3.35,-1.9,-1.067157287525));
#2514 = VECTOR('',#2515,1.);
#2515 = DIRECTION('',(-0.707106781187,-1.570092458684E-16,
    -0.707106781187));
#2516 = ORIENTED_EDGE('',*,*,#2038,.F.);
#2517 = ORIENTED_EDGE('',*,*,#2518,.F.);
#2518 = EDGE_CURVE('',#2489,#2030,#2519,.T.);
#2519 = LINE('',#2520,#2521);
#2520 = CARTESIAN_POINT('',(-3.35,-2.6,-1.067157287525));
#2521 = VECTOR('',#2522,1.);
#2522 = DIRECTION('',(-0.707106781187,-1.570092458684E-16,
    -0.707106781187));
#2523 = ORIENTED_EDGE('',*,*,#2488,.T.);
#2524 = PLANE('',#2525);
#2525 = AXIS2_PLACEMENT_3D('',#2526,#2527,#2528);
#2526 = CARTESIAN_POINT('',(-3.35,-2.6,-1.067157287525));
#2527 = DIRECTION('',(0.707106781187,-1.570092458684E-16,-0.707106781187
    ));
#2528 = DIRECTION('',(0.,1.,-2.22044604925E-16));
#2529 = ADVANCED_FACE('',(#2530),#2546,.F.);
#2530 = FACE_BOUND('',#2531,.T.);
#2531 = EDGE_LOOP('',(#2532,#2538,#2539,#2545));
#2532 = ORIENTED_EDGE('',*,*,#2533,.T.);
#2533 = EDGE_CURVE('',#2006,#2088,#2534,.T.);
#2534 = LINE('',#2535,#2536);
#2535 = CARTESIAN_POINT('',(-3.891421356237,-1.9,-1.891421356237));
#2536 = VECTOR('',#2537,1.);
#2537 = DIRECTION('',(0.707106781187,-1.570092458684E-16,-0.707106781187
    ));
#2538 = ORIENTED_EDGE('',*,*,#2087,.F.);
#2539 = ORIENTED_EDGE('',*,*,#2540,.F.);
#2540 = EDGE_CURVE('',#1989,#2080,#2541,.T.);
#2541 = LINE('',#2542,#2543);
#2542 = CARTESIAN_POINT('',(-3.891421356237,-2.6,-1.891421356237));
#2543 = VECTOR('',#2544,1.);
#2544 = DIRECTION('',(0.707106781187,-1.570092458684E-16,-0.707106781187
    ));
#2545 = ORIENTED_EDGE('',*,*,#2014,.T.);
#2546 = PLANE('',#2547);
#2547 = AXIS2_PLACEMENT_3D('',#2548,#2549,#2550);
#2548 = CARTESIAN_POINT('',(-3.891421356237,-2.6,-1.891421356237));
#2549 = DIRECTION('',(0.707106781187,1.570092458684E-16,0.707106781187)
  );
#2550 = DIRECTION('',(0.,1.,-2.22044604925E-16));
#2551 = ADVANCED_FACE('',(#2552),#2576,.T.);
#2552 = FACE_BOUND('',#2553,.T.);
#2553 = EDGE_LOOP('',(#2554,#2560,#2561,#2562,#2563,#2564,#2565,#2566,
    #2567,#2568,#2569,#2570,#2571,#2572,#2573,#2574,#2575));
#2554 = ORIENTED_EDGE('',*,*,#2555,.F.);
#2555 = EDGE_CURVE('',#2149,#2072,#2556,.T.);
#2556 = LINE('',#2557,#2558);
#2557 = CARTESIAN_POINT('',(-3.35,-2.6,-3.110288568297));
#2558 = VECTOR('',#2559,1.);
#2559 = DIRECTION('',(-1.,0.,0.));
#2560 = ORIENTED_EDGE('',*,*,#2181,.F.);
#2561 = ORIENTED_EDGE('',*,*,#2212,.F.);
#2562 = ORIENTED_EDGE('',*,*,#2244,.F.);
#2563 = ORIENTED_EDGE('',*,*,#2275,.F.);
#2564 = ORIENTED_EDGE('',*,*,#2307,.F.);
#2565 = ORIENTED_EDGE('',*,*,#2339,.F.);
#2566 = ORIENTED_EDGE('',*,*,#2370,.F.);
#2567 = ORIENTED_EDGE('',*,*,#2401,.F.);
#2568 = ORIENTED_EDGE('',*,*,#2432,.T.);
#2569 = ORIENTED_EDGE('',*,*,#2464,.T.);
#2570 = ORIENTED_EDGE('',*,*,#2496,.T.);
#2571 = ORIENTED_EDGE('',*,*,#2518,.T.);
#2572 = ORIENTED_EDGE('',*,*,#2029,.T.);
#2573 = ORIENTED_EDGE('',*,*,#1986,.T.);
#2574 = ORIENTED_EDGE('',*,*,#2540,.T.);
#2575 = ORIENTED_EDGE('',*,*,#2079,.T.);
#2576 = PLANE('',#2577);
#2577 = AXIS2_PLACEMENT_3D('',#2578,#2579,#2580);
#2578 = CARTESIAN_POINT('',(-3.35,-2.6,-2.432842712475));
#2579 = DIRECTION('',(0.,-1.,2.22044604925E-16));
#2580 = DIRECTION('',(1.,0.,0.));
#2581 = ADVANCED_FACE('',(#2582),#2606,.F.);
#2582 = FACE_BOUND('',#2583,.T.);
#2583 = EDGE_LOOP('',(#2584,#2585,#2591,#2592,#2593,#2594,#2595,#2596,
    #2597,#2598,#2599,#2600,#2601,#2602,#2603,#2604,#2605));
#2584 = ORIENTED_EDGE('',*,*,#2165,.T.);
#2585 = ORIENTED_EDGE('',*,*,#2586,.T.);
#2586 = EDGE_CURVE('',#2158,#2096,#2587,.T.);
#2587 = LINE('',#2588,#2589);
#2588 = CARTESIAN_POINT('',(-3.35,-1.9,-3.110288568297));
#2589 = VECTOR('',#2590,1.);
#2590 = DIRECTION('',(-1.,0.,0.));
#2591 = ORIENTED_EDGE('',*,*,#2095,.F.);
#2592 = ORIENTED_EDGE('',*,*,#2533,.F.);
#2593 = ORIENTED_EDGE('',*,*,#2005,.F.);
#2594 = ORIENTED_EDGE('',*,*,#2046,.F.);
#2595 = ORIENTED_EDGE('',*,*,#2511,.F.);
#2596 = ORIENTED_EDGE('',*,*,#2480,.F.);
#2597 = ORIENTED_EDGE('',*,*,#2447,.F.);
#2598 = ORIENTED_EDGE('',*,*,#2416,.F.);
#2599 = ORIENTED_EDGE('',*,*,#2385,.T.);
#2600 = ORIENTED_EDGE('',*,*,#2354,.T.);
#2601 = ORIENTED_EDGE('',*,*,#2323,.T.);
#2602 = ORIENTED_EDGE('',*,*,#2290,.T.);
#2603 = ORIENTED_EDGE('',*,*,#2259,.T.);
#2604 = ORIENTED_EDGE('',*,*,#2228,.T.);
#2605 = ORIENTED_EDGE('',*,*,#2195,.T.);
#2606 = PLANE('',#2607);
#2607 = AXIS2_PLACEMENT_3D('',#2608,#2609,#2610);
#2608 = CARTESIAN_POINT('',(-3.35,-1.9,-2.432842712475));
#2609 = DIRECTION('',(0.,-1.,2.22044604925E-16));
#2610 = DIRECTION('',(1.,0.,0.));
#2611 = ADVANCED_FACE('',(#2612),#2618,.F.);
#2612 = FACE_BOUND('',#2613,.T.);
#2613 = EDGE_LOOP('',(#2614,#2615,#2616,#2617));
#2614 = ORIENTED_EDGE('',*,*,#2586,.F.);
#2615 = ORIENTED_EDGE('',*,*,#2157,.T.);
#2616 = ORIENTED_EDGE('',*,*,#2126,.F.);
#2617 = ORIENTED_EDGE('',*,*,#2103,.F.);
#2618 = PLANE('',#2619);
#2619 = AXIS2_PLACEMENT_3D('',#2620,#2621,#2622);
#2620 = CARTESIAN_POINT('',(-3.95,-2.125,-3.5));
#2621 = DIRECTION('',(0.,-0.866025403784,0.5));
#2622 = DIRECTION('',(1.,0.,0.));
#2623 = ADVANCED_FACE('',(#2624),#2630,.F.);
#2624 = FACE_BOUND('',#2625,.T.);
#2625 = EDGE_LOOP('',(#2626,#2627,#2628,#2629));
#2626 = ORIENTED_EDGE('',*,*,#2117,.T.);
#2627 = ORIENTED_EDGE('',*,*,#2148,.T.);
#2628 = ORIENTED_EDGE('',*,*,#2555,.T.);
#2629 = ORIENTED_EDGE('',*,*,#2071,.F.);
#2630 = PLANE('',#2631);
#2631 = AXIS2_PLACEMENT_3D('',#2632,#2633,#2634);
#2632 = CARTESIAN_POINT('',(-3.95,-2.85,-2.677275866405));
#2633 = DIRECTION('',(0.,0.866025403784,0.5));
#2634 = DIRECTION('',(-1.,0.,0.));
#2635 = MANIFOLD_SOLID_BREP('',#2636);
#2636 = CLOSED_SHELL('',(#2637,#2679,#2721,#2763,#2805,#2847,#2871,#2895
    ,#2919,#2943,#2967,#3063,#3159,#3181,#3203,#3225,#3247,#3259,#3271,
    #3283));
#2637 = ADVANCED_FACE('',(#2638),#2674,.F.);
#2638 = FACE_BOUND('',#2639,.F.);
#2639 = EDGE_LOOP('',(#2640,#2650,#2659,#2667));
#2640 = ORIENTED_EDGE('',*,*,#2641,.T.);
#2641 = EDGE_CURVE('',#2642,#2644,#2646,.T.);
#2642 = VERTEX_POINT('',#2643);
#2643 = CARTESIAN_POINT('',(-2.25,2.85,3.5));
#2644 = VERTEX_POINT('',#2645);
#2645 = CARTESIAN_POINT('',(-2.25,2.85,3.3));
#2646 = LINE('',#2647,#2648);
#2647 = CARTESIAN_POINT('',(-2.25,2.85,3.5));
#2648 = VECTOR('',#2649,1.);
#2649 = DIRECTION('',(0.,-2.22044604925E-16,-1.));
#2650 = ORIENTED_EDGE('',*,*,#2651,.T.);
#2651 = EDGE_CURVE('',#2644,#2652,#2654,.T.);
#2652 = VERTEX_POINT('',#2653);
#2653 = CARTESIAN_POINT('',(-2.25,1.65,3.3));
#2654 = CIRCLE('',#2655,0.6);
#2655 = AXIS2_PLACEMENT_3D('',#2656,#2657,#2658);
#2656 = CARTESIAN_POINT('',(-2.25,2.25,3.3));
#2657 = DIRECTION('',(-0.,2.22044604925E-16,1.));
#2658 = DIRECTION('',(0.,-1.,2.22044604925E-16));
#2659 = ORIENTED_EDGE('',*,*,#2660,.F.);
#2660 = EDGE_CURVE('',#2661,#2652,#2663,.T.);
#2661 = VERTEX_POINT('',#2662);
#2662 = CARTESIAN_POINT('',(-2.25,1.65,3.5));
#2663 = LINE('',#2664,#2665);
#2664 = CARTESIAN_POINT('',(-2.25,1.65,3.5));
#2665 = VECTOR('',#2666,1.);
#2666 = DIRECTION('',(0.,-2.22044604925E-16,-1.));
#2667 = ORIENTED_EDGE('',*,*,#2668,.F.);
#2668 = EDGE_CURVE('',#2642,#2661,#2669,.T.);
#2669 = CIRCLE('',#2670,0.6);
#2670 = AXIS2_PLACEMENT_3D('',#2671,#2672,#2673);
#2671 = CARTESIAN_POINT('',(-2.25,2.25,3.5));
#2672 = DIRECTION('',(-0.,2.22044604925E-16,1.));
#2673 = DIRECTION('',(0.,-1.,2.22044604925E-16));
#2674 = CYLINDRICAL_SURFACE('',#2675,0.6);
#2675 = AXIS2_PLACEMENT_3D('',#2676,#2677,#2678);
#2676 = CARTESIAN_POINT('',(-2.25,2.25,3.5));
#2677 = DIRECTION('',(0.,-2.22044604925E-16,-1.));
#2678 = DIRECTION('',(0.,1.,-2.22044604925E-16));
#2679 = ADVANCED_FACE('',(#2680),#2716,.F.);
#2680 = FACE_BOUND('',#2681,.F.);
#2681 = EDGE_LOOP('',(#2682,#2692,#2701,#2709));
#2682 = ORIENTED_EDGE('',*,*,#2683,.T.);
#2683 = EDGE_CURVE('',#2684,#2686,#2688,.T.);
#2684 = VERTEX_POINT('',#2685);
#2685 = CARTESIAN_POINT('',(2.25,2.85,3.5));
#2686 = VERTEX_POINT('',#2687);
#2687 = CARTESIAN_POINT('',(2.25,2.85,3.3));
#2688 = LINE('',#2689,#2690);
#2689 = CARTESIAN_POINT('',(2.25,2.85,3.5));
#2690 = VECTOR('',#2691,1.);
#2691 = DIRECTION('',(0.,-2.22044604925E-16,-1.));
#2692 = ORIENTED_EDGE('',*,*,#2693,.T.);
#2693 = EDGE_CURVE('',#2686,#2694,#2696,.T.);
#2694 = VERTEX_POINT('',#2695);
#2695 = CARTESIAN_POINT('',(2.25,1.65,3.3));
#2696 = CIRCLE('',#2697,0.6);
#2697 = AXIS2_PLACEMENT_3D('',#2698,#2699,#2700);
#2698 = CARTESIAN_POINT('',(2.25,2.25,3.3));
#2699 = DIRECTION('',(-0.,2.22044604925E-16,1.));
#2700 = DIRECTION('',(0.,-1.,2.22044604925E-16));
#2701 = ORIENTED_EDGE('',*,*,#2702,.F.);
#2702 = EDGE_CURVE('',#2703,#2694,#2705,.T.);
#2703 = VERTEX_POINT('',#2704);
#2704 = CARTESIAN_POINT('',(2.25,1.65,3.5));
#2705 = LINE('',#2706,#2707);
#2706 = CARTESIAN_POINT('',(2.25,1.65,3.5));
#2707 = VECTOR('',#2708,1.);
#2708 = DIRECTION('',(0.,-2.22044604925E-16,-1.));
#2709 = ORIENTED_EDGE('',*,*,#2710,.F.);
#2710 = EDGE_CURVE('',#2684,#2703,#2711,.T.);
#2711 = CIRCLE('',#2712,0.6);
#2712 = AXIS2_PLACEMENT_3D('',#2713,#2714,#2715);
#2713 = CARTESIAN_POINT('',(2.25,2.25,3.5));
#2714 = DIRECTION('',(-0.,2.22044604925E-16,1.));
#2715 = DIRECTION('',(0.,-1.,2.22044604925E-16));
#2716 = CYLINDRICAL_SURFACE('',#2717,0.6);
#2717 = AXIS2_PLACEMENT_3D('',#2718,#2719,#2720);
#2718 = CARTESIAN_POINT('',(2.25,2.25,3.5));
#2719 = DIRECTION('',(0.,-2.22044604925E-16,-1.));
#2720 = DIRECTION('',(0.,1.,-2.22044604925E-16));
#2721 = ADVANCED_FACE('',(#2722),#2758,.F.);
#2722 = FACE_BOUND('',#2723,.F.);
#2723 = EDGE_LOOP('',(#2724,#2734,#2743,#2751));
#2724 = ORIENTED_EDGE('',*,*,#2725,.T.);
#2725 = EDGE_CURVE('',#2726,#2728,#2730,.T.);
#2726 = VERTEX_POINT('',#2727);
#2727 = CARTESIAN_POINT('',(2.25,-1.65,3.5));
#2728 = VERTEX_POINT('',#2729);
#2729 = CARTESIAN_POINT('',(2.25,-1.65,3.3));
#2730 = LINE('',#2731,#2732);
#2731 = CARTESIAN_POINT('',(2.25,-1.65,3.5));
#2732 = VECTOR('',#2733,1.);
#2733 = DIRECTION('',(0.,-2.22044604925E-16,-1.));
#2734 = ORIENTED_EDGE('',*,*,#2735,.T.);
#2735 = EDGE_CURVE('',#2728,#2736,#2738,.T.);
#2736 = VERTEX_POINT('',#2737);
#2737 = CARTESIAN_POINT('',(2.25,-2.85,3.3));
#2738 = CIRCLE('',#2739,0.6);
#2739 = AXIS2_PLACEMENT_3D('',#2740,#2741,#2742);
#2740 = CARTESIAN_POINT('',(2.25,-2.25,3.3));
#2741 = DIRECTION('',(-0.,2.22044604925E-16,1.));
#2742 = DIRECTION('',(0.,-1.,2.22044604925E-16));
#2743 = ORIENTED_EDGE('',*,*,#2744,.F.);
#2744 = EDGE_CURVE('',#2745,#2736,#2747,.T.);
#2745 = VERTEX_POINT('',#2746);
#2746 = CARTESIAN_POINT('',(2.25,-2.85,3.5));
#2747 = LINE('',#2748,#2749);
#2748 = CARTESIAN_POINT('',(2.25,-2.85,3.5));
#2749 = VECTOR('',#2750,1.);
#2750 = DIRECTION('',(0.,-2.22044604925E-16,-1.));
#2751 = ORIENTED_EDGE('',*,*,#2752,.F.);
#2752 = EDGE_CURVE('',#2726,#2745,#2753,.T.);
#2753 = CIRCLE('',#2754,0.6);
#2754 = AXIS2_PLACEMENT_3D('',#2755,#2756,#2757);
#2755 = CARTESIAN_POINT('',(2.25,-2.25,3.5));
#2756 = DIRECTION('',(-0.,2.22044604925E-16,1.));
#2757 = DIRECTION('',(0.,-1.,2.22044604925E-16));
#2758 = CYLINDRICAL_SURFACE('',#2759,0.6);
#2759 = AXIS2_PLACEMENT_3D('',#2760,#2761,#2762);
#2760 = CARTESIAN_POINT('',(2.25,-2.25,3.5));
#2761 = DIRECTION('',(0.,-2.22044604925E-16,-1.));
#2762 = DIRECTION('',(0.,1.,-2.22044604925E-16));
#2763 = ADVANCED_FACE('',(#2764),#2800,.F.);
#2764 = FACE_BOUND('',#2765,.F.);
#2765 = EDGE_LOOP('',(#2766,#2776,#2785,#2793));
#2766 = ORIENTED_EDGE('',*,*,#2767,.T.);
#2767 = EDGE_CURVE('',#2768,#2770,#2772,.T.);
#2768 = VERTEX_POINT('',#2769);
#2769 = CARTESIAN_POINT('',(-2.25,-1.65,3.5));
#2770 = VERTEX_POINT('',#2771);
#2771 = CARTESIAN_POINT('',(-2.25,-1.65,3.3));
#2772 = LINE('',#2773,#2774);
#2773 = CARTESIAN_POINT('',(-2.25,-1.65,3.5));
#2774 = VECTOR('',#2775,1.);
#2775 = DIRECTION('',(0.,-2.22044604925E-16,-1.));
#2776 = ORIENTED_EDGE('',*,*,#2777,.T.);
#2777 = EDGE_CURVE('',#2770,#2778,#2780,.T.);
#2778 = VERTEX_POINT('',#2779);
#2779 = CARTESIAN_POINT('',(-2.25,-2.85,3.3));
#2780 = CIRCLE('',#2781,0.6);
#2781 = AXIS2_PLACEMENT_3D('',#2782,#2783,#2784);
#2782 = CARTESIAN_POINT('',(-2.25,-2.25,3.3));
#2783 = DIRECTION('',(-0.,2.22044604925E-16,1.));
#2784 = DIRECTION('',(0.,-1.,2.22044604925E-16));
#2785 = ORIENTED_EDGE('',*,*,#2786,.F.);
#2786 = EDGE_CURVE('',#2787,#2778,#2789,.T.);
#2787 = VERTEX_POINT('',#2788);
#2788 = CARTESIAN_POINT('',(-2.25,-2.85,3.5));
#2789 = LINE('',#2790,#2791);
#2790 = CARTESIAN_POINT('',(-2.25,-2.85,3.5));
#2791 = VECTOR('',#2792,1.);
#2792 = DIRECTION('',(0.,-2.22044604925E-16,-1.));
#2793 = ORIENTED_EDGE('',*,*,#2794,.F.);
#2794 = EDGE_CURVE('',#2768,#2787,#2795,.T.);
#2795 = CIRCLE('',#2796,0.6);
#2796 = AXIS2_PLACEMENT_3D('',#2797,#2798,#2799);
#2797 = CARTESIAN_POINT('',(-2.25,-2.25,3.5));
#2798 = DIRECTION('',(-0.,2.22044604925E-16,1.));
#2799 = DIRECTION('',(0.,-1.,2.22044604925E-16));
#2800 = CYLINDRICAL_SURFACE('',#2801,0.6);
#2801 = AXIS2_PLACEMENT_3D('',#2802,#2803,#2804);
#2802 = CARTESIAN_POINT('',(-2.25,-2.25,3.5));
#2803 = DIRECTION('',(0.,-2.22044604925E-16,-1.));
#2804 = DIRECTION('',(0.,1.,-2.22044604925E-16));
#2805 = ADVANCED_FACE('',(#2806),#2842,.F.);
#2806 = FACE_BOUND('',#2807,.F.);
#2807 = EDGE_LOOP('',(#2808,#2818,#2827,#2835));
#2808 = ORIENTED_EDGE('',*,*,#2809,.T.);
#2809 = EDGE_CURVE('',#2810,#2812,#2814,.T.);
#2810 = VERTEX_POINT('',#2811);
#2811 = CARTESIAN_POINT('',(0.,-1.85,3.3));
#2812 = VERTEX_POINT('',#2813);
#2813 = CARTESIAN_POINT('',(0.,-1.85,3.5));
#2814 = LINE('',#2815,#2816);
#2815 = CARTESIAN_POINT('',(0.,-1.85,3.3));
#2816 = VECTOR('',#2817,1.);
#2817 = DIRECTION('',(0.,2.22044604925E-16,1.));
#2818 = ORIENTED_EDGE('',*,*,#2819,.F.);
#2819 = EDGE_CURVE('',#2820,#2812,#2822,.T.);
#2820 = VERTEX_POINT('',#2821);
#2821 = CARTESIAN_POINT('',(2.22044604925E-16,1.85,3.5));
#2822 = CIRCLE('',#2823,1.85);
#2823 = AXIS2_PLACEMENT_3D('',#2824,#2825,#2826);
#2824 = CARTESIAN_POINT('',(0.,7.771561172376E-16,3.5));
#2825 = DIRECTION('',(-0.,2.22044604925E-16,1.));
#2826 = DIRECTION('',(0.,-1.,2.22044604925E-16));
#2827 = ORIENTED_EDGE('',*,*,#2828,.F.);
#2828 = EDGE_CURVE('',#2829,#2820,#2831,.T.);
#2829 = VERTEX_POINT('',#2830);
#2830 = CARTESIAN_POINT('',(2.22044604925E-16,1.85,3.3));
#2831 = LINE('',#2832,#2833);
#2832 = CARTESIAN_POINT('',(2.265596578423E-16,1.85,3.3));
#2833 = VECTOR('',#2834,1.);
#2834 = DIRECTION('',(0.,2.22044604925E-16,1.));
#2835 = ORIENTED_EDGE('',*,*,#2836,.T.);
#2836 = EDGE_CURVE('',#2829,#2810,#2837,.T.);
#2837 = CIRCLE('',#2838,1.85);
#2838 = AXIS2_PLACEMENT_3D('',#2839,#2840,#2841);
#2839 = CARTESIAN_POINT('',(0.,7.327471962526E-16,3.3));
#2840 = DIRECTION('',(-0.,2.22044604925E-16,1.));
#2841 = DIRECTION('',(0.,-1.,2.22044604925E-16));
#2842 = CYLINDRICAL_SURFACE('',#2843,1.85);
#2843 = AXIS2_PLACEMENT_3D('',#2844,#2845,#2846);
#2844 = CARTESIAN_POINT('',(0.,7.327471962526E-16,3.3));
#2845 = DIRECTION('',(0.,2.22044604925E-16,1.));
#2846 = DIRECTION('',(0.,-1.,2.22044604925E-16));
#2847 = ADVANCED_FACE('',(#2848),#2866,.F.);
#2848 = FACE_BOUND('',#2849,.F.);
#2849 = EDGE_LOOP('',(#2850,#2857,#2858,#2865));
#2850 = ORIENTED_EDGE('',*,*,#2851,.F.);
#2851 = EDGE_CURVE('',#2812,#2820,#2852,.T.);
#2852 = CIRCLE('',#2853,1.85);
#2853 = AXIS2_PLACEMENT_3D('',#2854,#2855,#2856);
#2854 = CARTESIAN_POINT('',(0.,7.771561172376E-16,3.5));
#2855 = DIRECTION('',(-0.,2.22044604925E-16,1.));
#2856 = DIRECTION('',(0.,-1.,2.22044604925E-16));
#2857 = ORIENTED_EDGE('',*,*,#2809,.F.);
#2858 = ORIENTED_EDGE('',*,*,#2859,.T.);
#2859 = EDGE_CURVE('',#2810,#2829,#2860,.T.);
#2860 = CIRCLE('',#2861,1.85);
#2861 = AXIS2_PLACEMENT_3D('',#2862,#2863,#2864);
#2862 = CARTESIAN_POINT('',(0.,7.327471962526E-16,3.3));
#2863 = DIRECTION('',(-0.,2.22044604925E-16,1.));
#2864 = DIRECTION('',(0.,-1.,2.22044604925E-16));
#2865 = ORIENTED_EDGE('',*,*,#2828,.T.);
#2866 = CYLINDRICAL_SURFACE('',#2867,1.85);
#2867 = AXIS2_PLACEMENT_3D('',#2868,#2869,#2870);
#2868 = CARTESIAN_POINT('',(0.,7.327471962526E-16,3.3));
#2869 = DIRECTION('',(0.,2.22044604925E-16,1.));
#2870 = DIRECTION('',(0.,-1.,2.22044604925E-16));
#2871 = ADVANCED_FACE('',(#2872),#2890,.F.);
#2872 = FACE_BOUND('',#2873,.F.);
#2873 = EDGE_LOOP('',(#2874,#2881,#2882,#2889));
#2874 = ORIENTED_EDGE('',*,*,#2875,.T.);
#2875 = EDGE_CURVE('',#2778,#2770,#2876,.T.);
#2876 = CIRCLE('',#2877,0.6);
#2877 = AXIS2_PLACEMENT_3D('',#2878,#2879,#2880);
#2878 = CARTESIAN_POINT('',(-2.25,-2.25,3.3));
#2879 = DIRECTION('',(-0.,2.22044604925E-16,1.));
#2880 = DIRECTION('',(0.,-1.,2.22044604925E-16));
#2881 = ORIENTED_EDGE('',*,*,#2767,.F.);
#2882 = ORIENTED_EDGE('',*,*,#2883,.F.);
#2883 = EDGE_CURVE('',#2787,#2768,#2884,.T.);
#2884 = CIRCLE('',#2885,0.6);
#2885 = AXIS2_PLACEMENT_3D('',#2886,#2887,#2888);
#2886 = CARTESIAN_POINT('',(-2.25,-2.25,3.5));
#2887 = DIRECTION('',(-0.,2.22044604925E-16,1.));
#2888 = DIRECTION('',(0.,-1.,2.22044604925E-16));
#2889 = ORIENTED_EDGE('',*,*,#2786,.T.);
#2890 = CYLINDRICAL_SURFACE('',#2891,0.6);
#2891 = AXIS2_PLACEMENT_3D('',#2892,#2893,#2894);
#2892 = CARTESIAN_POINT('',(-2.25,-2.25,3.5));
#2893 = DIRECTION('',(0.,-2.22044604925E-16,-1.));
#2894 = DIRECTION('',(0.,1.,-2.22044604925E-16));
#2895 = ADVANCED_FACE('',(#2896),#2914,.F.);
#2896 = FACE_BOUND('',#2897,.F.);
#2897 = EDGE_LOOP('',(#2898,#2905,#2906,#2913));
#2898 = ORIENTED_EDGE('',*,*,#2899,.T.);
#2899 = EDGE_CURVE('',#2736,#2728,#2900,.T.);
#2900 = CIRCLE('',#2901,0.6);
#2901 = AXIS2_PLACEMENT_3D('',#2902,#2903,#2904);
#2902 = CARTESIAN_POINT('',(2.25,-2.25,3.3));
#2903 = DIRECTION('',(-0.,2.22044604925E-16,1.));
#2904 = DIRECTION('',(0.,-1.,2.22044604925E-16));
#2905 = ORIENTED_EDGE('',*,*,#2725,.F.);
#2906 = ORIENTED_EDGE('',*,*,#2907,.F.);
#2907 = EDGE_CURVE('',#2745,#2726,#2908,.T.);
#2908 = CIRCLE('',#2909,0.6);
#2909 = AXIS2_PLACEMENT_3D('',#2910,#2911,#2912);
#2910 = CARTESIAN_POINT('',(2.25,-2.25,3.5));
#2911 = DIRECTION('',(-0.,2.22044604925E-16,1.));
#2912 = DIRECTION('',(0.,-1.,2.22044604925E-16));
#2913 = ORIENTED_EDGE('',*,*,#2744,.T.);
#2914 = CYLINDRICAL_SURFACE('',#2915,0.6);
#2915 = AXIS2_PLACEMENT_3D('',#2916,#2917,#2918);
#2916 = CARTESIAN_POINT('',(2.25,-2.25,3.5));
#2917 = DIRECTION('',(0.,-2.22044604925E-16,-1.));
#2918 = DIRECTION('',(0.,1.,-2.22044604925E-16));
#2919 = ADVANCED_FACE('',(#2920),#2938,.F.);
#2920 = FACE_BOUND('',#2921,.F.);
#2921 = EDGE_LOOP('',(#2922,#2929,#2930,#2937));
#2922 = ORIENTED_EDGE('',*,*,#2923,.T.);
#2923 = EDGE_CURVE('',#2694,#2686,#2924,.T.);
#2924 = CIRCLE('',#2925,0.6);
#2925 = AXIS2_PLACEMENT_3D('',#2926,#2927,#2928);
#2926 = CARTESIAN_POINT('',(2.25,2.25,3.3));
#2927 = DIRECTION('',(-0.,2.22044604925E-16,1.));
#2928 = DIRECTION('',(0.,-1.,2.22044604925E-16));
#2929 = ORIENTED_EDGE('',*,*,#2683,.F.);
#2930 = ORIENTED_EDGE('',*,*,#2931,.F.);
#2931 = EDGE_CURVE('',#2703,#2684,#2932,.T.);
#2932 = CIRCLE('',#2933,0.6);
#2933 = AXIS2_PLACEMENT_3D('',#2934,#2935,#2936);
#2934 = CARTESIAN_POINT('',(2.25,2.25,3.5));
#2935 = DIRECTION('',(-0.,2.22044604925E-16,1.));
#2936 = DIRECTION('',(0.,-1.,2.22044604925E-16));
#2937 = ORIENTED_EDGE('',*,*,#2702,.T.);
#2938 = CYLINDRICAL_SURFACE('',#2939,0.6);
#2939 = AXIS2_PLACEMENT_3D('',#2940,#2941,#2942);
#2940 = CARTESIAN_POINT('',(2.25,2.25,3.5));
#2941 = DIRECTION('',(0.,-2.22044604925E-16,-1.));
#2942 = DIRECTION('',(0.,1.,-2.22044604925E-16));
#2943 = ADVANCED_FACE('',(#2944),#2962,.F.);
#2944 = FACE_BOUND('',#2945,.F.);
#2945 = EDGE_LOOP('',(#2946,#2953,#2954,#2961));
#2946 = ORIENTED_EDGE('',*,*,#2947,.T.);
#2947 = EDGE_CURVE('',#2652,#2644,#2948,.T.);
#2948 = CIRCLE('',#2949,0.6);
#2949 = AXIS2_PLACEMENT_3D('',#2950,#2951,#2952);
#2950 = CARTESIAN_POINT('',(-2.25,2.25,3.3));
#2951 = DIRECTION('',(-0.,2.22044604925E-16,1.));
#2952 = DIRECTION('',(0.,-1.,2.22044604925E-16));
#2953 = ORIENTED_EDGE('',*,*,#2641,.F.);
#2954 = ORIENTED_EDGE('',*,*,#2955,.F.);
#2955 = EDGE_CURVE('',#2661,#2642,#2956,.T.);
#2956 = CIRCLE('',#2957,0.6);
#2957 = AXIS2_PLACEMENT_3D('',#2958,#2959,#2960);
#2958 = CARTESIAN_POINT('',(-2.25,2.25,3.5));
#2959 = DIRECTION('',(-0.,2.22044604925E-16,1.));
#2960 = DIRECTION('',(0.,-1.,2.22044604925E-16));
#2961 = ORIENTED_EDGE('',*,*,#2660,.T.);
#2962 = CYLINDRICAL_SURFACE('',#2963,0.6);
#2963 = AXIS2_PLACEMENT_3D('',#2964,#2965,#2966);
#2964 = CARTESIAN_POINT('',(-2.25,2.25,3.5));
#2965 = DIRECTION('',(0.,-2.22044604925E-16,-1.));
#2966 = DIRECTION('',(0.,1.,-2.22044604925E-16));
#2967 = ADVANCED_FACE('',(#2968,#2972,#3042,#3046,#3050,#3054),#3058,.T.
  );
#2968 = FACE_BOUND('',#2969,.T.);
#2969 = EDGE_LOOP('',(#2970,#2971));
#2970 = ORIENTED_EDGE('',*,*,#2851,.F.);
#2971 = ORIENTED_EDGE('',*,*,#2819,.F.);
#2972 = FACE_BOUND('',#2973,.T.);
#2973 = EDGE_LOOP('',(#2974,#2984,#2993,#3001,#3010,#3018,#3027,#3035));
#2974 = ORIENTED_EDGE('',*,*,#2975,.T.);
#2975 = EDGE_CURVE('',#2976,#2978,#2980,.T.);
#2976 = VERTEX_POINT('',#2977);
#2977 = CARTESIAN_POINT('',(2.85,3.,3.5));
#2978 = VERTEX_POINT('',#2979);
#2979 = CARTESIAN_POINT('',(-2.85,3.,3.5));
#2980 = LINE('',#2981,#2982);
#2981 = CARTESIAN_POINT('',(3.,3.,3.5));
#2982 = VECTOR('',#2983,1.);
#2983 = DIRECTION('',(-1.,0.,0.));
#2984 = ORIENTED_EDGE('',*,*,#2985,.T.);
#2985 = EDGE_CURVE('',#2978,#2986,#2988,.T.);
#2986 = VERTEX_POINT('',#2987);
#2987 = CARTESIAN_POINT('',(-3.,2.85,3.5));
#2988 = CIRCLE('',#2989,0.15);
#2989 = AXIS2_PLACEMENT_3D('',#2990,#2991,#2992);
#2990 = CARTESIAN_POINT('',(-2.85,2.85,3.5));
#2991 = DIRECTION('',(-0.,2.22044604925E-16,1.));
#2992 = DIRECTION('',(0.,-1.,2.22044604925E-16));
#2993 = ORIENTED_EDGE('',*,*,#2994,.T.);
#2994 = EDGE_CURVE('',#2986,#2995,#2997,.T.);
#2995 = VERTEX_POINT('',#2996);
#2996 = CARTESIAN_POINT('',(-3.,-2.85,3.5));
#2997 = LINE('',#2998,#2999);
#2998 = CARTESIAN_POINT('',(-3.,3.,3.5));
#2999 = VECTOR('',#3000,1.);
#3000 = DIRECTION('',(1.445602896647E-16,-1.,2.22044604925E-16));
#3001 = ORIENTED_EDGE('',*,*,#3002,.T.);
#3002 = EDGE_CURVE('',#2995,#3003,#3005,.T.);
#3003 = VERTEX_POINT('',#3004);
#3004 = CARTESIAN_POINT('',(-2.85,-3.,3.5));
#3005 = CIRCLE('',#3006,0.15);
#3006 = AXIS2_PLACEMENT_3D('',#3007,#3008,#3009);
#3007 = CARTESIAN_POINT('',(-2.85,-2.85,3.5));
#3008 = DIRECTION('',(-0.,2.22044604925E-16,1.));
#3009 = DIRECTION('',(0.,-1.,2.22044604925E-16));
#3010 = ORIENTED_EDGE('',*,*,#3011,.T.);
#3011 = EDGE_CURVE('',#3003,#3012,#3014,.T.);
#3012 = VERTEX_POINT('',#3013);
#3013 = CARTESIAN_POINT('',(2.85,-3.,3.5));
#3014 = LINE('',#3015,#3016);
#3015 = CARTESIAN_POINT('',(-3.,-3.,3.5));
#3016 = VECTOR('',#3017,1.);
#3017 = DIRECTION('',(1.,0.,0.));
#3018 = ORIENTED_EDGE('',*,*,#3019,.T.);
#3019 = EDGE_CURVE('',#3012,#3020,#3022,.T.);
#3020 = VERTEX_POINT('',#3021);
#3021 = CARTESIAN_POINT('',(3.,-2.85,3.5));
#3022 = CIRCLE('',#3023,0.15);
#3023 = AXIS2_PLACEMENT_3D('',#3024,#3025,#3026);
#3024 = CARTESIAN_POINT('',(2.85,-2.85,3.5));
#3025 = DIRECTION('',(-0.,2.22044604925E-16,1.));
#3026 = DIRECTION('',(0.,-1.,2.22044604925E-16));
#3027 = ORIENTED_EDGE('',*,*,#3028,.T.);
#3028 = EDGE_CURVE('',#3020,#3029,#3031,.T.);
#3029 = VERTEX_POINT('',#3030);
#3030 = CARTESIAN_POINT('',(3.,2.85,3.5));
#3031 = LINE('',#3032,#3033);
#3032 = CARTESIAN_POINT('',(3.,-3.,3.5));
#3033 = VECTOR('',#3034,1.);
#3034 = DIRECTION('',(-2.168404344971E-16,1.,-2.22044604925E-16));
#3035 = ORIENTED_EDGE('',*,*,#3036,.T.);
#3036 = EDGE_CURVE('',#3029,#2976,#3037,.T.);
#3037 = CIRCLE('',#3038,0.15);
#3038 = AXIS2_PLACEMENT_3D('',#3039,#3040,#3041);
#3039 = CARTESIAN_POINT('',(2.85,2.85,3.5));
#3040 = DIRECTION('',(-0.,2.22044604925E-16,1.));
#3041 = DIRECTION('',(0.,-1.,2.22044604925E-16));
#3042 = FACE_BOUND('',#3043,.T.);
#3043 = EDGE_LOOP('',(#3044,#3045));
#3044 = ORIENTED_EDGE('',*,*,#2752,.F.);
#3045 = ORIENTED_EDGE('',*,*,#2907,.F.);
#3046 = FACE_BOUND('',#3047,.T.);
#3047 = EDGE_LOOP('',(#3048,#3049));
#3048 = ORIENTED_EDGE('',*,*,#2668,.F.);
#3049 = ORIENTED_EDGE('',*,*,#2955,.F.);
#3050 = FACE_BOUND('',#3051,.T.);
#3051 = EDGE_LOOP('',(#3052,#3053));
#3052 = ORIENTED_EDGE('',*,*,#2710,.F.);
#3053 = ORIENTED_EDGE('',*,*,#2931,.F.);
#3054 = FACE_BOUND('',#3055,.T.);
#3055 = EDGE_LOOP('',(#3056,#3057));
#3056 = ORIENTED_EDGE('',*,*,#2794,.F.);
#3057 = ORIENTED_EDGE('',*,*,#2883,.F.);
#3058 = PLANE('',#3059);
#3059 = AXIS2_PLACEMENT_3D('',#3060,#3061,#3062);
#3060 = CARTESIAN_POINT('',(0.,7.771561172376E-16,3.5));
#3061 = DIRECTION('',(0.,2.22044604925E-16,1.));
#3062 = DIRECTION('',(1.,0.,0.));
#3063 = ADVANCED_FACE('',(#3064,#3068,#3138,#3142,#3146,#3150),#3154,.F.
  );
#3064 = FACE_BOUND('',#3065,.T.);
#3065 = EDGE_LOOP('',(#3066,#3067));
#3066 = ORIENTED_EDGE('',*,*,#2859,.T.);
#3067 = ORIENTED_EDGE('',*,*,#2836,.T.);
#3068 = FACE_BOUND('',#3069,.T.);
#3069 = EDGE_LOOP('',(#3070,#3080,#3089,#3097,#3106,#3114,#3123,#3131));
#3070 = ORIENTED_EDGE('',*,*,#3071,.F.);
#3071 = EDGE_CURVE('',#3072,#3074,#3076,.T.);
#3072 = VERTEX_POINT('',#3073);
#3073 = CARTESIAN_POINT('',(-3.,2.85,3.3));
#3074 = VERTEX_POINT('',#3075);
#3075 = CARTESIAN_POINT('',(-3.,-2.85,3.3));
#3076 = LINE('',#3077,#3078);
#3077 = CARTESIAN_POINT('',(-3.,3.,3.3));
#3078 = VECTOR('',#3079,1.);
#3079 = DIRECTION('',(1.445602896647E-16,-1.,2.22044604925E-16));
#3080 = ORIENTED_EDGE('',*,*,#3081,.T.);
#3081 = EDGE_CURVE('',#3072,#3082,#3084,.T.);
#3082 = VERTEX_POINT('',#3083);
#3083 = CARTESIAN_POINT('',(-2.85,3.,3.3));
#3084 = CIRCLE('',#3085,0.15);
#3085 = AXIS2_PLACEMENT_3D('',#3086,#3087,#3088);
#3086 = CARTESIAN_POINT('',(-2.85,2.85,3.3));
#3087 = DIRECTION('',(-0.,-2.22044604925E-16,-1.));
#3088 = DIRECTION('',(0.,-1.,2.22044604925E-16));
#3089 = ORIENTED_EDGE('',*,*,#3090,.F.);
#3090 = EDGE_CURVE('',#3091,#3082,#3093,.T.);
#3091 = VERTEX_POINT('',#3092);
#3092 = CARTESIAN_POINT('',(2.85,3.,3.3));
#3093 = LINE('',#3094,#3095);
#3094 = CARTESIAN_POINT('',(3.,3.,3.3));
#3095 = VECTOR('',#3096,1.);
#3096 = DIRECTION('',(-1.,0.,0.));
#3097 = ORIENTED_EDGE('',*,*,#3098,.T.);
#3098 = EDGE_CURVE('',#3091,#3099,#3101,.T.);
#3099 = VERTEX_POINT('',#3100);
#3100 = CARTESIAN_POINT('',(3.,2.85,3.3));
#3101 = CIRCLE('',#3102,0.15);
#3102 = AXIS2_PLACEMENT_3D('',#3103,#3104,#3105);
#3103 = CARTESIAN_POINT('',(2.85,2.85,3.3));
#3104 = DIRECTION('',(-0.,-2.22044604925E-16,-1.));
#3105 = DIRECTION('',(0.,-1.,2.22044604925E-16));
#3106 = ORIENTED_EDGE('',*,*,#3107,.F.);
#3107 = EDGE_CURVE('',#3108,#3099,#3110,.T.);
#3108 = VERTEX_POINT('',#3109);
#3109 = CARTESIAN_POINT('',(3.,-2.85,3.3));
#3110 = LINE('',#3111,#3112);
#3111 = CARTESIAN_POINT('',(3.,-3.,3.3));
#3112 = VECTOR('',#3113,1.);
#3113 = DIRECTION('',(-2.168404344971E-16,1.,-2.22044604925E-16));
#3114 = ORIENTED_EDGE('',*,*,#3115,.T.);
#3115 = EDGE_CURVE('',#3108,#3116,#3118,.T.);
#3116 = VERTEX_POINT('',#3117);
#3117 = CARTESIAN_POINT('',(2.85,-3.,3.3));
#3118 = CIRCLE('',#3119,0.15);
#3119 = AXIS2_PLACEMENT_3D('',#3120,#3121,#3122);
#3120 = CARTESIAN_POINT('',(2.85,-2.85,3.3));
#3121 = DIRECTION('',(-0.,-2.22044604925E-16,-1.));
#3122 = DIRECTION('',(0.,-1.,2.22044604925E-16));
#3123 = ORIENTED_EDGE('',*,*,#3124,.F.);
#3124 = EDGE_CURVE('',#3125,#3116,#3127,.T.);
#3125 = VERTEX_POINT('',#3126);
#3126 = CARTESIAN_POINT('',(-2.85,-3.,3.3));
#3127 = LINE('',#3128,#3129);
#3128 = CARTESIAN_POINT('',(-3.,-3.,3.3));
#3129 = VECTOR('',#3130,1.);
#3130 = DIRECTION('',(1.,0.,0.));
#3131 = ORIENTED_EDGE('',*,*,#3132,.T.);
#3132 = EDGE_CURVE('',#3125,#3074,#3133,.T.);
#3133 = CIRCLE('',#3134,0.15);
#3134 = AXIS2_PLACEMENT_3D('',#3135,#3136,#3137);
#3135 = CARTESIAN_POINT('',(-2.85,-2.85,3.3));
#3136 = DIRECTION('',(-0.,-2.22044604925E-16,-1.));
#3137 = DIRECTION('',(0.,-1.,2.22044604925E-16));
#3138 = FACE_BOUND('',#3139,.T.);
#3139 = EDGE_LOOP('',(#3140,#3141));
#3140 = ORIENTED_EDGE('',*,*,#2651,.T.);
#3141 = ORIENTED_EDGE('',*,*,#2947,.T.);
#3142 = FACE_BOUND('',#3143,.T.);
#3143 = EDGE_LOOP('',(#3144,#3145));
#3144 = ORIENTED_EDGE('',*,*,#2693,.T.);
#3145 = ORIENTED_EDGE('',*,*,#2923,.T.);
#3146 = FACE_BOUND('',#3147,.T.);
#3147 = EDGE_LOOP('',(#3148,#3149));
#3148 = ORIENTED_EDGE('',*,*,#2735,.T.);
#3149 = ORIENTED_EDGE('',*,*,#2899,.T.);
#3150 = FACE_BOUND('',#3151,.T.);
#3151 = EDGE_LOOP('',(#3152,#3153));
#3152 = ORIENTED_EDGE('',*,*,#2777,.T.);
#3153 = ORIENTED_EDGE('',*,*,#2875,.T.);
#3154 = PLANE('',#3155);
#3155 = AXIS2_PLACEMENT_3D('',#3156,#3157,#3158);
#3156 = CARTESIAN_POINT('',(0.,7.327471962526E-16,3.3));
#3157 = DIRECTION('',(0.,2.22044604925E-16,1.));
#3158 = DIRECTION('',(1.,0.,0.));
#3159 = ADVANCED_FACE('',(#3160),#3176,.F.);
#3160 = FACE_BOUND('',#3161,.T.);
#3161 = EDGE_LOOP('',(#3162,#3163,#3169,#3170));
#3162 = ORIENTED_EDGE('',*,*,#3124,.T.);
#3163 = ORIENTED_EDGE('',*,*,#3164,.T.);
#3164 = EDGE_CURVE('',#3116,#3012,#3165,.T.);
#3165 = LINE('',#3166,#3167);
#3166 = CARTESIAN_POINT('',(2.85,-3.,3.5));
#3167 = VECTOR('',#3168,1.);
#3168 = DIRECTION('',(0.,2.22044604925E-16,1.));
#3169 = ORIENTED_EDGE('',*,*,#3011,.F.);
#3170 = ORIENTED_EDGE('',*,*,#3171,.T.);
#3171 = EDGE_CURVE('',#3003,#3125,#3172,.T.);
#3172 = LINE('',#3173,#3174);
#3173 = CARTESIAN_POINT('',(-2.85,-3.,3.5));
#3174 = VECTOR('',#3175,1.);
#3175 = DIRECTION('',(0.,-2.22044604925E-16,-1.));
#3176 = PLANE('',#3177);
#3177 = AXIS2_PLACEMENT_3D('',#3178,#3179,#3180);
#3178 = CARTESIAN_POINT('',(-3.,-3.,3.5));
#3179 = DIRECTION('',(0.,1.,-2.22044604925E-16));
#3180 = DIRECTION('',(0.,-2.22044604925E-16,-1.));
#3181 = ADVANCED_FACE('',(#3182),#3198,.F.);
#3182 = FACE_BOUND('',#3183,.T.);
#3183 = EDGE_LOOP('',(#3184,#3185,#3191,#3192));
#3184 = ORIENTED_EDGE('',*,*,#3107,.T.);
#3185 = ORIENTED_EDGE('',*,*,#3186,.T.);
#3186 = EDGE_CURVE('',#3099,#3029,#3187,.T.);
#3187 = LINE('',#3188,#3189);
#3188 = CARTESIAN_POINT('',(3.,2.85,3.5));
#3189 = VECTOR('',#3190,1.);
#3190 = DIRECTION('',(0.,2.22044604925E-16,1.));
#3191 = ORIENTED_EDGE('',*,*,#3028,.F.);
#3192 = ORIENTED_EDGE('',*,*,#3193,.T.);
#3193 = EDGE_CURVE('',#3020,#3108,#3194,.T.);
#3194 = LINE('',#3195,#3196);
#3195 = CARTESIAN_POINT('',(3.,-2.85,3.5));
#3196 = VECTOR('',#3197,1.);
#3197 = DIRECTION('',(0.,-2.22044604925E-16,-1.));
#3198 = PLANE('',#3199);
#3199 = AXIS2_PLACEMENT_3D('',#3200,#3201,#3202);
#3200 = CARTESIAN_POINT('',(3.,-3.,3.5));
#3201 = DIRECTION('',(-1.,-2.168404344971E-16,4.814824860968E-32));
#3202 = DIRECTION('',(0.,2.22044604925E-16,1.));
#3203 = ADVANCED_FACE('',(#3204),#3220,.F.);
#3204 = FACE_BOUND('',#3205,.T.);
#3205 = EDGE_LOOP('',(#3206,#3207,#3213,#3214));
#3206 = ORIENTED_EDGE('',*,*,#3090,.T.);
#3207 = ORIENTED_EDGE('',*,*,#3208,.T.);
#3208 = EDGE_CURVE('',#3082,#2978,#3209,.T.);
#3209 = LINE('',#3210,#3211);
#3210 = CARTESIAN_POINT('',(-2.85,3.,3.5));
#3211 = VECTOR('',#3212,1.);
#3212 = DIRECTION('',(0.,2.22044604925E-16,1.));
#3213 = ORIENTED_EDGE('',*,*,#2975,.F.);
#3214 = ORIENTED_EDGE('',*,*,#3215,.T.);
#3215 = EDGE_CURVE('',#2976,#3091,#3216,.T.);
#3216 = LINE('',#3217,#3218);
#3217 = CARTESIAN_POINT('',(2.85,3.,3.5));
#3218 = VECTOR('',#3219,1.);
#3219 = DIRECTION('',(0.,-2.22044604925E-16,-1.));
#3220 = PLANE('',#3221);
#3221 = AXIS2_PLACEMENT_3D('',#3222,#3223,#3224);
#3222 = CARTESIAN_POINT('',(3.,3.,3.5));
#3223 = DIRECTION('',(0.,-1.,2.22044604925E-16));
#3224 = DIRECTION('',(1.,0.,0.));
#3225 = ADVANCED_FACE('',(#3226),#3242,.F.);
#3226 = FACE_BOUND('',#3227,.T.);
#3227 = EDGE_LOOP('',(#3228,#3229,#3235,#3236));
#3228 = ORIENTED_EDGE('',*,*,#2994,.F.);
#3229 = ORIENTED_EDGE('',*,*,#3230,.T.);
#3230 = EDGE_CURVE('',#2986,#3072,#3231,.T.);
#3231 = LINE('',#3232,#3233);
#3232 = CARTESIAN_POINT('',(-3.,2.85,3.5));
#3233 = VECTOR('',#3234,1.);
#3234 = DIRECTION('',(0.,-2.22044604925E-16,-1.));
#3235 = ORIENTED_EDGE('',*,*,#3071,.T.);
#3236 = ORIENTED_EDGE('',*,*,#3237,.T.);
#3237 = EDGE_CURVE('',#3074,#2995,#3238,.T.);
#3238 = LINE('',#3239,#3240);
#3239 = CARTESIAN_POINT('',(-3.,-2.85,3.5));
#3240 = VECTOR('',#3241,1.);
#3241 = DIRECTION('',(0.,2.22044604925E-16,1.));
#3242 = PLANE('',#3243);
#3243 = AXIS2_PLACEMENT_3D('',#3244,#3245,#3246);
#3244 = CARTESIAN_POINT('',(-3.,3.,3.5));
#3245 = DIRECTION('',(1.,1.445602896647E-16,-3.209883240645E-32));
#3246 = DIRECTION('',(0.,2.22044604925E-16,1.));
#3247 = ADVANCED_FACE('',(#3248),#3254,.T.);
#3248 = FACE_BOUND('',#3249,.T.);
#3249 = EDGE_LOOP('',(#3250,#3251,#3252,#3253));
#3250 = ORIENTED_EDGE('',*,*,#2985,.F.);
#3251 = ORIENTED_EDGE('',*,*,#3208,.F.);
#3252 = ORIENTED_EDGE('',*,*,#3081,.F.);
#3253 = ORIENTED_EDGE('',*,*,#3230,.F.);
#3254 = CYLINDRICAL_SURFACE('',#3255,0.15);
#3255 = AXIS2_PLACEMENT_3D('',#3256,#3257,#3258);
#3256 = CARTESIAN_POINT('',(-2.85,2.85,3.5));
#3257 = DIRECTION('',(0.,-2.22044604925E-16,-1.));
#3258 = DIRECTION('',(0.,1.,-2.22044604925E-16));
#3259 = ADVANCED_FACE('',(#3260),#3266,.T.);
#3260 = FACE_BOUND('',#3261,.T.);
#3261 = EDGE_LOOP('',(#3262,#3263,#3264,#3265));
#3262 = ORIENTED_EDGE('',*,*,#3036,.F.);
#3263 = ORIENTED_EDGE('',*,*,#3186,.F.);
#3264 = ORIENTED_EDGE('',*,*,#3098,.F.);
#3265 = ORIENTED_EDGE('',*,*,#3215,.F.);
#3266 = CYLINDRICAL_SURFACE('',#3267,0.15);
#3267 = AXIS2_PLACEMENT_3D('',#3268,#3269,#3270);
#3268 = CARTESIAN_POINT('',(2.85,2.85,3.5));
#3269 = DIRECTION('',(0.,-2.22044604925E-16,-1.));
#3270 = DIRECTION('',(0.,1.,-2.22044604925E-16));
#3271 = ADVANCED_FACE('',(#3272),#3278,.T.);
#3272 = FACE_BOUND('',#3273,.T.);
#3273 = EDGE_LOOP('',(#3274,#3275,#3276,#3277));
#3274 = ORIENTED_EDGE('',*,*,#3019,.F.);
#3275 = ORIENTED_EDGE('',*,*,#3164,.F.);
#3276 = ORIENTED_EDGE('',*,*,#3115,.F.);
#3277 = ORIENTED_EDGE('',*,*,#3193,.F.);
#3278 = CYLINDRICAL_SURFACE('',#3279,0.15);
#3279 = AXIS2_PLACEMENT_3D('',#3280,#3281,#3282);
#3280 = CARTESIAN_POINT('',(2.85,-2.85,3.5));
#3281 = DIRECTION('',(0.,-2.22044604925E-16,-1.));
#3282 = DIRECTION('',(0.,1.,-2.22044604925E-16));
#3283 = ADVANCED_FACE('',(#3284),#3290,.T.);
#3284 = FACE_BOUND('',#3285,.T.);
#3285 = EDGE_LOOP('',(#3286,#3287,#3288,#3289));
#3286 = ORIENTED_EDGE('',*,*,#3002,.F.);
#3287 = ORIENTED_EDGE('',*,*,#3237,.F.);
#3288 = ORIENTED_EDGE('',*,*,#3132,.F.);
#3289 = ORIENTED_EDGE('',*,*,#3171,.F.);
#3290 = CYLINDRICAL_SURFACE('',#3291,0.15);
#3291 = AXIS2_PLACEMENT_3D('',#3292,#3293,#3294);
#3292 = CARTESIAN_POINT('',(-2.85,-2.85,3.5));
#3293 = DIRECTION('',(0.,-2.22044604925E-16,-1.));
#3294 = DIRECTION('',(0.,1.,-2.22044604925E-16));
#3295 = MANIFOLD_SOLID_BREP('',#3296);
#3296 = CLOSED_SHELL('',(#3297,#3348,#3399,#3450,#3501,#3543,#3583,#3601
    ,#3619,#3647,#3665,#3693,#3711,#3739,#3757,#3785,#3803,#3861,#3924,
    #3955,#4018,#4058,#4118,#4149,#4171,#4183,#4195,#4207,#4219,#4231,
    #4243));
#3297 = ADVANCED_FACE('',(#3298),#3343,.T.);
#3298 = FACE_BOUND('',#3299,.T.);
#3299 = EDGE_LOOP('',(#3300,#3311,#3319,#3328,#3336));
#3300 = ORIENTED_EDGE('',*,*,#3301,.F.);
#3301 = EDGE_CURVE('',#3302,#3304,#3306,.T.);
#3302 = VERTEX_POINT('',#3303);
#3303 = CARTESIAN_POINT('',(-2.25,1.65,3.8));
#3304 = VERTEX_POINT('',#3305);
#3305 = CARTESIAN_POINT('',(-1.65,2.25,3.8));
#3306 = CIRCLE('',#3307,0.6);
#3307 = AXIS2_PLACEMENT_3D('',#3308,#3309,#3310);
#3308 = CARTESIAN_POINT('',(-2.25,2.25,3.8));
#3309 = DIRECTION('',(-0.,2.22044604925E-16,1.));
#3310 = DIRECTION('',(0.,-1.,2.22044604925E-16));
#3311 = ORIENTED_EDGE('',*,*,#3312,.T.);
#3312 = EDGE_CURVE('',#3302,#3313,#3315,.T.);
#3313 = VERTEX_POINT('',#3314);
#3314 = CARTESIAN_POINT('',(-2.25,1.65,3.3));
#3315 = LINE('',#3316,#3317);
#3316 = CARTESIAN_POINT('',(-2.25,1.65,3.8));
#3317 = VECTOR('',#3318,1.);
#3318 = DIRECTION('',(0.,-2.22044604925E-16,-1.));
#3319 = ORIENTED_EDGE('',*,*,#3320,.T.);
#3320 = EDGE_CURVE('',#3313,#3321,#3323,.T.);
#3321 = VERTEX_POINT('',#3322);
#3322 = CARTESIAN_POINT('',(-2.25,2.85,3.3));
#3323 = CIRCLE('',#3324,0.6);
#3324 = AXIS2_PLACEMENT_3D('',#3325,#3326,#3327);
#3325 = CARTESIAN_POINT('',(-2.25,2.25,3.3));
#3326 = DIRECTION('',(-0.,2.22044604925E-16,1.));
#3327 = DIRECTION('',(0.,-1.,2.22044604925E-16));
#3328 = ORIENTED_EDGE('',*,*,#3329,.F.);
#3329 = EDGE_CURVE('',#3330,#3321,#3332,.T.);
#3330 = VERTEX_POINT('',#3331);
#3331 = CARTESIAN_POINT('',(-2.25,2.85,3.8));
#3332 = LINE('',#3333,#3334);
#3333 = CARTESIAN_POINT('',(-2.25,2.85,3.8));
#3334 = VECTOR('',#3335,1.);
#3335 = DIRECTION('',(0.,-2.22044604925E-16,-1.));
#3336 = ORIENTED_EDGE('',*,*,#3337,.F.);
#3337 = EDGE_CURVE('',#3304,#3330,#3338,.T.);
#3338 = CIRCLE('',#3339,0.6);
#3339 = AXIS2_PLACEMENT_3D('',#3340,#3341,#3342);
#3340 = CARTESIAN_POINT('',(-2.25,2.25,3.8));
#3341 = DIRECTION('',(-0.,2.22044604925E-16,1.));
#3342 = DIRECTION('',(0.,-1.,2.22044604925E-16));
#3343 = CYLINDRICAL_SURFACE('',#3344,0.6);
#3344 = AXIS2_PLACEMENT_3D('',#3345,#3346,#3347);
#3345 = CARTESIAN_POINT('',(-2.25,2.25,3.8));
#3346 = DIRECTION('',(0.,-2.22044604925E-16,-1.));
#3347 = DIRECTION('',(0.,1.,-2.22044604925E-16));
#3348 = ADVANCED_FACE('',(#3349),#3394,.T.);
#3349 = FACE_BOUND('',#3350,.T.);
#3350 = EDGE_LOOP('',(#3351,#3362,#3370,#3379,#3387));
#3351 = ORIENTED_EDGE('',*,*,#3352,.F.);
#3352 = EDGE_CURVE('',#3353,#3355,#3357,.T.);
#3353 = VERTEX_POINT('',#3354);
#3354 = CARTESIAN_POINT('',(2.25,1.65,3.8));
#3355 = VERTEX_POINT('',#3356);
#3356 = CARTESIAN_POINT('',(2.85,2.25,3.8));
#3357 = CIRCLE('',#3358,0.6);
#3358 = AXIS2_PLACEMENT_3D('',#3359,#3360,#3361);
#3359 = CARTESIAN_POINT('',(2.25,2.25,3.8));
#3360 = DIRECTION('',(-0.,2.22044604925E-16,1.));
#3361 = DIRECTION('',(0.,-1.,2.22044604925E-16));
#3362 = ORIENTED_EDGE('',*,*,#3363,.T.);
#3363 = EDGE_CURVE('',#3353,#3364,#3366,.T.);
#3364 = VERTEX_POINT('',#3365);
#3365 = CARTESIAN_POINT('',(2.25,1.65,3.3));
#3366 = LINE('',#3367,#3368);
#3367 = CARTESIAN_POINT('',(2.25,1.65,3.8));
#3368 = VECTOR('',#3369,1.);
#3369 = DIRECTION('',(0.,-2.22044604925E-16,-1.));
#3370 = ORIENTED_EDGE('',*,*,#3371,.T.);
#3371 = EDGE_CURVE('',#3364,#3372,#3374,.T.);
#3372 = VERTEX_POINT('',#3373);
#3373 = CARTESIAN_POINT('',(2.25,2.85,3.3));
#3374 = CIRCLE('',#3375,0.6);
#3375 = AXIS2_PLACEMENT_3D('',#3376,#3377,#3378);
#3376 = CARTESIAN_POINT('',(2.25,2.25,3.3));
#3377 = DIRECTION('',(-0.,2.22044604925E-16,1.));
#3378 = DIRECTION('',(0.,-1.,2.22044604925E-16));
#3379 = ORIENTED_EDGE('',*,*,#3380,.F.);
#3380 = EDGE_CURVE('',#3381,#3372,#3383,.T.);
#3381 = VERTEX_POINT('',#3382);
#3382 = CARTESIAN_POINT('',(2.25,2.85,3.8));
#3383 = LINE('',#3384,#3385);
#3384 = CARTESIAN_POINT('',(2.25,2.85,3.8));
#3385 = VECTOR('',#3386,1.);
#3386 = DIRECTION('',(0.,-2.22044604925E-16,-1.));
#3387 = ORIENTED_EDGE('',*,*,#3388,.F.);
#3388 = EDGE_CURVE('',#3355,#3381,#3389,.T.);
#3389 = CIRCLE('',#3390,0.6);
#3390 = AXIS2_PLACEMENT_3D('',#3391,#3392,#3393);
#3391 = CARTESIAN_POINT('',(2.25,2.25,3.8));
#3392 = DIRECTION('',(-0.,2.22044604925E-16,1.));
#3393 = DIRECTION('',(0.,-1.,2.22044604925E-16));
#3394 = CYLINDRICAL_SURFACE('',#3395,0.6);
#3395 = AXIS2_PLACEMENT_3D('',#3396,#3397,#3398);
#3396 = CARTESIAN_POINT('',(2.25,2.25,3.8));
#3397 = DIRECTION('',(0.,-2.22044604925E-16,-1.));
#3398 = DIRECTION('',(0.,1.,-2.22044604925E-16));
#3399 = ADVANCED_FACE('',(#3400),#3445,.T.);
#3400 = FACE_BOUND('',#3401,.T.);
#3401 = EDGE_LOOP('',(#3402,#3413,#3421,#3430,#3438));
#3402 = ORIENTED_EDGE('',*,*,#3403,.F.);
#3403 = EDGE_CURVE('',#3404,#3406,#3408,.T.);
#3404 = VERTEX_POINT('',#3405);
#3405 = CARTESIAN_POINT('',(2.25,-2.85,3.8));
#3406 = VERTEX_POINT('',#3407);
#3407 = CARTESIAN_POINT('',(2.85,-2.25,3.8));
#3408 = CIRCLE('',#3409,0.6);
#3409 = AXIS2_PLACEMENT_3D('',#3410,#3411,#3412);
#3410 = CARTESIAN_POINT('',(2.25,-2.25,3.8));
#3411 = DIRECTION('',(-0.,2.22044604925E-16,1.));
#3412 = DIRECTION('',(0.,-1.,2.22044604925E-16));
#3413 = ORIENTED_EDGE('',*,*,#3414,.T.);
#3414 = EDGE_CURVE('',#3404,#3415,#3417,.T.);
#3415 = VERTEX_POINT('',#3416);
#3416 = CARTESIAN_POINT('',(2.25,-2.85,3.3));
#3417 = LINE('',#3418,#3419);
#3418 = CARTESIAN_POINT('',(2.25,-2.85,3.8));
#3419 = VECTOR('',#3420,1.);
#3420 = DIRECTION('',(0.,-2.22044604925E-16,-1.));
#3421 = ORIENTED_EDGE('',*,*,#3422,.T.);
#3422 = EDGE_CURVE('',#3415,#3423,#3425,.T.);
#3423 = VERTEX_POINT('',#3424);
#3424 = CARTESIAN_POINT('',(2.25,-1.65,3.3));
#3425 = CIRCLE('',#3426,0.6);
#3426 = AXIS2_PLACEMENT_3D('',#3427,#3428,#3429);
#3427 = CARTESIAN_POINT('',(2.25,-2.25,3.3));
#3428 = DIRECTION('',(-0.,2.22044604925E-16,1.));
#3429 = DIRECTION('',(0.,-1.,2.22044604925E-16));
#3430 = ORIENTED_EDGE('',*,*,#3431,.F.);
#3431 = EDGE_CURVE('',#3432,#3423,#3434,.T.);
#3432 = VERTEX_POINT('',#3433);
#3433 = CARTESIAN_POINT('',(2.25,-1.65,3.8));
#3434 = LINE('',#3435,#3436);
#3435 = CARTESIAN_POINT('',(2.25,-1.65,3.8));
#3436 = VECTOR('',#3437,1.);
#3437 = DIRECTION('',(0.,-2.22044604925E-16,-1.));
#3438 = ORIENTED_EDGE('',*,*,#3439,.F.);
#3439 = EDGE_CURVE('',#3406,#3432,#3440,.T.);
#3440 = CIRCLE('',#3441,0.6);
#3441 = AXIS2_PLACEMENT_3D('',#3442,#3443,#3444);
#3442 = CARTESIAN_POINT('',(2.25,-2.25,3.8));
#3443 = DIRECTION('',(-0.,2.22044604925E-16,1.));
#3444 = DIRECTION('',(0.,-1.,2.22044604925E-16));
#3445 = CYLINDRICAL_SURFACE('',#3446,0.6);
#3446 = AXIS2_PLACEMENT_3D('',#3447,#3448,#3449);
#3447 = CARTESIAN_POINT('',(2.25,-2.25,3.8));
#3448 = DIRECTION('',(0.,-2.22044604925E-16,-1.));
#3449 = DIRECTION('',(0.,1.,-2.22044604925E-16));
#3450 = ADVANCED_FACE('',(#3451),#3496,.T.);
#3451 = FACE_BOUND('',#3452,.T.);
#3452 = EDGE_LOOP('',(#3453,#3464,#3472,#3481,#3489));
#3453 = ORIENTED_EDGE('',*,*,#3454,.F.);
#3454 = EDGE_CURVE('',#3455,#3457,#3459,.T.);
#3455 = VERTEX_POINT('',#3456);
#3456 = CARTESIAN_POINT('',(-2.25,-2.85,3.8));
#3457 = VERTEX_POINT('',#3458);
#3458 = CARTESIAN_POINT('',(-1.65,-2.25,3.8));
#3459 = CIRCLE('',#3460,0.6);
#3460 = AXIS2_PLACEMENT_3D('',#3461,#3462,#3463);
#3461 = CARTESIAN_POINT('',(-2.25,-2.25,3.8));
#3462 = DIRECTION('',(-0.,2.22044604925E-16,1.));
#3463 = DIRECTION('',(0.,-1.,2.22044604925E-16));
#3464 = ORIENTED_EDGE('',*,*,#3465,.T.);
#3465 = EDGE_CURVE('',#3455,#3466,#3468,.T.);
#3466 = VERTEX_POINT('',#3467);
#3467 = CARTESIAN_POINT('',(-2.25,-2.85,3.3));
#3468 = LINE('',#3469,#3470);
#3469 = CARTESIAN_POINT('',(-2.25,-2.85,3.8));
#3470 = VECTOR('',#3471,1.);
#3471 = DIRECTION('',(0.,-2.22044604925E-16,-1.));
#3472 = ORIENTED_EDGE('',*,*,#3473,.T.);
#3473 = EDGE_CURVE('',#3466,#3474,#3476,.T.);
#3474 = VERTEX_POINT('',#3475);
#3475 = CARTESIAN_POINT('',(-2.25,-1.65,3.3));
#3476 = CIRCLE('',#3477,0.6);
#3477 = AXIS2_PLACEMENT_3D('',#3478,#3479,#3480);
#3478 = CARTESIAN_POINT('',(-2.25,-2.25,3.3));
#3479 = DIRECTION('',(-0.,2.22044604925E-16,1.));
#3480 = DIRECTION('',(0.,-1.,2.22044604925E-16));
#3481 = ORIENTED_EDGE('',*,*,#3482,.F.);
#3482 = EDGE_CURVE('',#3483,#3474,#3485,.T.);
#3483 = VERTEX_POINT('',#3484);
#3484 = CARTESIAN_POINT('',(-2.25,-1.65,3.8));
#3485 = LINE('',#3486,#3487);
#3486 = CARTESIAN_POINT('',(-2.25,-1.65,3.8));
#3487 = VECTOR('',#3488,1.);
#3488 = DIRECTION('',(0.,-2.22044604925E-16,-1.));
#3489 = ORIENTED_EDGE('',*,*,#3490,.F.);
#3490 = EDGE_CURVE('',#3457,#3483,#3491,.T.);
#3491 = CIRCLE('',#3492,0.6);
#3492 = AXIS2_PLACEMENT_3D('',#3493,#3494,#3495);
#3493 = CARTESIAN_POINT('',(-2.25,-2.25,3.8));
#3494 = DIRECTION('',(-0.,2.22044604925E-16,1.));
#3495 = DIRECTION('',(0.,-1.,2.22044604925E-16));
#3496 = CYLINDRICAL_SURFACE('',#3497,0.6);
#3497 = AXIS2_PLACEMENT_3D('',#3498,#3499,#3500);
#3498 = CARTESIAN_POINT('',(-2.25,-2.25,3.8));
#3499 = DIRECTION('',(0.,-2.22044604925E-16,-1.));
#3500 = DIRECTION('',(0.,1.,-2.22044604925E-16));
#3501 = ADVANCED_FACE('',(#3502),#3538,.T.);
#3502 = FACE_BOUND('',#3503,.T.);
#3503 = EDGE_LOOP('',(#3504,#3515,#3523,#3532));
#3504 = ORIENTED_EDGE('',*,*,#3505,.T.);
#3505 = EDGE_CURVE('',#3506,#3508,#3510,.T.);
#3506 = VERTEX_POINT('',#3507);
#3507 = CARTESIAN_POINT('',(0.,-1.624163358102,6.90348994967));
#3508 = VERTEX_POINT('',#3509);
#3509 = CARTESIAN_POINT('',(2.22044604925E-16,1.624163358102,
    6.90348994967));
#3510 = CIRCLE('',#3511,1.624163358102);
#3511 = AXIS2_PLACEMENT_3D('',#3512,#3513,#3514);
#3512 = CARTESIAN_POINT('',(0.,1.532882698478E-15,6.90348994967));
#3513 = DIRECTION('',(0.,-2.22044604925E-16,-1.));
#3514 = DIRECTION('',(0.,1.,-2.22044604925E-16));
#3515 = ORIENTED_EDGE('',*,*,#3516,.T.);
#3516 = EDGE_CURVE('',#3508,#3517,#3519,.T.);
#3517 = VERTEX_POINT('',#3518);
#3518 = CARTESIAN_POINT('',(-2.22044604925E-16,1.75,3.3));
#3519 = LINE('',#3520,#3521);
#3520 = CARTESIAN_POINT('',(-2.143131898508E-16,1.75,3.3));
#3521 = VECTOR('',#3522,1.);
#3522 = DIRECTION('',(-4.273955692857E-18,3.48994967025E-02,
    -0.999390827019));
#3523 = ORIENTED_EDGE('',*,*,#3524,.T.);
#3524 = EDGE_CURVE('',#3517,#3525,#3527,.T.);
#3525 = VERTEX_POINT('',#3526);
#3526 = CARTESIAN_POINT('',(0.,-1.75,3.3));
#3527 = CIRCLE('',#3528,1.75);
#3528 = AXIS2_PLACEMENT_3D('',#3529,#3530,#3531);
#3529 = CARTESIAN_POINT('',(0.,7.327471962526E-16,3.3));
#3530 = DIRECTION('',(-0.,2.22044604925E-16,1.));
#3531 = DIRECTION('',(0.,-1.,2.22044604925E-16));
#3532 = ORIENTED_EDGE('',*,*,#3533,.F.);
#3533 = EDGE_CURVE('',#3506,#3525,#3534,.T.);
#3534 = LINE('',#3535,#3536);
#3535 = CARTESIAN_POINT('',(0.,-1.75,3.3));
#3536 = VECTOR('',#3537,1.);
#3537 = DIRECTION('',(0.,-3.48994967025E-02,-0.999390827019));
#3538 = CONICAL_SURFACE('',#3539,1.75,3.490658503989E-02);
#3539 = AXIS2_PLACEMENT_3D('',#3540,#3541,#3542);
#3540 = CARTESIAN_POINT('',(0.,7.327471962526E-16,3.3));
#3541 = DIRECTION('',(0.,-2.22044604925E-16,-1.));
#3542 = DIRECTION('',(0.,-1.,2.22044604925E-16));
#3543 = ADVANCED_FACE('',(#3544),#3578,.T.);
#3544 = FACE_BOUND('',#3545,.T.);
#3545 = EDGE_LOOP('',(#3546,#3553,#3562,#3571));
#3546 = ORIENTED_EDGE('',*,*,#3547,.F.);
#3547 = EDGE_CURVE('',#3508,#3506,#3548,.T.);
#3548 = CIRCLE('',#3549,1.624163358102);
#3549 = AXIS2_PLACEMENT_3D('',#3550,#3551,#3552);
#3550 = CARTESIAN_POINT('',(0.,1.532882698478E-15,6.90348994967));
#3551 = DIRECTION('',(0.,-2.22044604925E-16,-1.));
#3552 = DIRECTION('',(0.,1.,-2.22044604925E-16));
#3553 = ORIENTED_EDGE('',*,*,#3554,.T.);
#3554 = EDGE_CURVE('',#3508,#3555,#3557,.T.);
#3555 = VERTEX_POINT('',#3556);
#3556 = CARTESIAN_POINT('',(2.22044604925E-16,1.5242242754,7.));
#3557 = CIRCLE('',#3558,0.1);
#3558 = AXIS2_PLACEMENT_3D('',#3559,#3560,#3561);
#3559 = CARTESIAN_POINT('',(1.866636380051E-16,1.5242242754,6.9));
#3560 = DIRECTION('',(1.,-1.224646799147E-16,2.719262146894E-32));
#3561 = DIRECTION('',(1.224646799147E-16,1.,-2.22044604925E-16));
#3562 = ORIENTED_EDGE('',*,*,#3563,.F.);
#3563 = EDGE_CURVE('',#3564,#3555,#3566,.T.);
#3564 = VERTEX_POINT('',#3565);
#3565 = CARTESIAN_POINT('',(0.,-1.5242242754,7.));
#3566 = CIRCLE('',#3567,1.5242242754);
#3567 = AXIS2_PLACEMENT_3D('',#3568,#3569,#3570);
#3568 = CARTESIAN_POINT('',(0.,1.554312234475E-15,7.));
#3569 = DIRECTION('',(-0.,2.22044604925E-16,1.));
#3570 = DIRECTION('',(0.,-1.,2.22044604925E-16));
#3571 = ORIENTED_EDGE('',*,*,#3572,.F.);
#3572 = EDGE_CURVE('',#3506,#3564,#3573,.T.);
#3573 = CIRCLE('',#3574,0.1);
#3574 = AXIS2_PLACEMENT_3D('',#3575,#3576,#3577);
#3575 = CARTESIAN_POINT('',(0.,-1.5242242754,6.9));
#3576 = DIRECTION('',(-1.,0.,0.));
#3577 = DIRECTION('',(0.,-1.,2.22044604925E-16));
#3578 = TOROIDAL_SURFACE('',#3579,1.5242242754,1.E-01);
#3579 = AXIS2_PLACEMENT_3D('',#3580,#3581,#3582);
#3580 = CARTESIAN_POINT('',(0.,1.532107773983E-15,6.9));
#3581 = DIRECTION('',(0.,2.22044604925E-16,1.));
#3582 = DIRECTION('',(0.,-1.,2.22044604925E-16));
#3583 = ADVANCED_FACE('',(#3584),#3596,.T.);
#3584 = FACE_BOUND('',#3585,.T.);
#3585 = EDGE_LOOP('',(#3586,#3587,#3588,#3589));
#3586 = ORIENTED_EDGE('',*,*,#3554,.F.);
#3587 = ORIENTED_EDGE('',*,*,#3505,.F.);
#3588 = ORIENTED_EDGE('',*,*,#3572,.T.);
#3589 = ORIENTED_EDGE('',*,*,#3590,.F.);
#3590 = EDGE_CURVE('',#3555,#3564,#3591,.T.);
#3591 = CIRCLE('',#3592,1.5242242754);
#3592 = AXIS2_PLACEMENT_3D('',#3593,#3594,#3595);
#3593 = CARTESIAN_POINT('',(0.,1.554312234475E-15,7.));
#3594 = DIRECTION('',(-0.,2.22044604925E-16,1.));
#3595 = DIRECTION('',(0.,-1.,2.22044604925E-16));
#3596 = TOROIDAL_SURFACE('',#3597,1.5242242754,1.E-01);
#3597 = AXIS2_PLACEMENT_3D('',#3598,#3599,#3600);
#3598 = CARTESIAN_POINT('',(0.,1.532107773983E-15,6.9));
#3599 = DIRECTION('',(0.,2.22044604925E-16,1.));
#3600 = DIRECTION('',(0.,-1.,2.22044604925E-16));
#3601 = ADVANCED_FACE('',(#3602),#3614,.T.);
#3602 = FACE_BOUND('',#3603,.T.);
#3603 = EDGE_LOOP('',(#3604,#3605,#3606,#3607));
#3604 = ORIENTED_EDGE('',*,*,#3516,.F.);
#3605 = ORIENTED_EDGE('',*,*,#3547,.T.);
#3606 = ORIENTED_EDGE('',*,*,#3533,.T.);
#3607 = ORIENTED_EDGE('',*,*,#3608,.T.);
#3608 = EDGE_CURVE('',#3525,#3517,#3609,.T.);
#3609 = CIRCLE('',#3610,1.75);
#3610 = AXIS2_PLACEMENT_3D('',#3611,#3612,#3613);
#3611 = CARTESIAN_POINT('',(0.,7.327471962526E-16,3.3));
#3612 = DIRECTION('',(-0.,2.22044604925E-16,1.));
#3613 = DIRECTION('',(0.,-1.,2.22044604925E-16));
#3614 = CONICAL_SURFACE('',#3615,1.75,3.490658503989E-02);
#3615 = AXIS2_PLACEMENT_3D('',#3616,#3617,#3618);
#3616 = CARTESIAN_POINT('',(0.,7.327471962526E-16,3.3));
#3617 = DIRECTION('',(0.,-2.22044604925E-16,-1.));
#3618 = DIRECTION('',(0.,-1.,2.22044604925E-16));
#3619 = ADVANCED_FACE('',(#3620),#3642,.T.);
#3620 = FACE_BOUND('',#3621,.T.);
#3621 = EDGE_LOOP('',(#3622,#3629,#3630,#3640,#3641));
#3622 = ORIENTED_EDGE('',*,*,#3623,.T.);
#3623 = EDGE_CURVE('',#3483,#3455,#3624,.T.);
#3624 = CIRCLE('',#3625,0.6);
#3625 = AXIS2_PLACEMENT_3D('',#3626,#3627,#3628);
#3626 = CARTESIAN_POINT('',(-2.25,-2.25,3.8));
#3627 = DIRECTION('',(-0.,2.22044604925E-16,1.));
#3628 = DIRECTION('',(0.,-1.,2.22044604925E-16));
#3629 = ORIENTED_EDGE('',*,*,#3454,.T.);
#3630 = ORIENTED_EDGE('',*,*,#3631,.F.);
#3631 = EDGE_CURVE('',#3632,#3457,#3634,.T.);
#3632 = VERTEX_POINT('',#3633);
#3633 = CARTESIAN_POINT('',(-2.25,-2.25,4.));
#3634 = B_SPLINE_CURVE_WITH_KNOTS('',4,(#3635,#3636,#3637,#3638,#3639),
  .UNSPECIFIED.,.F.,.F.,(5,5),(-1.570796326795,-0.927295218002),
  .PIECEWISE_BEZIER_KNOTS.);
#3635 = CARTESIAN_POINT('',(-2.25,-2.25,4.));
#3636 = CARTESIAN_POINT('',(-2.089124722802,-2.25,4.));
#3637 = CARTESIAN_POINT('',(-1.928176111892,-2.25,3.965471664325));
#3638 = CARTESIAN_POINT('',(-1.778700221759,-2.25,3.896525166319));
#3639 = CARTESIAN_POINT('',(-1.65,-2.25,3.8));
#3640 = ORIENTED_EDGE('',*,*,#3631,.T.);
#3641 = ORIENTED_EDGE('',*,*,#3490,.T.);
#3642 = SPHERICAL_SURFACE('',#3643,1.);
#3643 = AXIS2_PLACEMENT_3D('',#3644,#3645,#3646);
#3644 = CARTESIAN_POINT('',(-2.25,-2.25,3.));
#3645 = DIRECTION('',(0.,-2.22044604925E-16,-1.));
#3646 = DIRECTION('',(1.,0.,0.));
#3647 = ADVANCED_FACE('',(#3648),#3660,.T.);
#3648 = FACE_BOUND('',#3649,.T.);
#3649 = EDGE_LOOP('',(#3650,#3651,#3652,#3653));
#3650 = ORIENTED_EDGE('',*,*,#3465,.F.);
#3651 = ORIENTED_EDGE('',*,*,#3623,.F.);
#3652 = ORIENTED_EDGE('',*,*,#3482,.T.);
#3653 = ORIENTED_EDGE('',*,*,#3654,.T.);
#3654 = EDGE_CURVE('',#3474,#3466,#3655,.T.);
#3655 = CIRCLE('',#3656,0.6);
#3656 = AXIS2_PLACEMENT_3D('',#3657,#3658,#3659);
#3657 = CARTESIAN_POINT('',(-2.25,-2.25,3.3));
#3658 = DIRECTION('',(-0.,2.22044604925E-16,1.));
#3659 = DIRECTION('',(0.,-1.,2.22044604925E-16));
#3660 = CYLINDRICAL_SURFACE('',#3661,0.6);
#3661 = AXIS2_PLACEMENT_3D('',#3662,#3663,#3664);
#3662 = CARTESIAN_POINT('',(-2.25,-2.25,3.8));
#3663 = DIRECTION('',(0.,-2.22044604925E-16,-1.));
#3664 = DIRECTION('',(0.,1.,-2.22044604925E-16));
#3665 = ADVANCED_FACE('',(#3666),#3688,.T.);
#3666 = FACE_BOUND('',#3667,.T.);
#3667 = EDGE_LOOP('',(#3668,#3675,#3676,#3686,#3687));
#3668 = ORIENTED_EDGE('',*,*,#3669,.T.);
#3669 = EDGE_CURVE('',#3432,#3404,#3670,.T.);
#3670 = CIRCLE('',#3671,0.6);
#3671 = AXIS2_PLACEMENT_3D('',#3672,#3673,#3674);
#3672 = CARTESIAN_POINT('',(2.25,-2.25,3.8));
#3673 = DIRECTION('',(-0.,2.22044604925E-16,1.));
#3674 = DIRECTION('',(0.,-1.,2.22044604925E-16));
#3675 = ORIENTED_EDGE('',*,*,#3403,.T.);
#3676 = ORIENTED_EDGE('',*,*,#3677,.F.);
#3677 = EDGE_CURVE('',#3678,#3406,#3680,.T.);
#3678 = VERTEX_POINT('',#3679);
#3679 = CARTESIAN_POINT('',(2.25,-2.25,4.));
#3680 = B_SPLINE_CURVE_WITH_KNOTS('',4,(#3681,#3682,#3683,#3684,#3685),
  .UNSPECIFIED.,.F.,.F.,(5,5),(-1.570796326795,-0.927295218002),
  .PIECEWISE_BEZIER_KNOTS.);
#3681 = CARTESIAN_POINT('',(2.25,-2.25,4.));
#3682 = CARTESIAN_POINT('',(2.410875277198,-2.25,4.));
#3683 = CARTESIAN_POINT('',(2.571823888108,-2.25,3.965471664325));
#3684 = CARTESIAN_POINT('',(2.721299778241,-2.25,3.896525166319));
#3685 = CARTESIAN_POINT('',(2.85,-2.25,3.8));
#3686 = ORIENTED_EDGE('',*,*,#3677,.T.);
#3687 = ORIENTED_EDGE('',*,*,#3439,.T.);
#3688 = SPHERICAL_SURFACE('',#3689,1.);
#3689 = AXIS2_PLACEMENT_3D('',#3690,#3691,#3692);
#3690 = CARTESIAN_POINT('',(2.25,-2.25,3.));
#3691 = DIRECTION('',(0.,-2.22044604925E-16,-1.));
#3692 = DIRECTION('',(1.,0.,0.));
#3693 = ADVANCED_FACE('',(#3694),#3706,.T.);
#3694 = FACE_BOUND('',#3695,.T.);
#3695 = EDGE_LOOP('',(#3696,#3697,#3698,#3699));
#3696 = ORIENTED_EDGE('',*,*,#3414,.F.);
#3697 = ORIENTED_EDGE('',*,*,#3669,.F.);
#3698 = ORIENTED_EDGE('',*,*,#3431,.T.);
#3699 = ORIENTED_EDGE('',*,*,#3700,.T.);
#3700 = EDGE_CURVE('',#3423,#3415,#3701,.T.);
#3701 = CIRCLE('',#3702,0.6);
#3702 = AXIS2_PLACEMENT_3D('',#3703,#3704,#3705);
#3703 = CARTESIAN_POINT('',(2.25,-2.25,3.3));
#3704 = DIRECTION('',(-0.,2.22044604925E-16,1.));
#3705 = DIRECTION('',(0.,-1.,2.22044604925E-16));
#3706 = CYLINDRICAL_SURFACE('',#3707,0.6);
#3707 = AXIS2_PLACEMENT_3D('',#3708,#3709,#3710);
#3708 = CARTESIAN_POINT('',(2.25,-2.25,3.8));
#3709 = DIRECTION('',(0.,-2.22044604925E-16,-1.));
#3710 = DIRECTION('',(0.,1.,-2.22044604925E-16));
#3711 = ADVANCED_FACE('',(#3712),#3734,.T.);
#3712 = FACE_BOUND('',#3713,.T.);
#3713 = EDGE_LOOP('',(#3714,#3721,#3722,#3732,#3733));
#3714 = ORIENTED_EDGE('',*,*,#3715,.T.);
#3715 = EDGE_CURVE('',#3381,#3353,#3716,.T.);
#3716 = CIRCLE('',#3717,0.6);
#3717 = AXIS2_PLACEMENT_3D('',#3718,#3719,#3720);
#3718 = CARTESIAN_POINT('',(2.25,2.25,3.8));
#3719 = DIRECTION('',(-0.,2.22044604925E-16,1.));
#3720 = DIRECTION('',(0.,-1.,2.22044604925E-16));
#3721 = ORIENTED_EDGE('',*,*,#3352,.T.);
#3722 = ORIENTED_EDGE('',*,*,#3723,.F.);
#3723 = EDGE_CURVE('',#3724,#3355,#3726,.T.);
#3724 = VERTEX_POINT('',#3725);
#3725 = CARTESIAN_POINT('',(2.25,2.25,4.));
#3726 = B_SPLINE_CURVE_WITH_KNOTS('',4,(#3727,#3728,#3729,#3730,#3731),
  .UNSPECIFIED.,.F.,.F.,(5,5),(-1.570796326795,-0.927295218002),
  .PIECEWISE_BEZIER_KNOTS.);
#3727 = CARTESIAN_POINT('',(2.25,2.25,4.));
#3728 = CARTESIAN_POINT('',(2.410875277198,2.25,4.));
#3729 = CARTESIAN_POINT('',(2.571823888108,2.25,3.965471664325));
#3730 = CARTESIAN_POINT('',(2.721299778241,2.25,3.896525166319));
#3731 = CARTESIAN_POINT('',(2.85,2.25,3.8));
#3732 = ORIENTED_EDGE('',*,*,#3723,.T.);
#3733 = ORIENTED_EDGE('',*,*,#3388,.T.);
#3734 = SPHERICAL_SURFACE('',#3735,1.);
#3735 = AXIS2_PLACEMENT_3D('',#3736,#3737,#3738);
#3736 = CARTESIAN_POINT('',(2.25,2.25,3.));
#3737 = DIRECTION('',(0.,-2.22044604925E-16,-1.));
#3738 = DIRECTION('',(1.,0.,0.));
#3739 = ADVANCED_FACE('',(#3740),#3752,.T.);
#3740 = FACE_BOUND('',#3741,.T.);
#3741 = EDGE_LOOP('',(#3742,#3743,#3744,#3745));
#3742 = ORIENTED_EDGE('',*,*,#3363,.F.);
#3743 = ORIENTED_EDGE('',*,*,#3715,.F.);
#3744 = ORIENTED_EDGE('',*,*,#3380,.T.);
#3745 = ORIENTED_EDGE('',*,*,#3746,.T.);
#3746 = EDGE_CURVE('',#3372,#3364,#3747,.T.);
#3747 = CIRCLE('',#3748,0.6);
#3748 = AXIS2_PLACEMENT_3D('',#3749,#3750,#3751);
#3749 = CARTESIAN_POINT('',(2.25,2.25,3.3));
#3750 = DIRECTION('',(-0.,2.22044604925E-16,1.));
#3751 = DIRECTION('',(0.,-1.,2.22044604925E-16));
#3752 = CYLINDRICAL_SURFACE('',#3753,0.6);
#3753 = AXIS2_PLACEMENT_3D('',#3754,#3755,#3756);
#3754 = CARTESIAN_POINT('',(2.25,2.25,3.8));
#3755 = DIRECTION('',(0.,-2.22044604925E-16,-1.));
#3756 = DIRECTION('',(0.,1.,-2.22044604925E-16));
#3757 = ADVANCED_FACE('',(#3758),#3780,.T.);
#3758 = FACE_BOUND('',#3759,.T.);
#3759 = EDGE_LOOP('',(#3760,#3767,#3768,#3778,#3779));
#3760 = ORIENTED_EDGE('',*,*,#3761,.T.);
#3761 = EDGE_CURVE('',#3330,#3302,#3762,.T.);
#3762 = CIRCLE('',#3763,0.6);
#3763 = AXIS2_PLACEMENT_3D('',#3764,#3765,#3766);
#3764 = CARTESIAN_POINT('',(-2.25,2.25,3.8));
#3765 = DIRECTION('',(-0.,2.22044604925E-16,1.));
#3766 = DIRECTION('',(0.,-1.,2.22044604925E-16));
#3767 = ORIENTED_EDGE('',*,*,#3301,.T.);
#3768 = ORIENTED_EDGE('',*,*,#3769,.F.);
#3769 = EDGE_CURVE('',#3770,#3304,#3772,.T.);
#3770 = VERTEX_POINT('',#3771);
#3771 = CARTESIAN_POINT('',(-2.25,2.25,4.));
#3772 = B_SPLINE_CURVE_WITH_KNOTS('',4,(#3773,#3774,#3775,#3776,#3777),
  .UNSPECIFIED.,.F.,.F.,(5,5),(-1.570796326795,-0.927295218002),
  .PIECEWISE_BEZIER_KNOTS.);
#3773 = CARTESIAN_POINT('',(-2.25,2.25,4.));
#3774 = CARTESIAN_POINT('',(-2.089124722802,2.25,4.));
#3775 = CARTESIAN_POINT('',(-1.928176111892,2.25,3.965471664325));
#3776 = CARTESIAN_POINT('',(-1.778700221759,2.25,3.896525166319));
#3777 = CARTESIAN_POINT('',(-1.65,2.25,3.8));
#3778 = ORIENTED_EDGE('',*,*,#3769,.T.);
#3779 = ORIENTED_EDGE('',*,*,#3337,.T.);
#3780 = SPHERICAL_SURFACE('',#3781,1.);
#3781 = AXIS2_PLACEMENT_3D('',#3782,#3783,#3784);
#3782 = CARTESIAN_POINT('',(-2.25,2.25,3.));
#3783 = DIRECTION('',(0.,-2.22044604925E-16,-1.));
#3784 = DIRECTION('',(1.,0.,0.));
#3785 = ADVANCED_FACE('',(#3786),#3798,.T.);
#3786 = FACE_BOUND('',#3787,.T.);
#3787 = EDGE_LOOP('',(#3788,#3789,#3790,#3791));
#3788 = ORIENTED_EDGE('',*,*,#3312,.F.);
#3789 = ORIENTED_EDGE('',*,*,#3761,.F.);
#3790 = ORIENTED_EDGE('',*,*,#3329,.T.);
#3791 = ORIENTED_EDGE('',*,*,#3792,.T.);
#3792 = EDGE_CURVE('',#3321,#3313,#3793,.T.);
#3793 = CIRCLE('',#3794,0.6);
#3794 = AXIS2_PLACEMENT_3D('',#3795,#3796,#3797);
#3795 = CARTESIAN_POINT('',(-2.25,2.25,3.3));
#3796 = DIRECTION('',(-0.,2.22044604925E-16,1.));
#3797 = DIRECTION('',(0.,-1.,2.22044604925E-16));
#3798 = CYLINDRICAL_SURFACE('',#3799,0.6);
#3799 = AXIS2_PLACEMENT_3D('',#3800,#3801,#3802);
#3800 = CARTESIAN_POINT('',(-2.25,2.25,3.8));
#3801 = DIRECTION('',(0.,-2.22044604925E-16,-1.));
#3802 = DIRECTION('',(0.,1.,-2.22044604925E-16));
#3803 = ADVANCED_FACE('',(#3804),#3856,.F.);
#3804 = FACE_BOUND('',#3805,.T.);
#3805 = EDGE_LOOP('',(#3806,#3816,#3825,#3833,#3842,#3850));
#3806 = ORIENTED_EDGE('',*,*,#3807,.F.);
#3807 = EDGE_CURVE('',#3808,#3810,#3812,.T.);
#3808 = VERTEX_POINT('',#3809);
#3809 = CARTESIAN_POINT('',(-3.,2.85,-6.328271240363E-16));
#3810 = VERTEX_POINT('',#3811);
#3811 = CARTESIAN_POINT('',(-3.,1.25,-2.775557561563E-16));
#3812 = LINE('',#3813,#3814);
#3813 = CARTESIAN_POINT('',(-3.,3.,-6.661338147751E-16));
#3814 = VECTOR('',#3815,1.);
#3815 = DIRECTION('',(1.445602896647E-16,-1.,2.22044604925E-16));
#3816 = ORIENTED_EDGE('',*,*,#3817,.T.);
#3817 = EDGE_CURVE('',#3808,#3818,#3820,.T.);
#3818 = VERTEX_POINT('',#3819);
#3819 = CARTESIAN_POINT('',(-2.85,3.,-6.661338147751E-16));
#3820 = CIRCLE('',#3821,0.15);
#3821 = AXIS2_PLACEMENT_3D('',#3822,#3823,#3824);
#3822 = CARTESIAN_POINT('',(-2.85,2.85,-6.328271240363E-16));
#3823 = DIRECTION('',(-0.,-2.22044604925E-16,-1.));
#3824 = DIRECTION('',(0.,-1.,2.22044604925E-16));
#3825 = ORIENTED_EDGE('',*,*,#3826,.F.);
#3826 = EDGE_CURVE('',#3827,#3818,#3829,.T.);
#3827 = VERTEX_POINT('',#3828);
#3828 = CARTESIAN_POINT('',(2.85,3.,-6.661338147751E-16));
#3829 = LINE('',#3830,#3831);
#3830 = CARTESIAN_POINT('',(-3.,3.,-6.661338147751E-16));
#3831 = VECTOR('',#3832,1.);
#3832 = DIRECTION('',(-1.,0.,0.));
#3833 = ORIENTED_EDGE('',*,*,#3834,.T.);
#3834 = EDGE_CURVE('',#3827,#3835,#3837,.T.);
#3835 = VERTEX_POINT('',#3836);
#3836 = CARTESIAN_POINT('',(3.,2.85,-6.328271240363E-16));
#3837 = CIRCLE('',#3838,0.15);
#3838 = AXIS2_PLACEMENT_3D('',#3839,#3840,#3841);
#3839 = CARTESIAN_POINT('',(2.85,2.85,-6.328271240363E-16));
#3840 = DIRECTION('',(-0.,-2.22044604925E-16,-1.));
#3841 = DIRECTION('',(0.,-1.,2.22044604925E-16));
#3842 = ORIENTED_EDGE('',*,*,#3843,.F.);
#3843 = EDGE_CURVE('',#3844,#3835,#3846,.T.);
#3844 = VERTEX_POINT('',#3845);
#3845 = CARTESIAN_POINT('',(3.,1.25,-2.775557561563E-16));
#3846 = LINE('',#3847,#3848);
#3847 = CARTESIAN_POINT('',(3.,3.,-6.661338147751E-16));
#3848 = VECTOR('',#3849,1.);
#3849 = DIRECTION('',(-2.168404344971E-16,1.,-2.22044604925E-16));
#3850 = ORIENTED_EDGE('',*,*,#3851,.T.);
#3851 = EDGE_CURVE('',#3844,#3810,#3852,.T.);
#3852 = LINE('',#3853,#3854);
#3853 = CARTESIAN_POINT('',(0.,1.25,-2.775557561563E-16));
#3854 = VECTOR('',#3855,1.);
#3855 = DIRECTION('',(-1.,0.,0.));
#3856 = PLANE('',#3857);
#3857 = AXIS2_PLACEMENT_3D('',#3858,#3859,#3860);
#3858 = CARTESIAN_POINT('',(0.,0.,0.));
#3859 = DIRECTION('',(0.,2.22044604925E-16,1.));
#3860 = DIRECTION('',(1.,0.,0.));
#3861 = ADVANCED_FACE('',(#3862),#3919,.F.);
#3862 = FACE_BOUND('',#3863,.T.);
#3863 = EDGE_LOOP('',(#3864,#3865,#3873,#3881,#3889,#3897,#3905,#3913));
#3864 = ORIENTED_EDGE('',*,*,#3843,.T.);
#3865 = ORIENTED_EDGE('',*,*,#3866,.T.);
#3866 = EDGE_CURVE('',#3835,#3867,#3869,.T.);
#3867 = VERTEX_POINT('',#3868);
#3868 = CARTESIAN_POINT('',(3.,2.85,3.3));
#3869 = LINE('',#3870,#3871);
#3870 = CARTESIAN_POINT('',(3.,2.85,3.3));
#3871 = VECTOR('',#3872,1.);
#3872 = DIRECTION('',(0.,2.22044604925E-16,1.));
#3873 = ORIENTED_EDGE('',*,*,#3874,.F.);
#3874 = EDGE_CURVE('',#3875,#3867,#3877,.T.);
#3875 = VERTEX_POINT('',#3876);
#3876 = CARTESIAN_POINT('',(3.,-2.85,3.3));
#3877 = LINE('',#3878,#3879);
#3878 = CARTESIAN_POINT('',(3.,3.,3.3));
#3879 = VECTOR('',#3880,1.);
#3880 = DIRECTION('',(-2.168404344971E-16,1.,-2.22044604925E-16));
#3881 = ORIENTED_EDGE('',*,*,#3882,.T.);
#3882 = EDGE_CURVE('',#3875,#3883,#3885,.T.);
#3883 = VERTEX_POINT('',#3884);
#3884 = CARTESIAN_POINT('',(3.,-2.85,6.328271240363E-16));
#3885 = LINE('',#3886,#3887);
#3886 = CARTESIAN_POINT('',(3.,-2.85,3.3));
#3887 = VECTOR('',#3888,1.);
#3888 = DIRECTION('',(0.,-2.22044604925E-16,-1.));
#3889 = ORIENTED_EDGE('',*,*,#3890,.T.);
#3890 = EDGE_CURVE('',#3883,#3891,#3893,.T.);
#3891 = VERTEX_POINT('',#3892);
#3892 = CARTESIAN_POINT('',(3.,-1.25,2.775557561563E-16));
#3893 = LINE('',#3894,#3895);
#3894 = CARTESIAN_POINT('',(3.,3.,-6.661338147751E-16));
#3895 = VECTOR('',#3896,1.);
#3896 = DIRECTION('',(-2.168404344971E-16,1.,-2.22044604925E-16));
#3897 = ORIENTED_EDGE('',*,*,#3898,.F.);
#3898 = EDGE_CURVE('',#3899,#3891,#3901,.T.);
#3899 = VERTEX_POINT('',#3900);
#3900 = CARTESIAN_POINT('',(3.,-1.25,0.1));
#3901 = LINE('',#3902,#3903);
#3902 = CARTESIAN_POINT('',(3.,-1.25,-1.E-01));
#3903 = VECTOR('',#3904,1.);
#3904 = DIRECTION('',(0.,-2.22044604925E-16,-1.));
#3905 = ORIENTED_EDGE('',*,*,#3906,.F.);
#3906 = EDGE_CURVE('',#3907,#3899,#3909,.T.);
#3907 = VERTEX_POINT('',#3908);
#3908 = CARTESIAN_POINT('',(3.,1.25,1.E-01));
#3909 = LINE('',#3910,#3911);
#3910 = CARTESIAN_POINT('',(3.,-1.25,0.1));
#3911 = VECTOR('',#3912,1.);
#3912 = DIRECTION('',(0.,-1.,2.22044604925E-16));
#3913 = ORIENTED_EDGE('',*,*,#3914,.F.);
#3914 = EDGE_CURVE('',#3844,#3907,#3915,.T.);
#3915 = LINE('',#3916,#3917);
#3916 = CARTESIAN_POINT('',(3.,1.25,-0.1));
#3917 = VECTOR('',#3918,1.);
#3918 = DIRECTION('',(0.,2.22044604925E-16,1.));
#3919 = PLANE('',#3920);
#3920 = AXIS2_PLACEMENT_3D('',#3921,#3922,#3923);
#3921 = CARTESIAN_POINT('',(3.,3.,3.3));
#3922 = DIRECTION('',(-1.,-2.168404344971E-16,4.814824860968E-32));
#3923 = DIRECTION('',(0.,2.22044604925E-16,1.));
#3924 = ADVANCED_FACE('',(#3925),#3950,.F.);
#3925 = FACE_BOUND('',#3926,.T.);
#3926 = EDGE_LOOP('',(#3927,#3928,#3936,#3944));
#3927 = ORIENTED_EDGE('',*,*,#3826,.T.);
#3928 = ORIENTED_EDGE('',*,*,#3929,.T.);
#3929 = EDGE_CURVE('',#3818,#3930,#3932,.T.);
#3930 = VERTEX_POINT('',#3931);
#3931 = CARTESIAN_POINT('',(-2.85,3.,3.3));
#3932 = LINE('',#3933,#3934);
#3933 = CARTESIAN_POINT('',(-2.85,3.,3.3));
#3934 = VECTOR('',#3935,1.);
#3935 = DIRECTION('',(0.,2.22044604925E-16,1.));
#3936 = ORIENTED_EDGE('',*,*,#3937,.F.);
#3937 = EDGE_CURVE('',#3938,#3930,#3940,.T.);
#3938 = VERTEX_POINT('',#3939);
#3939 = CARTESIAN_POINT('',(2.85,3.,3.3));
#3940 = LINE('',#3941,#3942);
#3941 = CARTESIAN_POINT('',(-3.,3.,3.3));
#3942 = VECTOR('',#3943,1.);
#3943 = DIRECTION('',(-1.,0.,0.));
#3944 = ORIENTED_EDGE('',*,*,#3945,.T.);
#3945 = EDGE_CURVE('',#3938,#3827,#3946,.T.);
#3946 = LINE('',#3947,#3948);
#3947 = CARTESIAN_POINT('',(2.85,3.,3.3));
#3948 = VECTOR('',#3949,1.);
#3949 = DIRECTION('',(0.,-2.22044604925E-16,-1.));
#3950 = PLANE('',#3951);
#3951 = AXIS2_PLACEMENT_3D('',#3952,#3953,#3954);
#3952 = CARTESIAN_POINT('',(-3.,3.,3.3));
#3953 = DIRECTION('',(0.,-1.,2.22044604925E-16));
#3954 = DIRECTION('',(1.,0.,0.));
#3955 = ADVANCED_FACE('',(#3956),#4013,.F.);
#3956 = FACE_BOUND('',#3957,.T.);
#3957 = EDGE_LOOP('',(#3958,#3968,#3974,#3975,#3983,#3991,#3999,#4007));
#3958 = ORIENTED_EDGE('',*,*,#3959,.F.);
#3959 = EDGE_CURVE('',#3960,#3962,#3964,.T.);
#3960 = VERTEX_POINT('',#3961);
#3961 = CARTESIAN_POINT('',(-3.,2.85,3.3));
#3962 = VERTEX_POINT('',#3963);
#3963 = CARTESIAN_POINT('',(-3.,-2.85,3.3));
#3964 = LINE('',#3965,#3966);
#3965 = CARTESIAN_POINT('',(-3.,3.,3.3));
#3966 = VECTOR('',#3967,1.);
#3967 = DIRECTION('',(1.445602896647E-16,-1.,2.22044604925E-16));
#3968 = ORIENTED_EDGE('',*,*,#3969,.T.);
#3969 = EDGE_CURVE('',#3960,#3808,#3970,.T.);
#3970 = LINE('',#3971,#3972);
#3971 = CARTESIAN_POINT('',(-3.,2.85,3.3));
#3972 = VECTOR('',#3973,1.);
#3973 = DIRECTION('',(0.,-2.22044604925E-16,-1.));
#3974 = ORIENTED_EDGE('',*,*,#3807,.T.);
#3975 = ORIENTED_EDGE('',*,*,#3976,.T.);
#3976 = EDGE_CURVE('',#3810,#3977,#3979,.T.);
#3977 = VERTEX_POINT('',#3978);
#3978 = CARTESIAN_POINT('',(-3.,1.25,1.E-01));
#3979 = LINE('',#3980,#3981);
#3980 = CARTESIAN_POINT('',(-3.,1.25,3.3));
#3981 = VECTOR('',#3982,1.);
#3982 = DIRECTION('',(0.,2.22044604925E-16,1.));
#3983 = ORIENTED_EDGE('',*,*,#3984,.T.);
#3984 = EDGE_CURVE('',#3977,#3985,#3987,.T.);
#3985 = VERTEX_POINT('',#3986);
#3986 = CARTESIAN_POINT('',(-3.,-1.25,0.1));
#3987 = LINE('',#3988,#3989);
#3988 = CARTESIAN_POINT('',(-3.,3.,1.E-01));
#3989 = VECTOR('',#3990,1.);
#3990 = DIRECTION('',(1.445602896647E-16,-1.,2.22044604925E-16));
#3991 = ORIENTED_EDGE('',*,*,#3992,.T.);
#3992 = EDGE_CURVE('',#3985,#3993,#3995,.T.);
#3993 = VERTEX_POINT('',#3994);
#3994 = CARTESIAN_POINT('',(-3.,-1.25,2.775557561563E-16));
#3995 = LINE('',#3996,#3997);
#3996 = CARTESIAN_POINT('',(-3.,-1.25,3.3));
#3997 = VECTOR('',#3998,1.);
#3998 = DIRECTION('',(0.,-2.22044604925E-16,-1.));
#3999 = ORIENTED_EDGE('',*,*,#4000,.T.);
#4000 = EDGE_CURVE('',#3993,#4001,#4003,.T.);
#4001 = VERTEX_POINT('',#4002);
#4002 = CARTESIAN_POINT('',(-3.,-2.85,6.328271240363E-16));
#4003 = LINE('',#4004,#4005);
#4004 = CARTESIAN_POINT('',(-3.,3.,-6.661338147751E-16));
#4005 = VECTOR('',#4006,1.);
#4006 = DIRECTION('',(1.445602896647E-16,-1.,2.22044604925E-16));
#4007 = ORIENTED_EDGE('',*,*,#4008,.T.);
#4008 = EDGE_CURVE('',#4001,#3962,#4009,.T.);
#4009 = LINE('',#4010,#4011);
#4010 = CARTESIAN_POINT('',(-3.,-2.85,3.3));
#4011 = VECTOR('',#4012,1.);
#4012 = DIRECTION('',(0.,2.22044604925E-16,1.));
#4013 = PLANE('',#4014);
#4014 = AXIS2_PLACEMENT_3D('',#4015,#4016,#4017);
#4015 = CARTESIAN_POINT('',(-3.,3.,3.3));
#4016 = DIRECTION('',(1.,1.445602896647E-16,-3.209883240645E-32));
#4017 = DIRECTION('',(0.,2.22044604925E-16,1.));
#4018 = ADVANCED_FACE('',(#4019),#4053,.F.);
#4019 = FACE_BOUND('',#4020,.T.);
#4020 = EDGE_LOOP('',(#4021,#4031,#4039,#4047));
#4021 = ORIENTED_EDGE('',*,*,#4022,.T.);
#4022 = EDGE_CURVE('',#4023,#4025,#4027,.T.);
#4023 = VERTEX_POINT('',#4024);
#4024 = CARTESIAN_POINT('',(-2.85,-3.,6.661338147751E-16));
#4025 = VERTEX_POINT('',#4026);
#4026 = CARTESIAN_POINT('',(2.85,-3.,6.661338147751E-16));
#4027 = LINE('',#4028,#4029);
#4028 = CARTESIAN_POINT('',(-3.,-3.,6.661338147751E-16));
#4029 = VECTOR('',#4030,1.);
#4030 = DIRECTION('',(1.,0.,0.));
#4031 = ORIENTED_EDGE('',*,*,#4032,.T.);
#4032 = EDGE_CURVE('',#4025,#4033,#4035,.T.);
#4033 = VERTEX_POINT('',#4034);
#4034 = CARTESIAN_POINT('',(2.85,-3.,3.3));
#4035 = LINE('',#4036,#4037);
#4036 = CARTESIAN_POINT('',(2.85,-3.,3.3));
#4037 = VECTOR('',#4038,1.);
#4038 = DIRECTION('',(0.,2.22044604925E-16,1.));
#4039 = ORIENTED_EDGE('',*,*,#4040,.F.);
#4040 = EDGE_CURVE('',#4041,#4033,#4043,.T.);
#4041 = VERTEX_POINT('',#4042);
#4042 = CARTESIAN_POINT('',(-2.85,-3.,3.3));
#4043 = LINE('',#4044,#4045);
#4044 = CARTESIAN_POINT('',(-3.,-3.,3.3));
#4045 = VECTOR('',#4046,1.);
#4046 = DIRECTION('',(1.,0.,0.));
#4047 = ORIENTED_EDGE('',*,*,#4048,.T.);
#4048 = EDGE_CURVE('',#4041,#4023,#4049,.T.);
#4049 = LINE('',#4050,#4051);
#4050 = CARTESIAN_POINT('',(-2.85,-3.,3.3));
#4051 = VECTOR('',#4052,1.);
#4052 = DIRECTION('',(0.,-2.22044604925E-16,-1.));
#4053 = PLANE('',#4054);
#4054 = AXIS2_PLACEMENT_3D('',#4055,#4056,#4057);
#4055 = CARTESIAN_POINT('',(-3.,-3.,3.3));
#4056 = DIRECTION('',(0.,1.,-2.22044604925E-16));
#4057 = DIRECTION('',(0.,-2.22044604925E-16,-1.));
#4058 = ADVANCED_FACE('',(#4059,#4063,#4097,#4101,#4105,#4109),#4113,.T.
  );
#4059 = FACE_BOUND('',#4060,.T.);
#4060 = EDGE_LOOP('',(#4061,#4062));
#4061 = ORIENTED_EDGE('',*,*,#3608,.F.);
#4062 = ORIENTED_EDGE('',*,*,#3524,.F.);
#4063 = FACE_BOUND('',#4064,.T.);
#4064 = EDGE_LOOP('',(#4065,#4066,#4073,#4074,#4081,#4082,#4089,#4090));
#4065 = ORIENTED_EDGE('',*,*,#3937,.T.);
#4066 = ORIENTED_EDGE('',*,*,#4067,.T.);
#4067 = EDGE_CURVE('',#3930,#3960,#4068,.T.);
#4068 = CIRCLE('',#4069,0.15);
#4069 = AXIS2_PLACEMENT_3D('',#4070,#4071,#4072);
#4070 = CARTESIAN_POINT('',(-2.85,2.85,3.3));
#4071 = DIRECTION('',(-0.,2.22044604925E-16,1.));
#4072 = DIRECTION('',(0.,-1.,2.22044604925E-16));
#4073 = ORIENTED_EDGE('',*,*,#3959,.T.);
#4074 = ORIENTED_EDGE('',*,*,#4075,.T.);
#4075 = EDGE_CURVE('',#3962,#4041,#4076,.T.);
#4076 = CIRCLE('',#4077,0.15);
#4077 = AXIS2_PLACEMENT_3D('',#4078,#4079,#4080);
#4078 = CARTESIAN_POINT('',(-2.85,-2.85,3.3));
#4079 = DIRECTION('',(-0.,2.22044604925E-16,1.));
#4080 = DIRECTION('',(0.,-1.,2.22044604925E-16));
#4081 = ORIENTED_EDGE('',*,*,#4040,.T.);
#4082 = ORIENTED_EDGE('',*,*,#4083,.T.);
#4083 = EDGE_CURVE('',#4033,#3875,#4084,.T.);
#4084 = CIRCLE('',#4085,0.15);
#4085 = AXIS2_PLACEMENT_3D('',#4086,#4087,#4088);
#4086 = CARTESIAN_POINT('',(2.85,-2.85,3.3));
#4087 = DIRECTION('',(-0.,2.22044604925E-16,1.));
#4088 = DIRECTION('',(0.,-1.,2.22044604925E-16));
#4089 = ORIENTED_EDGE('',*,*,#3874,.T.);
#4090 = ORIENTED_EDGE('',*,*,#4091,.T.);
#4091 = EDGE_CURVE('',#3867,#3938,#4092,.T.);
#4092 = CIRCLE('',#4093,0.15);
#4093 = AXIS2_PLACEMENT_3D('',#4094,#4095,#4096);
#4094 = CARTESIAN_POINT('',(2.85,2.85,3.3));
#4095 = DIRECTION('',(-0.,2.22044604925E-16,1.));
#4096 = DIRECTION('',(0.,-1.,2.22044604925E-16));
#4097 = FACE_BOUND('',#4098,.T.);
#4098 = EDGE_LOOP('',(#4099,#4100));
#4099 = ORIENTED_EDGE('',*,*,#3654,.F.);
#4100 = ORIENTED_EDGE('',*,*,#3473,.F.);
#4101 = FACE_BOUND('',#4102,.T.);
#4102 = EDGE_LOOP('',(#4103,#4104));
#4103 = ORIENTED_EDGE('',*,*,#3700,.F.);
#4104 = ORIENTED_EDGE('',*,*,#3422,.F.);
#4105 = FACE_BOUND('',#4106,.T.);
#4106 = EDGE_LOOP('',(#4107,#4108));
#4107 = ORIENTED_EDGE('',*,*,#3746,.F.);
#4108 = ORIENTED_EDGE('',*,*,#3371,.F.);
#4109 = FACE_BOUND('',#4110,.T.);
#4110 = EDGE_LOOP('',(#4111,#4112));
#4111 = ORIENTED_EDGE('',*,*,#3792,.F.);
#4112 = ORIENTED_EDGE('',*,*,#3320,.F.);
#4113 = PLANE('',#4114);
#4114 = AXIS2_PLACEMENT_3D('',#4115,#4116,#4117);
#4115 = CARTESIAN_POINT('',(0.,7.327471962526E-16,3.3));
#4116 = DIRECTION('',(0.,2.22044604925E-16,1.));
#4117 = DIRECTION('',(1.,0.,0.));
#4118 = ADVANCED_FACE('',(#4119),#4144,.F.);
#4119 = FACE_BOUND('',#4120,.T.);
#4120 = EDGE_LOOP('',(#4121,#4122,#4129,#4130,#4137,#4138));
#4121 = ORIENTED_EDGE('',*,*,#3890,.F.);
#4122 = ORIENTED_EDGE('',*,*,#4123,.T.);
#4123 = EDGE_CURVE('',#3883,#4025,#4124,.T.);
#4124 = CIRCLE('',#4125,0.15);
#4125 = AXIS2_PLACEMENT_3D('',#4126,#4127,#4128);
#4126 = CARTESIAN_POINT('',(2.85,-2.85,6.328271240363E-16));
#4127 = DIRECTION('',(-0.,-2.22044604925E-16,-1.));
#4128 = DIRECTION('',(0.,-1.,2.22044604925E-16));
#4129 = ORIENTED_EDGE('',*,*,#4022,.F.);
#4130 = ORIENTED_EDGE('',*,*,#4131,.T.);
#4131 = EDGE_CURVE('',#4023,#4001,#4132,.T.);
#4132 = CIRCLE('',#4133,0.15);
#4133 = AXIS2_PLACEMENT_3D('',#4134,#4135,#4136);
#4134 = CARTESIAN_POINT('',(-2.85,-2.85,6.328271240363E-16));
#4135 = DIRECTION('',(-0.,-2.22044604925E-16,-1.));
#4136 = DIRECTION('',(0.,-1.,2.22044604925E-16));
#4137 = ORIENTED_EDGE('',*,*,#4000,.F.);
#4138 = ORIENTED_EDGE('',*,*,#4139,.T.);
#4139 = EDGE_CURVE('',#3993,#3891,#4140,.T.);
#4140 = LINE('',#4141,#4142);
#4141 = CARTESIAN_POINT('',(0.,-1.25,2.775557561563E-16));
#4142 = VECTOR('',#4143,1.);
#4143 = DIRECTION('',(1.,0.,0.));
#4144 = PLANE('',#4145);
#4145 = AXIS2_PLACEMENT_3D('',#4146,#4147,#4148);
#4146 = CARTESIAN_POINT('',(0.,0.,0.));
#4147 = DIRECTION('',(0.,2.22044604925E-16,1.));
#4148 = DIRECTION('',(1.,0.,0.));
#4149 = ADVANCED_FACE('',(#4150),#4166,.F.);
#4150 = FACE_BOUND('',#4151,.T.);
#4151 = EDGE_LOOP('',(#4152,#4158,#4159,#4165));
#4152 = ORIENTED_EDGE('',*,*,#4153,.T.);
#4153 = EDGE_CURVE('',#3977,#3907,#4154,.T.);
#4154 = LINE('',#4155,#4156);
#4155 = CARTESIAN_POINT('',(-3.95,1.25,1.E-01));
#4156 = VECTOR('',#4157,1.);
#4157 = DIRECTION('',(1.,0.,0.));
#4158 = ORIENTED_EDGE('',*,*,#3906,.T.);
#4159 = ORIENTED_EDGE('',*,*,#4160,.F.);
#4160 = EDGE_CURVE('',#3985,#3899,#4161,.T.);
#4161 = LINE('',#4162,#4163);
#4162 = CARTESIAN_POINT('',(-3.95,-1.25,0.1));
#4163 = VECTOR('',#4164,1.);
#4164 = DIRECTION('',(1.,0.,0.));
#4165 = ORIENTED_EDGE('',*,*,#3984,.F.);
#4166 = PLANE('',#4167);
#4167 = AXIS2_PLACEMENT_3D('',#4168,#4169,#4170);
#4168 = CARTESIAN_POINT('',(-3.95,-1.25,0.1));
#4169 = DIRECTION('',(0.,2.22044604925E-16,1.));
#4170 = DIRECTION('',(1.,0.,0.));
#4171 = ADVANCED_FACE('',(#4172),#4178,.F.);
#4172 = FACE_BOUND('',#4173,.T.);
#4173 = EDGE_LOOP('',(#4174,#4175,#4176,#4177));
#4174 = ORIENTED_EDGE('',*,*,#3851,.F.);
#4175 = ORIENTED_EDGE('',*,*,#3914,.T.);
#4176 = ORIENTED_EDGE('',*,*,#4153,.F.);
#4177 = ORIENTED_EDGE('',*,*,#3976,.F.);
#4178 = PLANE('',#4179);
#4179 = AXIS2_PLACEMENT_3D('',#4180,#4181,#4182);
#4180 = CARTESIAN_POINT('',(-3.95,1.25,-0.1));
#4181 = DIRECTION('',(0.,1.,-2.22044604925E-16));
#4182 = DIRECTION('',(0.,-2.22044604925E-16,-1.));
#4183 = ADVANCED_FACE('',(#4184),#4190,.F.);
#4184 = FACE_BOUND('',#4185,.T.);
#4185 = EDGE_LOOP('',(#4186,#4187,#4188,#4189));
#4186 = ORIENTED_EDGE('',*,*,#4160,.T.);
#4187 = ORIENTED_EDGE('',*,*,#3898,.T.);
#4188 = ORIENTED_EDGE('',*,*,#4139,.F.);
#4189 = ORIENTED_EDGE('',*,*,#3992,.F.);
#4190 = PLANE('',#4191);
#4191 = AXIS2_PLACEMENT_3D('',#4192,#4193,#4194);
#4192 = CARTESIAN_POINT('',(-3.95,-1.25,-1.E-01));
#4193 = DIRECTION('',(0.,-1.,2.22044604925E-16));
#4194 = DIRECTION('',(1.,0.,0.));
#4195 = ADVANCED_FACE('',(#4196),#4202,.T.);
#4196 = FACE_BOUND('',#4197,.T.);
#4197 = EDGE_LOOP('',(#4198,#4199,#4200,#4201));
#4198 = ORIENTED_EDGE('',*,*,#4067,.F.);
#4199 = ORIENTED_EDGE('',*,*,#3929,.F.);
#4200 = ORIENTED_EDGE('',*,*,#3817,.F.);
#4201 = ORIENTED_EDGE('',*,*,#3969,.F.);
#4202 = CYLINDRICAL_SURFACE('',#4203,0.15);
#4203 = AXIS2_PLACEMENT_3D('',#4204,#4205,#4206);
#4204 = CARTESIAN_POINT('',(-2.85,2.85,3.3));
#4205 = DIRECTION('',(0.,-2.22044604925E-16,-1.));
#4206 = DIRECTION('',(0.,1.,-2.22044604925E-16));
#4207 = ADVANCED_FACE('',(#4208),#4214,.T.);
#4208 = FACE_BOUND('',#4209,.T.);
#4209 = EDGE_LOOP('',(#4210,#4211,#4212,#4213));
#4210 = ORIENTED_EDGE('',*,*,#4091,.F.);
#4211 = ORIENTED_EDGE('',*,*,#3866,.F.);
#4212 = ORIENTED_EDGE('',*,*,#3834,.F.);
#4213 = ORIENTED_EDGE('',*,*,#3945,.F.);
#4214 = CYLINDRICAL_SURFACE('',#4215,0.15);
#4215 = AXIS2_PLACEMENT_3D('',#4216,#4217,#4218);
#4216 = CARTESIAN_POINT('',(2.85,2.85,3.3));
#4217 = DIRECTION('',(0.,-2.22044604925E-16,-1.));
#4218 = DIRECTION('',(0.,1.,-2.22044604925E-16));
#4219 = ADVANCED_FACE('',(#4220),#4226,.T.);
#4220 = FACE_BOUND('',#4221,.T.);
#4221 = EDGE_LOOP('',(#4222,#4223,#4224,#4225));
#4222 = ORIENTED_EDGE('',*,*,#4083,.F.);
#4223 = ORIENTED_EDGE('',*,*,#4032,.F.);
#4224 = ORIENTED_EDGE('',*,*,#4123,.F.);
#4225 = ORIENTED_EDGE('',*,*,#3882,.F.);
#4226 = CYLINDRICAL_SURFACE('',#4227,0.15);
#4227 = AXIS2_PLACEMENT_3D('',#4228,#4229,#4230);
#4228 = CARTESIAN_POINT('',(2.85,-2.85,3.3));
#4229 = DIRECTION('',(0.,-2.22044604925E-16,-1.));
#4230 = DIRECTION('',(0.,1.,-2.22044604925E-16));
#4231 = ADVANCED_FACE('',(#4232),#4238,.T.);
#4232 = FACE_BOUND('',#4233,.T.);
#4233 = EDGE_LOOP('',(#4234,#4235,#4236,#4237));
#4234 = ORIENTED_EDGE('',*,*,#4075,.F.);
#4235 = ORIENTED_EDGE('',*,*,#4008,.F.);
#4236 = ORIENTED_EDGE('',*,*,#4131,.F.);
#4237 = ORIENTED_EDGE('',*,*,#4048,.F.);
#4238 = CYLINDRICAL_SURFACE('',#4239,0.15);
#4239 = AXIS2_PLACEMENT_3D('',#4240,#4241,#4242);
#4240 = CARTESIAN_POINT('',(-2.85,-2.85,3.3));
#4241 = DIRECTION('',(0.,-2.22044604925E-16,-1.));
#4242 = DIRECTION('',(0.,1.,-2.22044604925E-16));
#4243 = ADVANCED_FACE('',(#4244),#4248,.T.);
#4244 = FACE_BOUND('',#4245,.T.);
#4245 = EDGE_LOOP('',(#4246,#4247));
#4246 = ORIENTED_EDGE('',*,*,#3563,.T.);
#4247 = ORIENTED_EDGE('',*,*,#3590,.T.);
#4248 = PLANE('',#4249);
#4249 = AXIS2_PLACEMENT_3D('',#4250,#4251,#4252);
#4250 = CARTESIAN_POINT('',(0.,1.554312234475E-15,7.));
#4251 = DIRECTION('',(0.,2.22044604925E-16,1.));
#4252 = DIRECTION('',(0.,-1.,2.22044604925E-16));
#4253 = ( GEOMETRIC_REPRESENTATION_CONTEXT(3) 
GLOBAL_UNCERTAINTY_ASSIGNED_CONTEXT((#4257)) 
GLOBAL_UNIT_ASSIGNED_CONTEXT((#4254,#4255,#4256)) REPRESENTATION_CONTEXT
('Context #1','3D Context with UNIT and UNCERTAINTY') );
#4254 = ( LENGTH_UNIT() NAMED_UNIT(*) SI_UNIT(.MILLI.,.METRE.) );
#4255 = ( NAMED_UNIT(*) PLANE_ANGLE_UNIT() SI_UNIT($,.RADIAN.) );
#4256 = ( NAMED_UNIT(*) SI_UNIT($,.STERADIAN.) SOLID_ANGLE_UNIT() );
#4257 = UNCERTAINTY_MEASURE_WITH_UNIT(LENGTH_MEASURE(2.E-07),#4254,
  'distance_accuracy_value','confusion accuracy');
#4258 = PRODUCT_RELATED_PRODUCT_CATEGORY('part',$,(#7));
#4259 = MECHANICAL_DESIGN_GEOMETRIC_PRESENTATION_REPRESENTATION('',(
    #4260,#4271,#4280,#4289,#4298,#4307,#4316,#4325,#4334,#4343,#4352,
    #4361,#4370,#4379,#4388,#4397,#4406,#4415,#4424,#4433,#4442,#4451,
    #4460,#4469,#4478,#4487,#4496,#4505,#4514,#4523,#4532,#4541,#4550,
    #4559,#4568,#4577,#4586,#4595,#4604,#4613,#4622,#4631,#4640,#4649,
    #4658,#4667,#4676,#4685,#4694,#4703,#4712,#4721,#4730,#4739,#4748,
    #4757,#4766,#4775,#4784,#4793,#4802,#4811,#4820,#4829,#4838,#4847,
    #4856,#4865,#4874,#4883,#4892,#4901,#4910,#4919,#4928,#4937,#4946,
    #4955,#4964,#4973,#4982,#4991,#5000,#5009,#5018,#5027,#5036,#5045,
    #5054,#5063,#5072,#5081,#5090,#5099,#5108,#5117,#5126,#5135,#5144,
    #5153,#5162,#5171,#5180,#5189,#5198,#5207,#5216,#5225,#5234,#5243,
    #5252,#5262,#5271,#5280,#5289,#5298,#5307,#5316,#5325,#5334,#5343,
    #5352,#5361,#5370,#5379,#5388,#5397,#5406,#5415,#5424,#5433,#5442,
    #5451,#5460,#5469,#5478,#5487,#5496,#5505,#5514,#5523),#4253);
#4260 = STYLED_ITEM('color',(#4261),#15);
#4261 = PRESENTATION_STYLE_ASSIGNMENT((#4262,#4268));
#4262 = SURFACE_STYLE_USAGE(.BOTH.,#4263);
#4263 = SURFACE_SIDE_STYLE('',(#4264));
#4264 = SURFACE_STYLE_FILL_AREA(#4265);
#4265 = FILL_AREA_STYLE('',(#4266));
#4266 = FILL_AREA_STYLE_COLOUR('',#4267);
#4267 = COLOUR_RGB('',0.823999987314,0.819999987296,0.781000009244);
#4268 = CURVE_STYLE('',#4269,POSITIVE_LENGTH_MEASURE(0.1),#4270);
#4269 = DRAUGHTING_PRE_DEFINED_CURVE_FONT('continuous');
#4270 = COLOUR_RGB('',9.803921802644E-02,9.803921802644E-02,
  9.803921802644E-02);
#4271 = OVER_RIDING_STYLED_ITEM('overriding color',(#4272),#17,#4260);
#4272 = PRESENTATION_STYLE_ASSIGNMENT((#4273));
#4273 = SURFACE_STYLE_USAGE(.BOTH.,#4274);
#4274 = SURFACE_SIDE_STYLE('',(#4275,#4278));
#4275 = SURFACE_STYLE_FILL_AREA(#4276);
#4276 = FILL_AREA_STYLE('',(#4277));
#4277 = FILL_AREA_STYLE_COLOUR('',#4267);
#4278 = SURFACE_STYLE_RENDERING_WITH_PROPERTIES(.NORMAL_SHADING.,#4267,(
    #4279));
#4279 = SURFACE_STYLE_TRANSPARENT(0.);
#4280 = OVER_RIDING_STYLED_ITEM('overriding color',(#4281),#59,#4260);
#4281 = PRESENTATION_STYLE_ASSIGNMENT((#4282));
#4282 = SURFACE_STYLE_USAGE(.BOTH.,#4283);
#4283 = SURFACE_SIDE_STYLE('',(#4284,#4287));
#4284 = SURFACE_STYLE_FILL_AREA(#4285);
#4285 = FILL_AREA_STYLE('',(#4286));
#4286 = FILL_AREA_STYLE_COLOUR('',#4267);
#4287 = SURFACE_STYLE_RENDERING_WITH_PROPERTIES(.NORMAL_SHADING.,#4267,(
    #4288));
#4288 = SURFACE_STYLE_TRANSPARENT(0.);
#4289 = OVER_RIDING_STYLED_ITEM('overriding color',(#4290),#92,#4260);
#4290 = PRESENTATION_STYLE_ASSIGNMENT((#4291));
#4291 = SURFACE_STYLE_USAGE(.BOTH.,#4292);
#4292 = SURFACE_SIDE_STYLE('',(#4293,#4296));
#4293 = SURFACE_STYLE_FILL_AREA(#4294);
#4294 = FILL_AREA_STYLE('',(#4295));
#4295 = FILL_AREA_STYLE_COLOUR('',#4267);
#4296 = SURFACE_STYLE_RENDERING_WITH_PROPERTIES(.NORMAL_SHADING.,#4267,(
    #4297));
#4297 = SURFACE_STYLE_TRANSPARENT(0.);
#4298 = OVER_RIDING_STYLED_ITEM('overriding color',(#4299),#148,#4260);
#4299 = PRESENTATION_STYLE_ASSIGNMENT((#4300));
#4300 = SURFACE_STYLE_USAGE(.BOTH.,#4301);
#4301 = SURFACE_SIDE_STYLE('',(#4302,#4305));
#4302 = SURFACE_STYLE_FILL_AREA(#4303);
#4303 = FILL_AREA_STYLE('',(#4304));
#4304 = FILL_AREA_STYLE_COLOUR('',#4267);
#4305 = SURFACE_STYLE_RENDERING_WITH_PROPERTIES(.NORMAL_SHADING.,#4267,(
    #4306));
#4306 = SURFACE_STYLE_TRANSPARENT(0.);
#4307 = OVER_RIDING_STYLED_ITEM('overriding color',(#4308),#179,#4260);
#4308 = PRESENTATION_STYLE_ASSIGNMENT((#4309));
#4309 = SURFACE_STYLE_USAGE(.BOTH.,#4310);
#4310 = SURFACE_SIDE_STYLE('',(#4311,#4314));
#4311 = SURFACE_STYLE_FILL_AREA(#4312);
#4312 = FILL_AREA_STYLE('',(#4313));
#4313 = FILL_AREA_STYLE_COLOUR('',#4267);
#4314 = SURFACE_STYLE_RENDERING_WITH_PROPERTIES(.NORMAL_SHADING.,#4267,(
    #4315));
#4315 = SURFACE_STYLE_TRANSPARENT(0.);
#4316 = OVER_RIDING_STYLED_ITEM('overriding color',(#4317),#226,#4260);
#4317 = PRESENTATION_STYLE_ASSIGNMENT((#4318));
#4318 = SURFACE_STYLE_USAGE(.BOTH.,#4319);
#4319 = SURFACE_SIDE_STYLE('',(#4320,#4323));
#4320 = SURFACE_STYLE_FILL_AREA(#4321);
#4321 = FILL_AREA_STYLE('',(#4322));
#4322 = FILL_AREA_STYLE_COLOUR('',#4267);
#4323 = SURFACE_STYLE_RENDERING_WITH_PROPERTIES(.NORMAL_SHADING.,#4267,(
    #4324));
#4324 = SURFACE_STYLE_TRANSPARENT(0.);
#4325 = OVER_RIDING_STYLED_ITEM('overriding color',(#4326),#259,#4260);
#4326 = PRESENTATION_STYLE_ASSIGNMENT((#4327));
#4327 = SURFACE_STYLE_USAGE(.BOTH.,#4328);
#4328 = SURFACE_SIDE_STYLE('',(#4329,#4332));
#4329 = SURFACE_STYLE_FILL_AREA(#4330);
#4330 = FILL_AREA_STYLE('',(#4331));
#4331 = FILL_AREA_STYLE_COLOUR('',#4267);
#4332 = SURFACE_STYLE_RENDERING_WITH_PROPERTIES(.NORMAL_SHADING.,#4267,(
    #4333));
#4333 = SURFACE_STYLE_TRANSPARENT(0.);
#4334 = OVER_RIDING_STYLED_ITEM('overriding color',(#4335),#290,#4260);
#4335 = PRESENTATION_STYLE_ASSIGNMENT((#4336));
#4336 = SURFACE_STYLE_USAGE(.BOTH.,#4337);
#4337 = SURFACE_SIDE_STYLE('',(#4338,#4341));
#4338 = SURFACE_STYLE_FILL_AREA(#4339);
#4339 = FILL_AREA_STYLE('',(#4340));
#4340 = FILL_AREA_STYLE_COLOUR('',#4267);
#4341 = SURFACE_STYLE_RENDERING_WITH_PROPERTIES(.NORMAL_SHADING.,#4267,(
    #4342));
#4342 = SURFACE_STYLE_TRANSPARENT(0.);
#4343 = OVER_RIDING_STYLED_ITEM('overriding color',(#4344),#321,#4260);
#4344 = PRESENTATION_STYLE_ASSIGNMENT((#4345));
#4345 = SURFACE_STYLE_USAGE(.BOTH.,#4346);
#4346 = SURFACE_SIDE_STYLE('',(#4347,#4350));
#4347 = SURFACE_STYLE_FILL_AREA(#4348);
#4348 = FILL_AREA_STYLE('',(#4349));
#4349 = FILL_AREA_STYLE_COLOUR('',#4267);
#4350 = SURFACE_STYLE_RENDERING_WITH_PROPERTIES(.NORMAL_SHADING.,#4267,(
    #4351));
#4351 = SURFACE_STYLE_TRANSPARENT(0.);
#4352 = OVER_RIDING_STYLED_ITEM('overriding color',(#4353),#354,#4260);
#4353 = PRESENTATION_STYLE_ASSIGNMENT((#4354));
#4354 = SURFACE_STYLE_USAGE(.BOTH.,#4355);
#4355 = SURFACE_SIDE_STYLE('',(#4356,#4359));
#4356 = SURFACE_STYLE_FILL_AREA(#4357);
#4357 = FILL_AREA_STYLE('',(#4358));
#4358 = FILL_AREA_STYLE_COLOUR('',#4267);
#4359 = SURFACE_STYLE_RENDERING_WITH_PROPERTIES(.NORMAL_SHADING.,#4267,(
    #4360));
#4360 = SURFACE_STYLE_TRANSPARENT(0.);
#4361 = OVER_RIDING_STYLED_ITEM('overriding color',(#4362),#385,#4260);
#4362 = PRESENTATION_STYLE_ASSIGNMENT((#4363));
#4363 = SURFACE_STYLE_USAGE(.BOTH.,#4364);
#4364 = SURFACE_SIDE_STYLE('',(#4365,#4368));
#4365 = SURFACE_STYLE_FILL_AREA(#4366);
#4366 = FILL_AREA_STYLE('',(#4367));
#4367 = FILL_AREA_STYLE_COLOUR('',#4267);
#4368 = SURFACE_STYLE_RENDERING_WITH_PROPERTIES(.NORMAL_SHADING.,#4267,(
    #4369));
#4369 = SURFACE_STYLE_TRANSPARENT(0.);
#4370 = OVER_RIDING_STYLED_ITEM('overriding color',(#4371),#416,#4260);
#4371 = PRESENTATION_STYLE_ASSIGNMENT((#4372));
#4372 = SURFACE_STYLE_USAGE(.BOTH.,#4373);
#4373 = SURFACE_SIDE_STYLE('',(#4374,#4377));
#4374 = SURFACE_STYLE_FILL_AREA(#4375);
#4375 = FILL_AREA_STYLE('',(#4376));
#4376 = FILL_AREA_STYLE_COLOUR('',#4267);
#4377 = SURFACE_STYLE_RENDERING_WITH_PROPERTIES(.NORMAL_SHADING.,#4267,(
    #4378));
#4378 = SURFACE_STYLE_TRANSPARENT(0.);
#4379 = OVER_RIDING_STYLED_ITEM('overriding color',(#4380),#447,#4260);
#4380 = PRESENTATION_STYLE_ASSIGNMENT((#4381));
#4381 = SURFACE_STYLE_USAGE(.BOTH.,#4382);
#4382 = SURFACE_SIDE_STYLE('',(#4383,#4386));
#4383 = SURFACE_STYLE_FILL_AREA(#4384);
#4384 = FILL_AREA_STYLE('',(#4385));
#4385 = FILL_AREA_STYLE_COLOUR('',#4267);
#4386 = SURFACE_STYLE_RENDERING_WITH_PROPERTIES(.NORMAL_SHADING.,#4267,(
    #4387));
#4387 = SURFACE_STYLE_TRANSPARENT(0.);
#4388 = OVER_RIDING_STYLED_ITEM('overriding color',(#4389),#478,#4260);
#4389 = PRESENTATION_STYLE_ASSIGNMENT((#4390));
#4390 = SURFACE_STYLE_USAGE(.BOTH.,#4391);
#4391 = SURFACE_SIDE_STYLE('',(#4392,#4395));
#4392 = SURFACE_STYLE_FILL_AREA(#4393);
#4393 = FILL_AREA_STYLE('',(#4394));
#4394 = FILL_AREA_STYLE_COLOUR('',#4267);
#4395 = SURFACE_STYLE_RENDERING_WITH_PROPERTIES(.NORMAL_SHADING.,#4267,(
    #4396));
#4396 = SURFACE_STYLE_TRANSPARENT(0.);
#4397 = OVER_RIDING_STYLED_ITEM('overriding color',(#4398),#511,#4260);
#4398 = PRESENTATION_STYLE_ASSIGNMENT((#4399));
#4399 = SURFACE_STYLE_USAGE(.BOTH.,#4400);
#4400 = SURFACE_SIDE_STYLE('',(#4401,#4404));
#4401 = SURFACE_STYLE_FILL_AREA(#4402);
#4402 = FILL_AREA_STYLE('',(#4403));
#4403 = FILL_AREA_STYLE_COLOUR('',#4267);
#4404 = SURFACE_STYLE_RENDERING_WITH_PROPERTIES(.NORMAL_SHADING.,#4267,(
    #4405));
#4405 = SURFACE_STYLE_TRANSPARENT(0.);
#4406 = OVER_RIDING_STYLED_ITEM('overriding color',(#4407),#542,#4260);
#4407 = PRESENTATION_STYLE_ASSIGNMENT((#4408));
#4408 = SURFACE_STYLE_USAGE(.BOTH.,#4409);
#4409 = SURFACE_SIDE_STYLE('',(#4410,#4413));
#4410 = SURFACE_STYLE_FILL_AREA(#4411);
#4411 = FILL_AREA_STYLE('',(#4412));
#4412 = FILL_AREA_STYLE_COLOUR('',#4267);
#4413 = SURFACE_STYLE_RENDERING_WITH_PROPERTIES(.NORMAL_SHADING.,#4267,(
    #4414));
#4414 = SURFACE_STYLE_TRANSPARENT(0.);
#4415 = OVER_RIDING_STYLED_ITEM('overriding color',(#4416),#564,#4260);
#4416 = PRESENTATION_STYLE_ASSIGNMENT((#4417));
#4417 = SURFACE_STYLE_USAGE(.BOTH.,#4418);
#4418 = SURFACE_SIDE_STYLE('',(#4419,#4422));
#4419 = SURFACE_STYLE_FILL_AREA(#4420);
#4420 = FILL_AREA_STYLE('',(#4421));
#4421 = FILL_AREA_STYLE_COLOUR('',#4267);
#4422 = SURFACE_STYLE_RENDERING_WITH_PROPERTIES(.NORMAL_SHADING.,#4267,(
    #4423));
#4423 = SURFACE_STYLE_TRANSPARENT(0.);
#4424 = OVER_RIDING_STYLED_ITEM('overriding color',(#4425),#586,#4260);
#4425 = PRESENTATION_STYLE_ASSIGNMENT((#4426));
#4426 = SURFACE_STYLE_USAGE(.BOTH.,#4427);
#4427 = SURFACE_SIDE_STYLE('',(#4428,#4431));
#4428 = SURFACE_STYLE_FILL_AREA(#4429);
#4429 = FILL_AREA_STYLE('',(#4430));
#4430 = FILL_AREA_STYLE_COLOUR('',#4267);
#4431 = SURFACE_STYLE_RENDERING_WITH_PROPERTIES(.NORMAL_SHADING.,#4267,(
    #4432));
#4432 = SURFACE_STYLE_TRANSPARENT(0.);
#4433 = OVER_RIDING_STYLED_ITEM('overriding color',(#4434),#616,#4260);
#4434 = PRESENTATION_STYLE_ASSIGNMENT((#4435));
#4435 = SURFACE_STYLE_USAGE(.BOTH.,#4436);
#4436 = SURFACE_SIDE_STYLE('',(#4437,#4440));
#4437 = SURFACE_STYLE_FILL_AREA(#4438);
#4438 = FILL_AREA_STYLE('',(#4439));
#4439 = FILL_AREA_STYLE_COLOUR('',#4267);
#4440 = SURFACE_STYLE_RENDERING_WITH_PROPERTIES(.NORMAL_SHADING.,#4267,(
    #4441));
#4441 = SURFACE_STYLE_TRANSPARENT(0.);
#4442 = OVER_RIDING_STYLED_ITEM('overriding color',(#4443),#646,#4260);
#4443 = PRESENTATION_STYLE_ASSIGNMENT((#4444));
#4444 = SURFACE_STYLE_USAGE(.BOTH.,#4445);
#4445 = SURFACE_SIDE_STYLE('',(#4446,#4449));
#4446 = SURFACE_STYLE_FILL_AREA(#4447);
#4447 = FILL_AREA_STYLE('',(#4448));
#4448 = FILL_AREA_STYLE_COLOUR('',#4267);
#4449 = SURFACE_STYLE_RENDERING_WITH_PROPERTIES(.NORMAL_SHADING.,#4267,(
    #4450));
#4450 = SURFACE_STYLE_TRANSPARENT(0.);
#4451 = OVER_RIDING_STYLED_ITEM('overriding color',(#4452),#658,#4260);
#4452 = PRESENTATION_STYLE_ASSIGNMENT((#4453));
#4453 = SURFACE_STYLE_USAGE(.BOTH.,#4454);
#4454 = SURFACE_SIDE_STYLE('',(#4455,#4458));
#4455 = SURFACE_STYLE_FILL_AREA(#4456);
#4456 = FILL_AREA_STYLE('',(#4457));
#4457 = FILL_AREA_STYLE_COLOUR('',#4267);
#4458 = SURFACE_STYLE_RENDERING_WITH_PROPERTIES(.NORMAL_SHADING.,#4267,(
    #4459));
#4459 = SURFACE_STYLE_TRANSPARENT(0.);
#4460 = STYLED_ITEM('color',(#4461),#670);
#4461 = PRESENTATION_STYLE_ASSIGNMENT((#4462,#4467));
#4462 = SURFACE_STYLE_USAGE(.BOTH.,#4463);
#4463 = SURFACE_SIDE_STYLE('',(#4464));
#4464 = SURFACE_STYLE_FILL_AREA(#4465);
#4465 = FILL_AREA_STYLE('',(#4466));
#4466 = FILL_AREA_STYLE_COLOUR('',#4267);
#4467 = CURVE_STYLE('',#4468,POSITIVE_LENGTH_MEASURE(0.1),#4270);
#4468 = DRAUGHTING_PRE_DEFINED_CURVE_FONT('continuous');
#4469 = OVER_RIDING_STYLED_ITEM('overriding color',(#4470),#672,#4460);
#4470 = PRESENTATION_STYLE_ASSIGNMENT((#4471));
#4471 = SURFACE_STYLE_USAGE(.BOTH.,#4472);
#4472 = SURFACE_SIDE_STYLE('',(#4473,#4476));
#4473 = SURFACE_STYLE_FILL_AREA(#4474);
#4474 = FILL_AREA_STYLE('',(#4475));
#4475 = FILL_AREA_STYLE_COLOUR('',#4267);
#4476 = SURFACE_STYLE_RENDERING_WITH_PROPERTIES(.NORMAL_SHADING.,#4267,(
    #4477));
#4477 = SURFACE_STYLE_TRANSPARENT(0.);
#4478 = OVER_RIDING_STYLED_ITEM('overriding color',(#4479),#714,#4460);
#4479 = PRESENTATION_STYLE_ASSIGNMENT((#4480));
#4480 = SURFACE_STYLE_USAGE(.BOTH.,#4481);
#4481 = SURFACE_SIDE_STYLE('',(#4482,#4485));
#4482 = SURFACE_STYLE_FILL_AREA(#4483);
#4483 = FILL_AREA_STYLE('',(#4484));
#4484 = FILL_AREA_STYLE_COLOUR('',#4267);
#4485 = SURFACE_STYLE_RENDERING_WITH_PROPERTIES(.NORMAL_SHADING.,#4267,(
    #4486));
#4486 = SURFACE_STYLE_TRANSPARENT(0.);
#4487 = OVER_RIDING_STYLED_ITEM('overriding color',(#4488),#747,#4460);
#4488 = PRESENTATION_STYLE_ASSIGNMENT((#4489));
#4489 = SURFACE_STYLE_USAGE(.BOTH.,#4490);
#4490 = SURFACE_SIDE_STYLE('',(#4491,#4494));
#4491 = SURFACE_STYLE_FILL_AREA(#4492);
#4492 = FILL_AREA_STYLE('',(#4493));
#4493 = FILL_AREA_STYLE_COLOUR('',#4267);
#4494 = SURFACE_STYLE_RENDERING_WITH_PROPERTIES(.NORMAL_SHADING.,#4267,(
    #4495));
#4495 = SURFACE_STYLE_TRANSPARENT(0.);
#4496 = OVER_RIDING_STYLED_ITEM('overriding color',(#4497),#803,#4460);
#4497 = PRESENTATION_STYLE_ASSIGNMENT((#4498));
#4498 = SURFACE_STYLE_USAGE(.BOTH.,#4499);
#4499 = SURFACE_SIDE_STYLE('',(#4500,#4503));
#4500 = SURFACE_STYLE_FILL_AREA(#4501);
#4501 = FILL_AREA_STYLE('',(#4502));
#4502 = FILL_AREA_STYLE_COLOUR('',#4267);
#4503 = SURFACE_STYLE_RENDERING_WITH_PROPERTIES(.NORMAL_SHADING.,#4267,(
    #4504));
#4504 = SURFACE_STYLE_TRANSPARENT(0.);
#4505 = OVER_RIDING_STYLED_ITEM('overriding color',(#4506),#834,#4460);
#4506 = PRESENTATION_STYLE_ASSIGNMENT((#4507));
#4507 = SURFACE_STYLE_USAGE(.BOTH.,#4508);
#4508 = SURFACE_SIDE_STYLE('',(#4509,#4512));
#4509 = SURFACE_STYLE_FILL_AREA(#4510);
#4510 = FILL_AREA_STYLE('',(#4511));
#4511 = FILL_AREA_STYLE_COLOUR('',#4267);
#4512 = SURFACE_STYLE_RENDERING_WITH_PROPERTIES(.NORMAL_SHADING.,#4267,(
    #4513));
#4513 = SURFACE_STYLE_TRANSPARENT(0.);
#4514 = OVER_RIDING_STYLED_ITEM('overriding color',(#4515),#881,#4460);
#4515 = PRESENTATION_STYLE_ASSIGNMENT((#4516));
#4516 = SURFACE_STYLE_USAGE(.BOTH.,#4517);
#4517 = SURFACE_SIDE_STYLE('',(#4518,#4521));
#4518 = SURFACE_STYLE_FILL_AREA(#4519);
#4519 = FILL_AREA_STYLE('',(#4520));
#4520 = FILL_AREA_STYLE_COLOUR('',#4267);
#4521 = SURFACE_STYLE_RENDERING_WITH_PROPERTIES(.NORMAL_SHADING.,#4267,(
    #4522));
#4522 = SURFACE_STYLE_TRANSPARENT(0.);
#4523 = OVER_RIDING_STYLED_ITEM('overriding color',(#4524),#914,#4460);
#4524 = PRESENTATION_STYLE_ASSIGNMENT((#4525));
#4525 = SURFACE_STYLE_USAGE(.BOTH.,#4526);
#4526 = SURFACE_SIDE_STYLE('',(#4527,#4530));
#4527 = SURFACE_STYLE_FILL_AREA(#4528);
#4528 = FILL_AREA_STYLE('',(#4529));
#4529 = FILL_AREA_STYLE_COLOUR('',#4267);
#4530 = SURFACE_STYLE_RENDERING_WITH_PROPERTIES(.NORMAL_SHADING.,#4267,(
    #4531));
#4531 = SURFACE_STYLE_TRANSPARENT(0.);
#4532 = OVER_RIDING_STYLED_ITEM('overriding color',(#4533),#945,#4460);
#4533 = PRESENTATION_STYLE_ASSIGNMENT((#4534));
#4534 = SURFACE_STYLE_USAGE(.BOTH.,#4535);
#4535 = SURFACE_SIDE_STYLE('',(#4536,#4539));
#4536 = SURFACE_STYLE_FILL_AREA(#4537);
#4537 = FILL_AREA_STYLE('',(#4538));
#4538 = FILL_AREA_STYLE_COLOUR('',#4267);
#4539 = SURFACE_STYLE_RENDERING_WITH_PROPERTIES(.NORMAL_SHADING.,#4267,(
    #4540));
#4540 = SURFACE_STYLE_TRANSPARENT(0.);
#4541 = OVER_RIDING_STYLED_ITEM('overriding color',(#4542),#976,#4460);
#4542 = PRESENTATION_STYLE_ASSIGNMENT((#4543));
#4543 = SURFACE_STYLE_USAGE(.BOTH.,#4544);
#4544 = SURFACE_SIDE_STYLE('',(#4545,#4548));
#4545 = SURFACE_STYLE_FILL_AREA(#4546);
#4546 = FILL_AREA_STYLE('',(#4547));
#4547 = FILL_AREA_STYLE_COLOUR('',#4267);
#4548 = SURFACE_STYLE_RENDERING_WITH_PROPERTIES(.NORMAL_SHADING.,#4267,(
    #4549));
#4549 = SURFACE_STYLE_TRANSPARENT(0.);
#4550 = OVER_RIDING_STYLED_ITEM('overriding color',(#4551),#1009,#4460);
#4551 = PRESENTATION_STYLE_ASSIGNMENT((#4552));
#4552 = SURFACE_STYLE_USAGE(.BOTH.,#4553);
#4553 = SURFACE_SIDE_STYLE('',(#4554,#4557));
#4554 = SURFACE_STYLE_FILL_AREA(#4555);
#4555 = FILL_AREA_STYLE('',(#4556));
#4556 = FILL_AREA_STYLE_COLOUR('',#4267);
#4557 = SURFACE_STYLE_RENDERING_WITH_PROPERTIES(.NORMAL_SHADING.,#4267,(
    #4558));
#4558 = SURFACE_STYLE_TRANSPARENT(0.);
#4559 = OVER_RIDING_STYLED_ITEM('overriding color',(#4560),#1040,#4460);
#4560 = PRESENTATION_STYLE_ASSIGNMENT((#4561));
#4561 = SURFACE_STYLE_USAGE(.BOTH.,#4562);
#4562 = SURFACE_SIDE_STYLE('',(#4563,#4566));
#4563 = SURFACE_STYLE_FILL_AREA(#4564);
#4564 = FILL_AREA_STYLE('',(#4565));
#4565 = FILL_AREA_STYLE_COLOUR('',#4267);
#4566 = SURFACE_STYLE_RENDERING_WITH_PROPERTIES(.NORMAL_SHADING.,#4267,(
    #4567));
#4567 = SURFACE_STYLE_TRANSPARENT(0.);
#4568 = OVER_RIDING_STYLED_ITEM('overriding color',(#4569),#1071,#4460);
#4569 = PRESENTATION_STYLE_ASSIGNMENT((#4570));
#4570 = SURFACE_STYLE_USAGE(.BOTH.,#4571);
#4571 = SURFACE_SIDE_STYLE('',(#4572,#4575));
#4572 = SURFACE_STYLE_FILL_AREA(#4573);
#4573 = FILL_AREA_STYLE('',(#4574));
#4574 = FILL_AREA_STYLE_COLOUR('',#4267);
#4575 = SURFACE_STYLE_RENDERING_WITH_PROPERTIES(.NORMAL_SHADING.,#4267,(
    #4576));
#4576 = SURFACE_STYLE_TRANSPARENT(0.);
#4577 = OVER_RIDING_STYLED_ITEM('overriding color',(#4578),#1102,#4460);
#4578 = PRESENTATION_STYLE_ASSIGNMENT((#4579));
#4579 = SURFACE_STYLE_USAGE(.BOTH.,#4580);
#4580 = SURFACE_SIDE_STYLE('',(#4581,#4584));
#4581 = SURFACE_STYLE_FILL_AREA(#4582);
#4582 = FILL_AREA_STYLE('',(#4583));
#4583 = FILL_AREA_STYLE_COLOUR('',#4267);
#4584 = SURFACE_STYLE_RENDERING_WITH_PROPERTIES(.NORMAL_SHADING.,#4267,(
    #4585));
#4585 = SURFACE_STYLE_TRANSPARENT(0.);
#4586 = OVER_RIDING_STYLED_ITEM('overriding color',(#4587),#1133,#4460);
#4587 = PRESENTATION_STYLE_ASSIGNMENT((#4588));
#4588 = SURFACE_STYLE_USAGE(.BOTH.,#4589);
#4589 = SURFACE_SIDE_STYLE('',(#4590,#4593));
#4590 = SURFACE_STYLE_FILL_AREA(#4591);
#4591 = FILL_AREA_STYLE('',(#4592));
#4592 = FILL_AREA_STYLE_COLOUR('',#4267);
#4593 = SURFACE_STYLE_RENDERING_WITH_PROPERTIES(.NORMAL_SHADING.,#4267,(
    #4594));
#4594 = SURFACE_STYLE_TRANSPARENT(0.);
#4595 = OVER_RIDING_STYLED_ITEM('overriding color',(#4596),#1166,#4460);
#4596 = PRESENTATION_STYLE_ASSIGNMENT((#4597));
#4597 = SURFACE_STYLE_USAGE(.BOTH.,#4598);
#4598 = SURFACE_SIDE_STYLE('',(#4599,#4602));
#4599 = SURFACE_STYLE_FILL_AREA(#4600);
#4600 = FILL_AREA_STYLE('',(#4601));
#4601 = FILL_AREA_STYLE_COLOUR('',#4267);
#4602 = SURFACE_STYLE_RENDERING_WITH_PROPERTIES(.NORMAL_SHADING.,#4267,(
    #4603));
#4603 = SURFACE_STYLE_TRANSPARENT(0.);
#4604 = OVER_RIDING_STYLED_ITEM('overriding color',(#4605),#1197,#4460);
#4605 = PRESENTATION_STYLE_ASSIGNMENT((#4606));
#4606 = SURFACE_STYLE_USAGE(.BOTH.,#4607);
#4607 = SURFACE_SIDE_STYLE('',(#4608,#4611));
#4608 = SURFACE_STYLE_FILL_AREA(#4609);
#4609 = FILL_AREA_STYLE('',(#4610));
#4610 = FILL_AREA_STYLE_COLOUR('',#4267);
#4611 = SURFACE_STYLE_RENDERING_WITH_PROPERTIES(.NORMAL_SHADING.,#4267,(
    #4612));
#4612 = SURFACE_STYLE_TRANSPARENT(0.);
#4613 = OVER_RIDING_STYLED_ITEM('overriding color',(#4614),#1219,#4460);
#4614 = PRESENTATION_STYLE_ASSIGNMENT((#4615));
#4615 = SURFACE_STYLE_USAGE(.BOTH.,#4616);
#4616 = SURFACE_SIDE_STYLE('',(#4617,#4620));
#4617 = SURFACE_STYLE_FILL_AREA(#4618);
#4618 = FILL_AREA_STYLE('',(#4619));
#4619 = FILL_AREA_STYLE_COLOUR('',#4267);
#4620 = SURFACE_STYLE_RENDERING_WITH_PROPERTIES(.NORMAL_SHADING.,#4267,(
    #4621));
#4621 = SURFACE_STYLE_TRANSPARENT(0.);
#4622 = OVER_RIDING_STYLED_ITEM('overriding color',(#4623),#1241,#4460);
#4623 = PRESENTATION_STYLE_ASSIGNMENT((#4624));
#4624 = SURFACE_STYLE_USAGE(.BOTH.,#4625);
#4625 = SURFACE_SIDE_STYLE('',(#4626,#4629));
#4626 = SURFACE_STYLE_FILL_AREA(#4627);
#4627 = FILL_AREA_STYLE('',(#4628));
#4628 = FILL_AREA_STYLE_COLOUR('',#4267);
#4629 = SURFACE_STYLE_RENDERING_WITH_PROPERTIES(.NORMAL_SHADING.,#4267,(
    #4630));
#4630 = SURFACE_STYLE_TRANSPARENT(0.);
#4631 = OVER_RIDING_STYLED_ITEM('overriding color',(#4632),#1271,#4460);
#4632 = PRESENTATION_STYLE_ASSIGNMENT((#4633));
#4633 = SURFACE_STYLE_USAGE(.BOTH.,#4634);
#4634 = SURFACE_SIDE_STYLE('',(#4635,#4638));
#4635 = SURFACE_STYLE_FILL_AREA(#4636);
#4636 = FILL_AREA_STYLE('',(#4637));
#4637 = FILL_AREA_STYLE_COLOUR('',#4267);
#4638 = SURFACE_STYLE_RENDERING_WITH_PROPERTIES(.NORMAL_SHADING.,#4267,(
    #4639));
#4639 = SURFACE_STYLE_TRANSPARENT(0.);
#4640 = OVER_RIDING_STYLED_ITEM('overriding color',(#4641),#1301,#4460);
#4641 = PRESENTATION_STYLE_ASSIGNMENT((#4642));
#4642 = SURFACE_STYLE_USAGE(.BOTH.,#4643);
#4643 = SURFACE_SIDE_STYLE('',(#4644,#4647));
#4644 = SURFACE_STYLE_FILL_AREA(#4645);
#4645 = FILL_AREA_STYLE('',(#4646));
#4646 = FILL_AREA_STYLE_COLOUR('',#4267);
#4647 = SURFACE_STYLE_RENDERING_WITH_PROPERTIES(.NORMAL_SHADING.,#4267,(
    #4648));
#4648 = SURFACE_STYLE_TRANSPARENT(0.);
#4649 = OVER_RIDING_STYLED_ITEM('overriding color',(#4650),#1313,#4460);
#4650 = PRESENTATION_STYLE_ASSIGNMENT((#4651));
#4651 = SURFACE_STYLE_USAGE(.BOTH.,#4652);
#4652 = SURFACE_SIDE_STYLE('',(#4653,#4656));
#4653 = SURFACE_STYLE_FILL_AREA(#4654);
#4654 = FILL_AREA_STYLE('',(#4655));
#4655 = FILL_AREA_STYLE_COLOUR('',#4267);
#4656 = SURFACE_STYLE_RENDERING_WITH_PROPERTIES(.NORMAL_SHADING.,#4267,(
    #4657));
#4657 = SURFACE_STYLE_TRANSPARENT(0.);
#4658 = STYLED_ITEM('color',(#4659),#1325);
#4659 = PRESENTATION_STYLE_ASSIGNMENT((#4660,#4665));
#4660 = SURFACE_STYLE_USAGE(.BOTH.,#4661);
#4661 = SURFACE_SIDE_STYLE('',(#4662));
#4662 = SURFACE_STYLE_FILL_AREA(#4663);
#4663 = FILL_AREA_STYLE('',(#4664));
#4664 = FILL_AREA_STYLE_COLOUR('',#4267);
#4665 = CURVE_STYLE('',#4666,POSITIVE_LENGTH_MEASURE(0.1),#4270);
#4666 = DRAUGHTING_PRE_DEFINED_CURVE_FONT('continuous');
#4667 = OVER_RIDING_STYLED_ITEM('overriding color',(#4668),#1327,#4658);
#4668 = PRESENTATION_STYLE_ASSIGNMENT((#4669));
#4669 = SURFACE_STYLE_USAGE(.BOTH.,#4670);
#4670 = SURFACE_SIDE_STYLE('',(#4671,#4674));
#4671 = SURFACE_STYLE_FILL_AREA(#4672);
#4672 = FILL_AREA_STYLE('',(#4673));
#4673 = FILL_AREA_STYLE_COLOUR('',#4267);
#4674 = SURFACE_STYLE_RENDERING_WITH_PROPERTIES(.NORMAL_SHADING.,#4267,(
    #4675));
#4675 = SURFACE_STYLE_TRANSPARENT(0.);
#4676 = OVER_RIDING_STYLED_ITEM('overriding color',(#4677),#1369,#4658);
#4677 = PRESENTATION_STYLE_ASSIGNMENT((#4678));
#4678 = SURFACE_STYLE_USAGE(.BOTH.,#4679);
#4679 = SURFACE_SIDE_STYLE('',(#4680,#4683));
#4680 = SURFACE_STYLE_FILL_AREA(#4681);
#4681 = FILL_AREA_STYLE('',(#4682));
#4682 = FILL_AREA_STYLE_COLOUR('',#4267);
#4683 = SURFACE_STYLE_RENDERING_WITH_PROPERTIES(.NORMAL_SHADING.,#4267,(
    #4684));
#4684 = SURFACE_STYLE_TRANSPARENT(0.);
#4685 = OVER_RIDING_STYLED_ITEM('overriding color',(#4686),#1402,#4658);
#4686 = PRESENTATION_STYLE_ASSIGNMENT((#4687));
#4687 = SURFACE_STYLE_USAGE(.BOTH.,#4688);
#4688 = SURFACE_SIDE_STYLE('',(#4689,#4692));
#4689 = SURFACE_STYLE_FILL_AREA(#4690);
#4690 = FILL_AREA_STYLE('',(#4691));
#4691 = FILL_AREA_STYLE_COLOUR('',#4267);
#4692 = SURFACE_STYLE_RENDERING_WITH_PROPERTIES(.NORMAL_SHADING.,#4267,(
    #4693));
#4693 = SURFACE_STYLE_TRANSPARENT(0.);
#4694 = OVER_RIDING_STYLED_ITEM('overriding color',(#4695),#1458,#4658);
#4695 = PRESENTATION_STYLE_ASSIGNMENT((#4696));
#4696 = SURFACE_STYLE_USAGE(.BOTH.,#4697);
#4697 = SURFACE_SIDE_STYLE('',(#4698,#4701));
#4698 = SURFACE_STYLE_FILL_AREA(#4699);
#4699 = FILL_AREA_STYLE('',(#4700));
#4700 = FILL_AREA_STYLE_COLOUR('',#4267);
#4701 = SURFACE_STYLE_RENDERING_WITH_PROPERTIES(.NORMAL_SHADING.,#4267,(
    #4702));
#4702 = SURFACE_STYLE_TRANSPARENT(0.);
#4703 = OVER_RIDING_STYLED_ITEM('overriding color',(#4704),#1489,#4658);
#4704 = PRESENTATION_STYLE_ASSIGNMENT((#4705));
#4705 = SURFACE_STYLE_USAGE(.BOTH.,#4706);
#4706 = SURFACE_SIDE_STYLE('',(#4707,#4710));
#4707 = SURFACE_STYLE_FILL_AREA(#4708);
#4708 = FILL_AREA_STYLE('',(#4709));
#4709 = FILL_AREA_STYLE_COLOUR('',#4267);
#4710 = SURFACE_STYLE_RENDERING_WITH_PROPERTIES(.NORMAL_SHADING.,#4267,(
    #4711));
#4711 = SURFACE_STYLE_TRANSPARENT(0.);
#4712 = OVER_RIDING_STYLED_ITEM('overriding color',(#4713),#1536,#4658);
#4713 = PRESENTATION_STYLE_ASSIGNMENT((#4714));
#4714 = SURFACE_STYLE_USAGE(.BOTH.,#4715);
#4715 = SURFACE_SIDE_STYLE('',(#4716,#4719));
#4716 = SURFACE_STYLE_FILL_AREA(#4717);
#4717 = FILL_AREA_STYLE('',(#4718));
#4718 = FILL_AREA_STYLE_COLOUR('',#4267);
#4719 = SURFACE_STYLE_RENDERING_WITH_PROPERTIES(.NORMAL_SHADING.,#4267,(
    #4720));
#4720 = SURFACE_STYLE_TRANSPARENT(0.);
#4721 = OVER_RIDING_STYLED_ITEM('overriding color',(#4722),#1569,#4658);
#4722 = PRESENTATION_STYLE_ASSIGNMENT((#4723));
#4723 = SURFACE_STYLE_USAGE(.BOTH.,#4724);
#4724 = SURFACE_SIDE_STYLE('',(#4725,#4728));
#4725 = SURFACE_STYLE_FILL_AREA(#4726);
#4726 = FILL_AREA_STYLE('',(#4727));
#4727 = FILL_AREA_STYLE_COLOUR('',#4267);
#4728 = SURFACE_STYLE_RENDERING_WITH_PROPERTIES(.NORMAL_SHADING.,#4267,(
    #4729));
#4729 = SURFACE_STYLE_TRANSPARENT(0.);
#4730 = OVER_RIDING_STYLED_ITEM('overriding color',(#4731),#1600,#4658);
#4731 = PRESENTATION_STYLE_ASSIGNMENT((#4732));
#4732 = SURFACE_STYLE_USAGE(.BOTH.,#4733);
#4733 = SURFACE_SIDE_STYLE('',(#4734,#4737));
#4734 = SURFACE_STYLE_FILL_AREA(#4735);
#4735 = FILL_AREA_STYLE('',(#4736));
#4736 = FILL_AREA_STYLE_COLOUR('',#4267);
#4737 = SURFACE_STYLE_RENDERING_WITH_PROPERTIES(.NORMAL_SHADING.,#4267,(
    #4738));
#4738 = SURFACE_STYLE_TRANSPARENT(0.);
#4739 = OVER_RIDING_STYLED_ITEM('overriding color',(#4740),#1631,#4658);
#4740 = PRESENTATION_STYLE_ASSIGNMENT((#4741));
#4741 = SURFACE_STYLE_USAGE(.BOTH.,#4742);
#4742 = SURFACE_SIDE_STYLE('',(#4743,#4746));
#4743 = SURFACE_STYLE_FILL_AREA(#4744);
#4744 = FILL_AREA_STYLE('',(#4745));
#4745 = FILL_AREA_STYLE_COLOUR('',#4267);
#4746 = SURFACE_STYLE_RENDERING_WITH_PROPERTIES(.NORMAL_SHADING.,#4267,(
    #4747));
#4747 = SURFACE_STYLE_TRANSPARENT(0.);
#4748 = OVER_RIDING_STYLED_ITEM('overriding color',(#4749),#1664,#4658);
#4749 = PRESENTATION_STYLE_ASSIGNMENT((#4750));
#4750 = SURFACE_STYLE_USAGE(.BOTH.,#4751);
#4751 = SURFACE_SIDE_STYLE('',(#4752,#4755));
#4752 = SURFACE_STYLE_FILL_AREA(#4753);
#4753 = FILL_AREA_STYLE('',(#4754));
#4754 = FILL_AREA_STYLE_COLOUR('',#4267);
#4755 = SURFACE_STYLE_RENDERING_WITH_PROPERTIES(.NORMAL_SHADING.,#4267,(
    #4756));
#4756 = SURFACE_STYLE_TRANSPARENT(0.);
#4757 = OVER_RIDING_STYLED_ITEM('overriding color',(#4758),#1695,#4658);
#4758 = PRESENTATION_STYLE_ASSIGNMENT((#4759));
#4759 = SURFACE_STYLE_USAGE(.BOTH.,#4760);
#4760 = SURFACE_SIDE_STYLE('',(#4761,#4764));
#4761 = SURFACE_STYLE_FILL_AREA(#4762);
#4762 = FILL_AREA_STYLE('',(#4763));
#4763 = FILL_AREA_STYLE_COLOUR('',#4267);
#4764 = SURFACE_STYLE_RENDERING_WITH_PROPERTIES(.NORMAL_SHADING.,#4267,(
    #4765));
#4765 = SURFACE_STYLE_TRANSPARENT(0.);
#4766 = OVER_RIDING_STYLED_ITEM('overriding color',(#4767),#1726,#4658);
#4767 = PRESENTATION_STYLE_ASSIGNMENT((#4768));
#4768 = SURFACE_STYLE_USAGE(.BOTH.,#4769);
#4769 = SURFACE_SIDE_STYLE('',(#4770,#4773));
#4770 = SURFACE_STYLE_FILL_AREA(#4771);
#4771 = FILL_AREA_STYLE('',(#4772));
#4772 = FILL_AREA_STYLE_COLOUR('',#4267);
#4773 = SURFACE_STYLE_RENDERING_WITH_PROPERTIES(.NORMAL_SHADING.,#4267,(
    #4774));
#4774 = SURFACE_STYLE_TRANSPARENT(0.);
#4775 = OVER_RIDING_STYLED_ITEM('overriding color',(#4776),#1757,#4658);
#4776 = PRESENTATION_STYLE_ASSIGNMENT((#4777));
#4777 = SURFACE_STYLE_USAGE(.BOTH.,#4778);
#4778 = SURFACE_SIDE_STYLE('',(#4779,#4782));
#4779 = SURFACE_STYLE_FILL_AREA(#4780);
#4780 = FILL_AREA_STYLE('',(#4781));
#4781 = FILL_AREA_STYLE_COLOUR('',#4267);
#4782 = SURFACE_STYLE_RENDERING_WITH_PROPERTIES(.NORMAL_SHADING.,#4267,(
    #4783));
#4783 = SURFACE_STYLE_TRANSPARENT(0.);
#4784 = OVER_RIDING_STYLED_ITEM('overriding color',(#4785),#1788,#4658);
#4785 = PRESENTATION_STYLE_ASSIGNMENT((#4786));
#4786 = SURFACE_STYLE_USAGE(.BOTH.,#4787);
#4787 = SURFACE_SIDE_STYLE('',(#4788,#4791));
#4788 = SURFACE_STYLE_FILL_AREA(#4789);
#4789 = FILL_AREA_STYLE('',(#4790));
#4790 = FILL_AREA_STYLE_COLOUR('',#4267);
#4791 = SURFACE_STYLE_RENDERING_WITH_PROPERTIES(.NORMAL_SHADING.,#4267,(
    #4792));
#4792 = SURFACE_STYLE_TRANSPARENT(0.);
#4793 = OVER_RIDING_STYLED_ITEM('overriding color',(#4794),#1821,#4658);
#4794 = PRESENTATION_STYLE_ASSIGNMENT((#4795));
#4795 = SURFACE_STYLE_USAGE(.BOTH.,#4796);
#4796 = SURFACE_SIDE_STYLE('',(#4797,#4800));
#4797 = SURFACE_STYLE_FILL_AREA(#4798);
#4798 = FILL_AREA_STYLE('',(#4799));
#4799 = FILL_AREA_STYLE_COLOUR('',#4267);
#4800 = SURFACE_STYLE_RENDERING_WITH_PROPERTIES(.NORMAL_SHADING.,#4267,(
    #4801));
#4801 = SURFACE_STYLE_TRANSPARENT(0.);
#4802 = OVER_RIDING_STYLED_ITEM('overriding color',(#4803),#1852,#4658);
#4803 = PRESENTATION_STYLE_ASSIGNMENT((#4804));
#4804 = SURFACE_STYLE_USAGE(.BOTH.,#4805);
#4805 = SURFACE_SIDE_STYLE('',(#4806,#4809));
#4806 = SURFACE_STYLE_FILL_AREA(#4807);
#4807 = FILL_AREA_STYLE('',(#4808));
#4808 = FILL_AREA_STYLE_COLOUR('',#4267);
#4809 = SURFACE_STYLE_RENDERING_WITH_PROPERTIES(.NORMAL_SHADING.,#4267,(
    #4810));
#4810 = SURFACE_STYLE_TRANSPARENT(0.);
#4811 = OVER_RIDING_STYLED_ITEM('overriding color',(#4812),#1874,#4658);
#4812 = PRESENTATION_STYLE_ASSIGNMENT((#4813));
#4813 = SURFACE_STYLE_USAGE(.BOTH.,#4814);
#4814 = SURFACE_SIDE_STYLE('',(#4815,#4818));
#4815 = SURFACE_STYLE_FILL_AREA(#4816);
#4816 = FILL_AREA_STYLE('',(#4817));
#4817 = FILL_AREA_STYLE_COLOUR('',#4267);
#4818 = SURFACE_STYLE_RENDERING_WITH_PROPERTIES(.NORMAL_SHADING.,#4267,(
    #4819));
#4819 = SURFACE_STYLE_TRANSPARENT(0.);
#4820 = OVER_RIDING_STYLED_ITEM('overriding color',(#4821),#1896,#4658);
#4821 = PRESENTATION_STYLE_ASSIGNMENT((#4822));
#4822 = SURFACE_STYLE_USAGE(.BOTH.,#4823);
#4823 = SURFACE_SIDE_STYLE('',(#4824,#4827));
#4824 = SURFACE_STYLE_FILL_AREA(#4825);
#4825 = FILL_AREA_STYLE('',(#4826));
#4826 = FILL_AREA_STYLE_COLOUR('',#4267);
#4827 = SURFACE_STYLE_RENDERING_WITH_PROPERTIES(.NORMAL_SHADING.,#4267,(
    #4828));
#4828 = SURFACE_STYLE_TRANSPARENT(0.);
#4829 = OVER_RIDING_STYLED_ITEM('overriding color',(#4830),#1926,#4658);
#4830 = PRESENTATION_STYLE_ASSIGNMENT((#4831));
#4831 = SURFACE_STYLE_USAGE(.BOTH.,#4832);
#4832 = SURFACE_SIDE_STYLE('',(#4833,#4836));
#4833 = SURFACE_STYLE_FILL_AREA(#4834);
#4834 = FILL_AREA_STYLE('',(#4835));
#4835 = FILL_AREA_STYLE_COLOUR('',#4267);
#4836 = SURFACE_STYLE_RENDERING_WITH_PROPERTIES(.NORMAL_SHADING.,#4267,(
    #4837));
#4837 = SURFACE_STYLE_TRANSPARENT(0.);
#4838 = OVER_RIDING_STYLED_ITEM('overriding color',(#4839),#1956,#4658);
#4839 = PRESENTATION_STYLE_ASSIGNMENT((#4840));
#4840 = SURFACE_STYLE_USAGE(.BOTH.,#4841);
#4841 = SURFACE_SIDE_STYLE('',(#4842,#4845));
#4842 = SURFACE_STYLE_FILL_AREA(#4843);
#4843 = FILL_AREA_STYLE('',(#4844));
#4844 = FILL_AREA_STYLE_COLOUR('',#4267);
#4845 = SURFACE_STYLE_RENDERING_WITH_PROPERTIES(.NORMAL_SHADING.,#4267,(
    #4846));
#4846 = SURFACE_STYLE_TRANSPARENT(0.);
#4847 = OVER_RIDING_STYLED_ITEM('overriding color',(#4848),#1968,#4658);
#4848 = PRESENTATION_STYLE_ASSIGNMENT((#4849));
#4849 = SURFACE_STYLE_USAGE(.BOTH.,#4850);
#4850 = SURFACE_SIDE_STYLE('',(#4851,#4854));
#4851 = SURFACE_STYLE_FILL_AREA(#4852);
#4852 = FILL_AREA_STYLE('',(#4853));
#4853 = FILL_AREA_STYLE_COLOUR('',#4267);
#4854 = SURFACE_STYLE_RENDERING_WITH_PROPERTIES(.NORMAL_SHADING.,#4267,(
    #4855));
#4855 = SURFACE_STYLE_TRANSPARENT(0.);
#4856 = STYLED_ITEM('color',(#4857),#1980);
#4857 = PRESENTATION_STYLE_ASSIGNMENT((#4858,#4863));
#4858 = SURFACE_STYLE_USAGE(.BOTH.,#4859);
#4859 = SURFACE_SIDE_STYLE('',(#4860));
#4860 = SURFACE_STYLE_FILL_AREA(#4861);
#4861 = FILL_AREA_STYLE('',(#4862));
#4862 = FILL_AREA_STYLE_COLOUR('',#4267);
#4863 = CURVE_STYLE('',#4864,POSITIVE_LENGTH_MEASURE(0.1),#4270);
#4864 = DRAUGHTING_PRE_DEFINED_CURVE_FONT('continuous');
#4865 = OVER_RIDING_STYLED_ITEM('overriding color',(#4866),#1982,#4856);
#4866 = PRESENTATION_STYLE_ASSIGNMENT((#4867));
#4867 = SURFACE_STYLE_USAGE(.BOTH.,#4868);
#4868 = SURFACE_SIDE_STYLE('',(#4869,#4872));
#4869 = SURFACE_STYLE_FILL_AREA(#4870);
#4870 = FILL_AREA_STYLE('',(#4871));
#4871 = FILL_AREA_STYLE_COLOUR('',#4267);
#4872 = SURFACE_STYLE_RENDERING_WITH_PROPERTIES(.NORMAL_SHADING.,#4267,(
    #4873));
#4873 = SURFACE_STYLE_TRANSPARENT(0.);
#4874 = OVER_RIDING_STYLED_ITEM('overriding color',(#4875),#2024,#4856);
#4875 = PRESENTATION_STYLE_ASSIGNMENT((#4876));
#4876 = SURFACE_STYLE_USAGE(.BOTH.,#4877);
#4877 = SURFACE_SIDE_STYLE('',(#4878,#4881));
#4878 = SURFACE_STYLE_FILL_AREA(#4879);
#4879 = FILL_AREA_STYLE('',(#4880));
#4880 = FILL_AREA_STYLE_COLOUR('',#4267);
#4881 = SURFACE_STYLE_RENDERING_WITH_PROPERTIES(.NORMAL_SHADING.,#4267,(
    #4882));
#4882 = SURFACE_STYLE_TRANSPARENT(0.);
#4883 = OVER_RIDING_STYLED_ITEM('overriding color',(#4884),#2057,#4856);
#4884 = PRESENTATION_STYLE_ASSIGNMENT((#4885));
#4885 = SURFACE_STYLE_USAGE(.BOTH.,#4886);
#4886 = SURFACE_SIDE_STYLE('',(#4887,#4890));
#4887 = SURFACE_STYLE_FILL_AREA(#4888);
#4888 = FILL_AREA_STYLE('',(#4889));
#4889 = FILL_AREA_STYLE_COLOUR('',#4267);
#4890 = SURFACE_STYLE_RENDERING_WITH_PROPERTIES(.NORMAL_SHADING.,#4267,(
    #4891));
#4891 = SURFACE_STYLE_TRANSPARENT(0.);
#4892 = OVER_RIDING_STYLED_ITEM('overriding color',(#4893),#2113,#4856);
#4893 = PRESENTATION_STYLE_ASSIGNMENT((#4894));
#4894 = SURFACE_STYLE_USAGE(.BOTH.,#4895);
#4895 = SURFACE_SIDE_STYLE('',(#4896,#4899));
#4896 = SURFACE_STYLE_FILL_AREA(#4897);
#4897 = FILL_AREA_STYLE('',(#4898));
#4898 = FILL_AREA_STYLE_COLOUR('',#4267);
#4899 = SURFACE_STYLE_RENDERING_WITH_PROPERTIES(.NORMAL_SHADING.,#4267,(
    #4900));
#4900 = SURFACE_STYLE_TRANSPARENT(0.);
#4901 = OVER_RIDING_STYLED_ITEM('overriding color',(#4902),#2144,#4856);
#4902 = PRESENTATION_STYLE_ASSIGNMENT((#4903));
#4903 = SURFACE_STYLE_USAGE(.BOTH.,#4904);
#4904 = SURFACE_SIDE_STYLE('',(#4905,#4908));
#4905 = SURFACE_STYLE_FILL_AREA(#4906);
#4906 = FILL_AREA_STYLE('',(#4907));
#4907 = FILL_AREA_STYLE_COLOUR('',#4267);
#4908 = SURFACE_STYLE_RENDERING_WITH_PROPERTIES(.NORMAL_SHADING.,#4267,(
    #4909));
#4909 = SURFACE_STYLE_TRANSPARENT(0.);
#4910 = OVER_RIDING_STYLED_ITEM('overriding color',(#4911),#2191,#4856);
#4911 = PRESENTATION_STYLE_ASSIGNMENT((#4912));
#4912 = SURFACE_STYLE_USAGE(.BOTH.,#4913);
#4913 = SURFACE_SIDE_STYLE('',(#4914,#4917));
#4914 = SURFACE_STYLE_FILL_AREA(#4915);
#4915 = FILL_AREA_STYLE('',(#4916));
#4916 = FILL_AREA_STYLE_COLOUR('',#4267);
#4917 = SURFACE_STYLE_RENDERING_WITH_PROPERTIES(.NORMAL_SHADING.,#4267,(
    #4918));
#4918 = SURFACE_STYLE_TRANSPARENT(0.);
#4919 = OVER_RIDING_STYLED_ITEM('overriding color',(#4920),#2224,#4856);
#4920 = PRESENTATION_STYLE_ASSIGNMENT((#4921));
#4921 = SURFACE_STYLE_USAGE(.BOTH.,#4922);
#4922 = SURFACE_SIDE_STYLE('',(#4923,#4926));
#4923 = SURFACE_STYLE_FILL_AREA(#4924);
#4924 = FILL_AREA_STYLE('',(#4925));
#4925 = FILL_AREA_STYLE_COLOUR('',#4267);
#4926 = SURFACE_STYLE_RENDERING_WITH_PROPERTIES(.NORMAL_SHADING.,#4267,(
    #4927));
#4927 = SURFACE_STYLE_TRANSPARENT(0.);
#4928 = OVER_RIDING_STYLED_ITEM('overriding color',(#4929),#2255,#4856);
#4929 = PRESENTATION_STYLE_ASSIGNMENT((#4930));
#4930 = SURFACE_STYLE_USAGE(.BOTH.,#4931);
#4931 = SURFACE_SIDE_STYLE('',(#4932,#4935));
#4932 = SURFACE_STYLE_FILL_AREA(#4933);
#4933 = FILL_AREA_STYLE('',(#4934));
#4934 = FILL_AREA_STYLE_COLOUR('',#4267);
#4935 = SURFACE_STYLE_RENDERING_WITH_PROPERTIES(.NORMAL_SHADING.,#4267,(
    #4936));
#4936 = SURFACE_STYLE_TRANSPARENT(0.);
#4937 = OVER_RIDING_STYLED_ITEM('overriding color',(#4938),#2286,#4856);
#4938 = PRESENTATION_STYLE_ASSIGNMENT((#4939));
#4939 = SURFACE_STYLE_USAGE(.BOTH.,#4940);
#4940 = SURFACE_SIDE_STYLE('',(#4941,#4944));
#4941 = SURFACE_STYLE_FILL_AREA(#4942);
#4942 = FILL_AREA_STYLE('',(#4943));
#4943 = FILL_AREA_STYLE_COLOUR('',#4267);
#4944 = SURFACE_STYLE_RENDERING_WITH_PROPERTIES(.NORMAL_SHADING.,#4267,(
    #4945));
#4945 = SURFACE_STYLE_TRANSPARENT(0.);
#4946 = OVER_RIDING_STYLED_ITEM('overriding color',(#4947),#2319,#4856);
#4947 = PRESENTATION_STYLE_ASSIGNMENT((#4948));
#4948 = SURFACE_STYLE_USAGE(.BOTH.,#4949);
#4949 = SURFACE_SIDE_STYLE('',(#4950,#4953));
#4950 = SURFACE_STYLE_FILL_AREA(#4951);
#4951 = FILL_AREA_STYLE('',(#4952));
#4952 = FILL_AREA_STYLE_COLOUR('',#4267);
#4953 = SURFACE_STYLE_RENDERING_WITH_PROPERTIES(.NORMAL_SHADING.,#4267,(
    #4954));
#4954 = SURFACE_STYLE_TRANSPARENT(0.);
#4955 = OVER_RIDING_STYLED_ITEM('overriding color',(#4956),#2350,#4856);
#4956 = PRESENTATION_STYLE_ASSIGNMENT((#4957));
#4957 = SURFACE_STYLE_USAGE(.BOTH.,#4958);
#4958 = SURFACE_SIDE_STYLE('',(#4959,#4962));
#4959 = SURFACE_STYLE_FILL_AREA(#4960);
#4960 = FILL_AREA_STYLE('',(#4961));
#4961 = FILL_AREA_STYLE_COLOUR('',#4267);
#4962 = SURFACE_STYLE_RENDERING_WITH_PROPERTIES(.NORMAL_SHADING.,#4267,(
    #4963));
#4963 = SURFACE_STYLE_TRANSPARENT(0.);
#4964 = OVER_RIDING_STYLED_ITEM('overriding color',(#4965),#2381,#4856);
#4965 = PRESENTATION_STYLE_ASSIGNMENT((#4966));
#4966 = SURFACE_STYLE_USAGE(.BOTH.,#4967);
#4967 = SURFACE_SIDE_STYLE('',(#4968,#4971));
#4968 = SURFACE_STYLE_FILL_AREA(#4969);
#4969 = FILL_AREA_STYLE('',(#4970));
#4970 = FILL_AREA_STYLE_COLOUR('',#4267);
#4971 = SURFACE_STYLE_RENDERING_WITH_PROPERTIES(.NORMAL_SHADING.,#4267,(
    #4972));
#4972 = SURFACE_STYLE_TRANSPARENT(0.);
#4973 = OVER_RIDING_STYLED_ITEM('overriding color',(#4974),#2412,#4856);
#4974 = PRESENTATION_STYLE_ASSIGNMENT((#4975));
#4975 = SURFACE_STYLE_USAGE(.BOTH.,#4976);
#4976 = SURFACE_SIDE_STYLE('',(#4977,#4980));
#4977 = SURFACE_STYLE_FILL_AREA(#4978);
#4978 = FILL_AREA_STYLE('',(#4979));
#4979 = FILL_AREA_STYLE_COLOUR('',#4267);
#4980 = SURFACE_STYLE_RENDERING_WITH_PROPERTIES(.NORMAL_SHADING.,#4267,(
    #4981));
#4981 = SURFACE_STYLE_TRANSPARENT(0.);
#4982 = OVER_RIDING_STYLED_ITEM('overriding color',(#4983),#2443,#4856);
#4983 = PRESENTATION_STYLE_ASSIGNMENT((#4984));
#4984 = SURFACE_STYLE_USAGE(.BOTH.,#4985);
#4985 = SURFACE_SIDE_STYLE('',(#4986,#4989));
#4986 = SURFACE_STYLE_FILL_AREA(#4987);
#4987 = FILL_AREA_STYLE('',(#4988));
#4988 = FILL_AREA_STYLE_COLOUR('',#4267);
#4989 = SURFACE_STYLE_RENDERING_WITH_PROPERTIES(.NORMAL_SHADING.,#4267,(
    #4990));
#4990 = SURFACE_STYLE_TRANSPARENT(0.);
#4991 = OVER_RIDING_STYLED_ITEM('overriding color',(#4992),#2476,#4856);
#4992 = PRESENTATION_STYLE_ASSIGNMENT((#4993));
#4993 = SURFACE_STYLE_USAGE(.BOTH.,#4994);
#4994 = SURFACE_SIDE_STYLE('',(#4995,#4998));
#4995 = SURFACE_STYLE_FILL_AREA(#4996);
#4996 = FILL_AREA_STYLE('',(#4997));
#4997 = FILL_AREA_STYLE_COLOUR('',#4267);
#4998 = SURFACE_STYLE_RENDERING_WITH_PROPERTIES(.NORMAL_SHADING.,#4267,(
    #4999));
#4999 = SURFACE_STYLE_TRANSPARENT(0.);
#5000 = OVER_RIDING_STYLED_ITEM('overriding color',(#5001),#2507,#4856);
#5001 = PRESENTATION_STYLE_ASSIGNMENT((#5002));
#5002 = SURFACE_STYLE_USAGE(.BOTH.,#5003);
#5003 = SURFACE_SIDE_STYLE('',(#5004,#5007));
#5004 = SURFACE_STYLE_FILL_AREA(#5005);
#5005 = FILL_AREA_STYLE('',(#5006));
#5006 = FILL_AREA_STYLE_COLOUR('',#4267);
#5007 = SURFACE_STYLE_RENDERING_WITH_PROPERTIES(.NORMAL_SHADING.,#4267,(
    #5008));
#5008 = SURFACE_STYLE_TRANSPARENT(0.);
#5009 = OVER_RIDING_STYLED_ITEM('overriding color',(#5010),#2529,#4856);
#5010 = PRESENTATION_STYLE_ASSIGNMENT((#5011));
#5011 = SURFACE_STYLE_USAGE(.BOTH.,#5012);
#5012 = SURFACE_SIDE_STYLE('',(#5013,#5016));
#5013 = SURFACE_STYLE_FILL_AREA(#5014);
#5014 = FILL_AREA_STYLE('',(#5015));
#5015 = FILL_AREA_STYLE_COLOUR('',#4267);
#5016 = SURFACE_STYLE_RENDERING_WITH_PROPERTIES(.NORMAL_SHADING.,#4267,(
    #5017));
#5017 = SURFACE_STYLE_TRANSPARENT(0.);
#5018 = OVER_RIDING_STYLED_ITEM('overriding color',(#5019),#2551,#4856);
#5019 = PRESENTATION_STYLE_ASSIGNMENT((#5020));
#5020 = SURFACE_STYLE_USAGE(.BOTH.,#5021);
#5021 = SURFACE_SIDE_STYLE('',(#5022,#5025));
#5022 = SURFACE_STYLE_FILL_AREA(#5023);
#5023 = FILL_AREA_STYLE('',(#5024));
#5024 = FILL_AREA_STYLE_COLOUR('',#4267);
#5025 = SURFACE_STYLE_RENDERING_WITH_PROPERTIES(.NORMAL_SHADING.,#4267,(
    #5026));
#5026 = SURFACE_STYLE_TRANSPARENT(0.);
#5027 = OVER_RIDING_STYLED_ITEM('overriding color',(#5028),#2581,#4856);
#5028 = PRESENTATION_STYLE_ASSIGNMENT((#5029));
#5029 = SURFACE_STYLE_USAGE(.BOTH.,#5030);
#5030 = SURFACE_SIDE_STYLE('',(#5031,#5034));
#5031 = SURFACE_STYLE_FILL_AREA(#5032);
#5032 = FILL_AREA_STYLE('',(#5033));
#5033 = FILL_AREA_STYLE_COLOUR('',#4267);
#5034 = SURFACE_STYLE_RENDERING_WITH_PROPERTIES(.NORMAL_SHADING.,#4267,(
    #5035));
#5035 = SURFACE_STYLE_TRANSPARENT(0.);
#5036 = OVER_RIDING_STYLED_ITEM('overriding color',(#5037),#2611,#4856);
#5037 = PRESENTATION_STYLE_ASSIGNMENT((#5038));
#5038 = SURFACE_STYLE_USAGE(.BOTH.,#5039);
#5039 = SURFACE_SIDE_STYLE('',(#5040,#5043));
#5040 = SURFACE_STYLE_FILL_AREA(#5041);
#5041 = FILL_AREA_STYLE('',(#5042));
#5042 = FILL_AREA_STYLE_COLOUR('',#4267);
#5043 = SURFACE_STYLE_RENDERING_WITH_PROPERTIES(.NORMAL_SHADING.,#4267,(
    #5044));
#5044 = SURFACE_STYLE_TRANSPARENT(0.);
#5045 = OVER_RIDING_STYLED_ITEM('overriding color',(#5046),#2623,#4856);
#5046 = PRESENTATION_STYLE_ASSIGNMENT((#5047));
#5047 = SURFACE_STYLE_USAGE(.BOTH.,#5048);
#5048 = SURFACE_SIDE_STYLE('',(#5049,#5052));
#5049 = SURFACE_STYLE_FILL_AREA(#5050);
#5050 = FILL_AREA_STYLE('',(#5051));
#5051 = FILL_AREA_STYLE_COLOUR('',#4267);
#5052 = SURFACE_STYLE_RENDERING_WITH_PROPERTIES(.NORMAL_SHADING.,#4267,(
    #5053));
#5053 = SURFACE_STYLE_TRANSPARENT(0.);
#5054 = STYLED_ITEM('color',(#5055),#2635);
#5055 = PRESENTATION_STYLE_ASSIGNMENT((#5056,#5061));
#5056 = SURFACE_STYLE_USAGE(.BOTH.,#5057);
#5057 = SURFACE_SIDE_STYLE('',(#5058));
#5058 = SURFACE_STYLE_FILL_AREA(#5059);
#5059 = FILL_AREA_STYLE('',(#5060));
#5060 = FILL_AREA_STYLE_COLOUR('',#4267);
#5061 = CURVE_STYLE('',#5062,POSITIVE_LENGTH_MEASURE(0.1),#4270);
#5062 = DRAUGHTING_PRE_DEFINED_CURVE_FONT('continuous');
#5063 = OVER_RIDING_STYLED_ITEM('overriding color',(#5064),#2637,#5054);
#5064 = PRESENTATION_STYLE_ASSIGNMENT((#5065));
#5065 = SURFACE_STYLE_USAGE(.BOTH.,#5066);
#5066 = SURFACE_SIDE_STYLE('',(#5067,#5070));
#5067 = SURFACE_STYLE_FILL_AREA(#5068);
#5068 = FILL_AREA_STYLE('',(#5069));
#5069 = FILL_AREA_STYLE_COLOUR('',#4267);
#5070 = SURFACE_STYLE_RENDERING_WITH_PROPERTIES(.NORMAL_SHADING.,#4267,(
    #5071));
#5071 = SURFACE_STYLE_TRANSPARENT(0.);
#5072 = OVER_RIDING_STYLED_ITEM('overriding color',(#5073),#2679,#5054);
#5073 = PRESENTATION_STYLE_ASSIGNMENT((#5074));
#5074 = SURFACE_STYLE_USAGE(.BOTH.,#5075);
#5075 = SURFACE_SIDE_STYLE('',(#5076,#5079));
#5076 = SURFACE_STYLE_FILL_AREA(#5077);
#5077 = FILL_AREA_STYLE('',(#5078));
#5078 = FILL_AREA_STYLE_COLOUR('',#4267);
#5079 = SURFACE_STYLE_RENDERING_WITH_PROPERTIES(.NORMAL_SHADING.,#4267,(
    #5080));
#5080 = SURFACE_STYLE_TRANSPARENT(0.);
#5081 = OVER_RIDING_STYLED_ITEM('overriding color',(#5082),#2721,#5054);
#5082 = PRESENTATION_STYLE_ASSIGNMENT((#5083));
#5083 = SURFACE_STYLE_USAGE(.BOTH.,#5084);
#5084 = SURFACE_SIDE_STYLE('',(#5085,#5088));
#5085 = SURFACE_STYLE_FILL_AREA(#5086);
#5086 = FILL_AREA_STYLE('',(#5087));
#5087 = FILL_AREA_STYLE_COLOUR('',#4267);
#5088 = SURFACE_STYLE_RENDERING_WITH_PROPERTIES(.NORMAL_SHADING.,#4267,(
    #5089));
#5089 = SURFACE_STYLE_TRANSPARENT(0.);
#5090 = OVER_RIDING_STYLED_ITEM('overriding color',(#5091),#2763,#5054);
#5091 = PRESENTATION_STYLE_ASSIGNMENT((#5092));
#5092 = SURFACE_STYLE_USAGE(.BOTH.,#5093);
#5093 = SURFACE_SIDE_STYLE('',(#5094,#5097));
#5094 = SURFACE_STYLE_FILL_AREA(#5095);
#5095 = FILL_AREA_STYLE('',(#5096));
#5096 = FILL_AREA_STYLE_COLOUR('',#4267);
#5097 = SURFACE_STYLE_RENDERING_WITH_PROPERTIES(.NORMAL_SHADING.,#4267,(
    #5098));
#5098 = SURFACE_STYLE_TRANSPARENT(0.);
#5099 = OVER_RIDING_STYLED_ITEM('overriding color',(#5100),#2805,#5054);
#5100 = PRESENTATION_STYLE_ASSIGNMENT((#5101));
#5101 = SURFACE_STYLE_USAGE(.BOTH.,#5102);
#5102 = SURFACE_SIDE_STYLE('',(#5103,#5106));
#5103 = SURFACE_STYLE_FILL_AREA(#5104);
#5104 = FILL_AREA_STYLE('',(#5105));
#5105 = FILL_AREA_STYLE_COLOUR('',#4267);
#5106 = SURFACE_STYLE_RENDERING_WITH_PROPERTIES(.NORMAL_SHADING.,#4267,(
    #5107));
#5107 = SURFACE_STYLE_TRANSPARENT(0.);
#5108 = OVER_RIDING_STYLED_ITEM('overriding color',(#5109),#2847,#5054);
#5109 = PRESENTATION_STYLE_ASSIGNMENT((#5110));
#5110 = SURFACE_STYLE_USAGE(.BOTH.,#5111);
#5111 = SURFACE_SIDE_STYLE('',(#5112,#5115));
#5112 = SURFACE_STYLE_FILL_AREA(#5113);
#5113 = FILL_AREA_STYLE('',(#5114));
#5114 = FILL_AREA_STYLE_COLOUR('',#4267);
#5115 = SURFACE_STYLE_RENDERING_WITH_PROPERTIES(.NORMAL_SHADING.,#4267,(
    #5116));
#5116 = SURFACE_STYLE_TRANSPARENT(0.);
#5117 = OVER_RIDING_STYLED_ITEM('overriding color',(#5118),#2871,#5054);
#5118 = PRESENTATION_STYLE_ASSIGNMENT((#5119));
#5119 = SURFACE_STYLE_USAGE(.BOTH.,#5120);
#5120 = SURFACE_SIDE_STYLE('',(#5121,#5124));
#5121 = SURFACE_STYLE_FILL_AREA(#5122);
#5122 = FILL_AREA_STYLE('',(#5123));
#5123 = FILL_AREA_STYLE_COLOUR('',#4267);
#5124 = SURFACE_STYLE_RENDERING_WITH_PROPERTIES(.NORMAL_SHADING.,#4267,(
    #5125));
#5125 = SURFACE_STYLE_TRANSPARENT(0.);
#5126 = OVER_RIDING_STYLED_ITEM('overriding color',(#5127),#2895,#5054);
#5127 = PRESENTATION_STYLE_ASSIGNMENT((#5128));
#5128 = SURFACE_STYLE_USAGE(.BOTH.,#5129);
#5129 = SURFACE_SIDE_STYLE('',(#5130,#5133));
#5130 = SURFACE_STYLE_FILL_AREA(#5131);
#5131 = FILL_AREA_STYLE('',(#5132));
#5132 = FILL_AREA_STYLE_COLOUR('',#4267);
#5133 = SURFACE_STYLE_RENDERING_WITH_PROPERTIES(.NORMAL_SHADING.,#4267,(
    #5134));
#5134 = SURFACE_STYLE_TRANSPARENT(0.);
#5135 = OVER_RIDING_STYLED_ITEM('overriding color',(#5136),#2919,#5054);
#5136 = PRESENTATION_STYLE_ASSIGNMENT((#5137));
#5137 = SURFACE_STYLE_USAGE(.BOTH.,#5138);
#5138 = SURFACE_SIDE_STYLE('',(#5139,#5142));
#5139 = SURFACE_STYLE_FILL_AREA(#5140);
#5140 = FILL_AREA_STYLE('',(#5141));
#5141 = FILL_AREA_STYLE_COLOUR('',#4267);
#5142 = SURFACE_STYLE_RENDERING_WITH_PROPERTIES(.NORMAL_SHADING.,#4267,(
    #5143));
#5143 = SURFACE_STYLE_TRANSPARENT(0.);
#5144 = OVER_RIDING_STYLED_ITEM('overriding color',(#5145),#2943,#5054);
#5145 = PRESENTATION_STYLE_ASSIGNMENT((#5146));
#5146 = SURFACE_STYLE_USAGE(.BOTH.,#5147);
#5147 = SURFACE_SIDE_STYLE('',(#5148,#5151));
#5148 = SURFACE_STYLE_FILL_AREA(#5149);
#5149 = FILL_AREA_STYLE('',(#5150));
#5150 = FILL_AREA_STYLE_COLOUR('',#4267);
#5151 = SURFACE_STYLE_RENDERING_WITH_PROPERTIES(.NORMAL_SHADING.,#4267,(
    #5152));
#5152 = SURFACE_STYLE_TRANSPARENT(0.);
#5153 = OVER_RIDING_STYLED_ITEM('overriding color',(#5154),#2967,#5054);
#5154 = PRESENTATION_STYLE_ASSIGNMENT((#5155));
#5155 = SURFACE_STYLE_USAGE(.BOTH.,#5156);
#5156 = SURFACE_SIDE_STYLE('',(#5157,#5160));
#5157 = SURFACE_STYLE_FILL_AREA(#5158);
#5158 = FILL_AREA_STYLE('',(#5159));
#5159 = FILL_AREA_STYLE_COLOUR('',#4267);
#5160 = SURFACE_STYLE_RENDERING_WITH_PROPERTIES(.NORMAL_SHADING.,#4267,(
    #5161));
#5161 = SURFACE_STYLE_TRANSPARENT(0.);
#5162 = OVER_RIDING_STYLED_ITEM('overriding color',(#5163),#3063,#5054);
#5163 = PRESENTATION_STYLE_ASSIGNMENT((#5164));
#5164 = SURFACE_STYLE_USAGE(.BOTH.,#5165);
#5165 = SURFACE_SIDE_STYLE('',(#5166,#5169));
#5166 = SURFACE_STYLE_FILL_AREA(#5167);
#5167 = FILL_AREA_STYLE('',(#5168));
#5168 = FILL_AREA_STYLE_COLOUR('',#4267);
#5169 = SURFACE_STYLE_RENDERING_WITH_PROPERTIES(.NORMAL_SHADING.,#4267,(
    #5170));
#5170 = SURFACE_STYLE_TRANSPARENT(0.);
#5171 = OVER_RIDING_STYLED_ITEM('overriding color',(#5172),#3159,#5054);
#5172 = PRESENTATION_STYLE_ASSIGNMENT((#5173));
#5173 = SURFACE_STYLE_USAGE(.BOTH.,#5174);
#5174 = SURFACE_SIDE_STYLE('',(#5175,#5178));
#5175 = SURFACE_STYLE_FILL_AREA(#5176);
#5176 = FILL_AREA_STYLE('',(#5177));
#5177 = FILL_AREA_STYLE_COLOUR('',#4267);
#5178 = SURFACE_STYLE_RENDERING_WITH_PROPERTIES(.NORMAL_SHADING.,#4267,(
    #5179));
#5179 = SURFACE_STYLE_TRANSPARENT(0.);
#5180 = OVER_RIDING_STYLED_ITEM('overriding color',(#5181),#3181,#5054);
#5181 = PRESENTATION_STYLE_ASSIGNMENT((#5182));
#5182 = SURFACE_STYLE_USAGE(.BOTH.,#5183);
#5183 = SURFACE_SIDE_STYLE('',(#5184,#5187));
#5184 = SURFACE_STYLE_FILL_AREA(#5185);
#5185 = FILL_AREA_STYLE('',(#5186));
#5186 = FILL_AREA_STYLE_COLOUR('',#4267);
#5187 = SURFACE_STYLE_RENDERING_WITH_PROPERTIES(.NORMAL_SHADING.,#4267,(
    #5188));
#5188 = SURFACE_STYLE_TRANSPARENT(0.);
#5189 = OVER_RIDING_STYLED_ITEM('overriding color',(#5190),#3203,#5054);
#5190 = PRESENTATION_STYLE_ASSIGNMENT((#5191));
#5191 = SURFACE_STYLE_USAGE(.BOTH.,#5192);
#5192 = SURFACE_SIDE_STYLE('',(#5193,#5196));
#5193 = SURFACE_STYLE_FILL_AREA(#5194);
#5194 = FILL_AREA_STYLE('',(#5195));
#5195 = FILL_AREA_STYLE_COLOUR('',#4267);
#5196 = SURFACE_STYLE_RENDERING_WITH_PROPERTIES(.NORMAL_SHADING.,#4267,(
    #5197));
#5197 = SURFACE_STYLE_TRANSPARENT(0.);
#5198 = OVER_RIDING_STYLED_ITEM('overriding color',(#5199),#3225,#5054);
#5199 = PRESENTATION_STYLE_ASSIGNMENT((#5200));
#5200 = SURFACE_STYLE_USAGE(.BOTH.,#5201);
#5201 = SURFACE_SIDE_STYLE('',(#5202,#5205));
#5202 = SURFACE_STYLE_FILL_AREA(#5203);
#5203 = FILL_AREA_STYLE('',(#5204));
#5204 = FILL_AREA_STYLE_COLOUR('',#4267);
#5205 = SURFACE_STYLE_RENDERING_WITH_PROPERTIES(.NORMAL_SHADING.,#4267,(
    #5206));
#5206 = SURFACE_STYLE_TRANSPARENT(0.);
#5207 = OVER_RIDING_STYLED_ITEM('overriding color',(#5208),#3247,#5054);
#5208 = PRESENTATION_STYLE_ASSIGNMENT((#5209));
#5209 = SURFACE_STYLE_USAGE(.BOTH.,#5210);
#5210 = SURFACE_SIDE_STYLE('',(#5211,#5214));
#5211 = SURFACE_STYLE_FILL_AREA(#5212);
#5212 = FILL_AREA_STYLE('',(#5213));
#5213 = FILL_AREA_STYLE_COLOUR('',#4267);
#5214 = SURFACE_STYLE_RENDERING_WITH_PROPERTIES(.NORMAL_SHADING.,#4267,(
    #5215));
#5215 = SURFACE_STYLE_TRANSPARENT(0.);
#5216 = OVER_RIDING_STYLED_ITEM('overriding color',(#5217),#3259,#5054);
#5217 = PRESENTATION_STYLE_ASSIGNMENT((#5218));
#5218 = SURFACE_STYLE_USAGE(.BOTH.,#5219);
#5219 = SURFACE_SIDE_STYLE('',(#5220,#5223));
#5220 = SURFACE_STYLE_FILL_AREA(#5221);
#5221 = FILL_AREA_STYLE('',(#5222));
#5222 = FILL_AREA_STYLE_COLOUR('',#4267);
#5223 = SURFACE_STYLE_RENDERING_WITH_PROPERTIES(.NORMAL_SHADING.,#4267,(
    #5224));
#5224 = SURFACE_STYLE_TRANSPARENT(0.);
#5225 = OVER_RIDING_STYLED_ITEM('overriding color',(#5226),#3271,#5054);
#5226 = PRESENTATION_STYLE_ASSIGNMENT((#5227));
#5227 = SURFACE_STYLE_USAGE(.BOTH.,#5228);
#5228 = SURFACE_SIDE_STYLE('',(#5229,#5232));
#5229 = SURFACE_STYLE_FILL_AREA(#5230);
#5230 = FILL_AREA_STYLE('',(#5231));
#5231 = FILL_AREA_STYLE_COLOUR('',#4267);
#5232 = SURFACE_STYLE_RENDERING_WITH_PROPERTIES(.NORMAL_SHADING.,#4267,(
    #5233));
#5233 = SURFACE_STYLE_TRANSPARENT(0.);
#5234 = OVER_RIDING_STYLED_ITEM('overriding color',(#5235),#3283,#5054);
#5235 = PRESENTATION_STYLE_ASSIGNMENT((#5236));
#5236 = SURFACE_STYLE_USAGE(.BOTH.,#5237);
#5237 = SURFACE_SIDE_STYLE('',(#5238,#5241));
#5238 = SURFACE_STYLE_FILL_AREA(#5239);
#5239 = FILL_AREA_STYLE('',(#5240));
#5240 = FILL_AREA_STYLE_COLOUR('',#4267);
#5241 = SURFACE_STYLE_RENDERING_WITH_PROPERTIES(.NORMAL_SHADING.,#4267,(
    #5242));
#5242 = SURFACE_STYLE_TRANSPARENT(0.);
#5243 = STYLED_ITEM('color',(#5244),#3295);
#5244 = PRESENTATION_STYLE_ASSIGNMENT((#5245,#5250));
#5245 = SURFACE_STYLE_USAGE(.BOTH.,#5246);
#5246 = SURFACE_SIDE_STYLE('',(#5247));
#5247 = SURFACE_STYLE_FILL_AREA(#5248);
#5248 = FILL_AREA_STYLE('',(#5249));
#5249 = FILL_AREA_STYLE_COLOUR('',#4267);
#5250 = CURVE_STYLE('',#5251,POSITIVE_LENGTH_MEASURE(0.1),#4270);
#5251 = DRAUGHTING_PRE_DEFINED_CURVE_FONT('continuous');
#5252 = OVER_RIDING_STYLED_ITEM('overriding color',(#5253),#3297,#5243);
#5253 = PRESENTATION_STYLE_ASSIGNMENT((#5254));
#5254 = SURFACE_STYLE_USAGE(.BOTH.,#5255);
#5255 = SURFACE_SIDE_STYLE('',(#5256,#5260));
#5256 = SURFACE_STYLE_FILL_AREA(#5257);
#5257 = FILL_AREA_STYLE('',(#5258));
#5258 = FILL_AREA_STYLE_COLOUR('',#5259);
#5259 = COLOUR_RGB('',0.147999998088,0.144999993226,0.144999993226);
#5260 = SURFACE_STYLE_RENDERING_WITH_PROPERTIES(.NORMAL_SHADING.,#5259,(
    #5261));
#5261 = SURFACE_STYLE_TRANSPARENT(0.);
#5262 = OVER_RIDING_STYLED_ITEM('overriding color',(#5263),#3348,#5243);
#5263 = PRESENTATION_STYLE_ASSIGNMENT((#5264));
#5264 = SURFACE_STYLE_USAGE(.BOTH.,#5265);
#5265 = SURFACE_SIDE_STYLE('',(#5266,#5269));
#5266 = SURFACE_STYLE_FILL_AREA(#5267);
#5267 = FILL_AREA_STYLE('',(#5268));
#5268 = FILL_AREA_STYLE_COLOUR('',#5259);
#5269 = SURFACE_STYLE_RENDERING_WITH_PROPERTIES(.NORMAL_SHADING.,#5259,(
    #5270));
#5270 = SURFACE_STYLE_TRANSPARENT(0.);
#5271 = OVER_RIDING_STYLED_ITEM('overriding color',(#5272),#3399,#5243);
#5272 = PRESENTATION_STYLE_ASSIGNMENT((#5273));
#5273 = SURFACE_STYLE_USAGE(.BOTH.,#5274);
#5274 = SURFACE_SIDE_STYLE('',(#5275,#5278));
#5275 = SURFACE_STYLE_FILL_AREA(#5276);
#5276 = FILL_AREA_STYLE('',(#5277));
#5277 = FILL_AREA_STYLE_COLOUR('',#5259);
#5278 = SURFACE_STYLE_RENDERING_WITH_PROPERTIES(.NORMAL_SHADING.,#5259,(
    #5279));
#5279 = SURFACE_STYLE_TRANSPARENT(0.);
#5280 = OVER_RIDING_STYLED_ITEM('overriding color',(#5281),#3450,#5243);
#5281 = PRESENTATION_STYLE_ASSIGNMENT((#5282));
#5282 = SURFACE_STYLE_USAGE(.BOTH.,#5283);
#5283 = SURFACE_SIDE_STYLE('',(#5284,#5287));
#5284 = SURFACE_STYLE_FILL_AREA(#5285);
#5285 = FILL_AREA_STYLE('',(#5286));
#5286 = FILL_AREA_STYLE_COLOUR('',#5259);
#5287 = SURFACE_STYLE_RENDERING_WITH_PROPERTIES(.NORMAL_SHADING.,#5259,(
    #5288));
#5288 = SURFACE_STYLE_TRANSPARENT(0.);
#5289 = OVER_RIDING_STYLED_ITEM('overriding color',(#5290),#3501,#5243);
#5290 = PRESENTATION_STYLE_ASSIGNMENT((#5291));
#5291 = SURFACE_STYLE_USAGE(.BOTH.,#5292);
#5292 = SURFACE_SIDE_STYLE('',(#5293,#5296));
#5293 = SURFACE_STYLE_FILL_AREA(#5294);
#5294 = FILL_AREA_STYLE('',(#5295));
#5295 = FILL_AREA_STYLE_COLOUR('',#5259);
#5296 = SURFACE_STYLE_RENDERING_WITH_PROPERTIES(.NORMAL_SHADING.,#5259,(
    #5297));
#5297 = SURFACE_STYLE_TRANSPARENT(0.);
#5298 = OVER_RIDING_STYLED_ITEM('overriding color',(#5299),#3543,#5243);
#5299 = PRESENTATION_STYLE_ASSIGNMENT((#5300));
#5300 = SURFACE_STYLE_USAGE(.BOTH.,#5301);
#5301 = SURFACE_SIDE_STYLE('',(#5302,#5305));
#5302 = SURFACE_STYLE_FILL_AREA(#5303);
#5303 = FILL_AREA_STYLE('',(#5304));
#5304 = FILL_AREA_STYLE_COLOUR('',#5259);
#5305 = SURFACE_STYLE_RENDERING_WITH_PROPERTIES(.NORMAL_SHADING.,#5259,(
    #5306));
#5306 = SURFACE_STYLE_TRANSPARENT(0.);
#5307 = OVER_RIDING_STYLED_ITEM('overriding color',(#5308),#3583,#5243);
#5308 = PRESENTATION_STYLE_ASSIGNMENT((#5309));
#5309 = SURFACE_STYLE_USAGE(.BOTH.,#5310);
#5310 = SURFACE_SIDE_STYLE('',(#5311,#5314));
#5311 = SURFACE_STYLE_FILL_AREA(#5312);
#5312 = FILL_AREA_STYLE('',(#5313));
#5313 = FILL_AREA_STYLE_COLOUR('',#5259);
#5314 = SURFACE_STYLE_RENDERING_WITH_PROPERTIES(.NORMAL_SHADING.,#5259,(
    #5315));
#5315 = SURFACE_STYLE_TRANSPARENT(0.);
#5316 = OVER_RIDING_STYLED_ITEM('overriding color',(#5317),#3601,#5243);
#5317 = PRESENTATION_STYLE_ASSIGNMENT((#5318));
#5318 = SURFACE_STYLE_USAGE(.BOTH.,#5319);
#5319 = SURFACE_SIDE_STYLE('',(#5320,#5323));
#5320 = SURFACE_STYLE_FILL_AREA(#5321);
#5321 = FILL_AREA_STYLE('',(#5322));
#5322 = FILL_AREA_STYLE_COLOUR('',#5259);
#5323 = SURFACE_STYLE_RENDERING_WITH_PROPERTIES(.NORMAL_SHADING.,#5259,(
    #5324));
#5324 = SURFACE_STYLE_TRANSPARENT(0.);
#5325 = OVER_RIDING_STYLED_ITEM('overriding color',(#5326),#3619,#5243);
#5326 = PRESENTATION_STYLE_ASSIGNMENT((#5327));
#5327 = SURFACE_STYLE_USAGE(.BOTH.,#5328);
#5328 = SURFACE_SIDE_STYLE('',(#5329,#5332));
#5329 = SURFACE_STYLE_FILL_AREA(#5330);
#5330 = FILL_AREA_STYLE('',(#5331));
#5331 = FILL_AREA_STYLE_COLOUR('',#5259);
#5332 = SURFACE_STYLE_RENDERING_WITH_PROPERTIES(.NORMAL_SHADING.,#5259,(
    #5333));
#5333 = SURFACE_STYLE_TRANSPARENT(0.);
#5334 = OVER_RIDING_STYLED_ITEM('overriding color',(#5335),#3647,#5243);
#5335 = PRESENTATION_STYLE_ASSIGNMENT((#5336));
#5336 = SURFACE_STYLE_USAGE(.BOTH.,#5337);
#5337 = SURFACE_SIDE_STYLE('',(#5338,#5341));
#5338 = SURFACE_STYLE_FILL_AREA(#5339);
#5339 = FILL_AREA_STYLE('',(#5340));
#5340 = FILL_AREA_STYLE_COLOUR('',#5259);
#5341 = SURFACE_STYLE_RENDERING_WITH_PROPERTIES(.NORMAL_SHADING.,#5259,(
    #5342));
#5342 = SURFACE_STYLE_TRANSPARENT(0.);
#5343 = OVER_RIDING_STYLED_ITEM('overriding color',(#5344),#3665,#5243);
#5344 = PRESENTATION_STYLE_ASSIGNMENT((#5345));
#5345 = SURFACE_STYLE_USAGE(.BOTH.,#5346);
#5346 = SURFACE_SIDE_STYLE('',(#5347,#5350));
#5347 = SURFACE_STYLE_FILL_AREA(#5348);
#5348 = FILL_AREA_STYLE('',(#5349));
#5349 = FILL_AREA_STYLE_COLOUR('',#5259);
#5350 = SURFACE_STYLE_RENDERING_WITH_PROPERTIES(.NORMAL_SHADING.,#5259,(
    #5351));
#5351 = SURFACE_STYLE_TRANSPARENT(0.);
#5352 = OVER_RIDING_STYLED_ITEM('overriding color',(#5353),#3693,#5243);
#5353 = PRESENTATION_STYLE_ASSIGNMENT((#5354));
#5354 = SURFACE_STYLE_USAGE(.BOTH.,#5355);
#5355 = SURFACE_SIDE_STYLE('',(#5356,#5359));
#5356 = SURFACE_STYLE_FILL_AREA(#5357);
#5357 = FILL_AREA_STYLE('',(#5358));
#5358 = FILL_AREA_STYLE_COLOUR('',#5259);
#5359 = SURFACE_STYLE_RENDERING_WITH_PROPERTIES(.NORMAL_SHADING.,#5259,(
    #5360));
#5360 = SURFACE_STYLE_TRANSPARENT(0.);
#5361 = OVER_RIDING_STYLED_ITEM('overriding color',(#5362),#3711,#5243);
#5362 = PRESENTATION_STYLE_ASSIGNMENT((#5363));
#5363 = SURFACE_STYLE_USAGE(.BOTH.,#5364);
#5364 = SURFACE_SIDE_STYLE('',(#5365,#5368));
#5365 = SURFACE_STYLE_FILL_AREA(#5366);
#5366 = FILL_AREA_STYLE('',(#5367));
#5367 = FILL_AREA_STYLE_COLOUR('',#5259);
#5368 = SURFACE_STYLE_RENDERING_WITH_PROPERTIES(.NORMAL_SHADING.,#5259,(
    #5369));
#5369 = SURFACE_STYLE_TRANSPARENT(0.);
#5370 = OVER_RIDING_STYLED_ITEM('overriding color',(#5371),#3739,#5243);
#5371 = PRESENTATION_STYLE_ASSIGNMENT((#5372));
#5372 = SURFACE_STYLE_USAGE(.BOTH.,#5373);
#5373 = SURFACE_SIDE_STYLE('',(#5374,#5377));
#5374 = SURFACE_STYLE_FILL_AREA(#5375);
#5375 = FILL_AREA_STYLE('',(#5376));
#5376 = FILL_AREA_STYLE_COLOUR('',#5259);
#5377 = SURFACE_STYLE_RENDERING_WITH_PROPERTIES(.NORMAL_SHADING.,#5259,(
    #5378));
#5378 = SURFACE_STYLE_TRANSPARENT(0.);
#5379 = OVER_RIDING_STYLED_ITEM('overriding color',(#5380),#3757,#5243);
#5380 = PRESENTATION_STYLE_ASSIGNMENT((#5381));
#5381 = SURFACE_STYLE_USAGE(.BOTH.,#5382);
#5382 = SURFACE_SIDE_STYLE('',(#5383,#5386));
#5383 = SURFACE_STYLE_FILL_AREA(#5384);
#5384 = FILL_AREA_STYLE('',(#5385));
#5385 = FILL_AREA_STYLE_COLOUR('',#5259);
#5386 = SURFACE_STYLE_RENDERING_WITH_PROPERTIES(.NORMAL_SHADING.,#5259,(
    #5387));
#5387 = SURFACE_STYLE_TRANSPARENT(0.);
#5388 = OVER_RIDING_STYLED_ITEM('overriding color',(#5389),#3785,#5243);
#5389 = PRESENTATION_STYLE_ASSIGNMENT((#5390));
#5390 = SURFACE_STYLE_USAGE(.BOTH.,#5391);
#5391 = SURFACE_SIDE_STYLE('',(#5392,#5395));
#5392 = SURFACE_STYLE_FILL_AREA(#5393);
#5393 = FILL_AREA_STYLE('',(#5394));
#5394 = FILL_AREA_STYLE_COLOUR('',#5259);
#5395 = SURFACE_STYLE_RENDERING_WITH_PROPERTIES(.NORMAL_SHADING.,#5259,(
    #5396));
#5396 = SURFACE_STYLE_TRANSPARENT(0.);
#5397 = OVER_RIDING_STYLED_ITEM('overriding color',(#5398),#3803,#5243);
#5398 = PRESENTATION_STYLE_ASSIGNMENT((#5399));
#5399 = SURFACE_STYLE_USAGE(.BOTH.,#5400);
#5400 = SURFACE_SIDE_STYLE('',(#5401,#5404));
#5401 = SURFACE_STYLE_FILL_AREA(#5402);
#5402 = FILL_AREA_STYLE('',(#5403));
#5403 = FILL_AREA_STYLE_COLOUR('',#5259);
#5404 = SURFACE_STYLE_RENDERING_WITH_PROPERTIES(.NORMAL_SHADING.,#5259,(
    #5405));
#5405 = SURFACE_STYLE_TRANSPARENT(0.);
#5406 = OVER_RIDING_STYLED_ITEM('overriding color',(#5407),#3861,#5243);
#5407 = PRESENTATION_STYLE_ASSIGNMENT((#5408));
#5408 = SURFACE_STYLE_USAGE(.BOTH.,#5409);
#5409 = SURFACE_SIDE_STYLE('',(#5410,#5413));
#5410 = SURFACE_STYLE_FILL_AREA(#5411);
#5411 = FILL_AREA_STYLE('',(#5412));
#5412 = FILL_AREA_STYLE_COLOUR('',#5259);
#5413 = SURFACE_STYLE_RENDERING_WITH_PROPERTIES(.NORMAL_SHADING.,#5259,(
    #5414));
#5414 = SURFACE_STYLE_TRANSPARENT(0.);
#5415 = OVER_RIDING_STYLED_ITEM('overriding color',(#5416),#3924,#5243);
#5416 = PRESENTATION_STYLE_ASSIGNMENT((#5417));
#5417 = SURFACE_STYLE_USAGE(.BOTH.,#5418);
#5418 = SURFACE_SIDE_STYLE('',(#5419,#5422));
#5419 = SURFACE_STYLE_FILL_AREA(#5420);
#5420 = FILL_AREA_STYLE('',(#5421));
#5421 = FILL_AREA_STYLE_COLOUR('',#5259);
#5422 = SURFACE_STYLE_RENDERING_WITH_PROPERTIES(.NORMAL_SHADING.,#5259,(
    #5423));
#5423 = SURFACE_STYLE_TRANSPARENT(0.);
#5424 = OVER_RIDING_STYLED_ITEM('overriding color',(#5425),#3955,#5243);
#5425 = PRESENTATION_STYLE_ASSIGNMENT((#5426));
#5426 = SURFACE_STYLE_USAGE(.BOTH.,#5427);
#5427 = SURFACE_SIDE_STYLE('',(#5428,#5431));
#5428 = SURFACE_STYLE_FILL_AREA(#5429);
#5429 = FILL_AREA_STYLE('',(#5430));
#5430 = FILL_AREA_STYLE_COLOUR('',#5259);
#5431 = SURFACE_STYLE_RENDERING_WITH_PROPERTIES(.NORMAL_SHADING.,#5259,(
    #5432));
#5432 = SURFACE_STYLE_TRANSPARENT(0.);
#5433 = OVER_RIDING_STYLED_ITEM('overriding color',(#5434),#4018,#5243);
#5434 = PRESENTATION_STYLE_ASSIGNMENT((#5435));
#5435 = SURFACE_STYLE_USAGE(.BOTH.,#5436);
#5436 = SURFACE_SIDE_STYLE('',(#5437,#5440));
#5437 = SURFACE_STYLE_FILL_AREA(#5438);
#5438 = FILL_AREA_STYLE('',(#5439));
#5439 = FILL_AREA_STYLE_COLOUR('',#5259);
#5440 = SURFACE_STYLE_RENDERING_WITH_PROPERTIES(.NORMAL_SHADING.,#5259,(
    #5441));
#5441 = SURFACE_STYLE_TRANSPARENT(0.);
#5442 = OVER_RIDING_STYLED_ITEM('overriding color',(#5443),#4058,#5243);
#5443 = PRESENTATION_STYLE_ASSIGNMENT((#5444));
#5444 = SURFACE_STYLE_USAGE(.BOTH.,#5445);
#5445 = SURFACE_SIDE_STYLE('',(#5446,#5449));
#5446 = SURFACE_STYLE_FILL_AREA(#5447);
#5447 = FILL_AREA_STYLE('',(#5448));
#5448 = FILL_AREA_STYLE_COLOUR('',#5259);
#5449 = SURFACE_STYLE_RENDERING_WITH_PROPERTIES(.NORMAL_SHADING.,#5259,(
    #5450));
#5450 = SURFACE_STYLE_TRANSPARENT(0.);
#5451 = OVER_RIDING_STYLED_ITEM('overriding color',(#5452),#4118,#5243);
#5452 = PRESENTATION_STYLE_ASSIGNMENT((#5453));
#5453 = SURFACE_STYLE_USAGE(.BOTH.,#5454);
#5454 = SURFACE_SIDE_STYLE('',(#5455,#5458));
#5455 = SURFACE_STYLE_FILL_AREA(#5456);
#5456 = FILL_AREA_STYLE('',(#5457));
#5457 = FILL_AREA_STYLE_COLOUR('',#5259);
#5458 = SURFACE_STYLE_RENDERING_WITH_PROPERTIES(.NORMAL_SHADING.,#5259,(
    #5459));
#5459 = SURFACE_STYLE_TRANSPARENT(0.);
#5460 = OVER_RIDING_STYLED_ITEM('overriding color',(#5461),#4149,#5243);
#5461 = PRESENTATION_STYLE_ASSIGNMENT((#5462));
#5462 = SURFACE_STYLE_USAGE(.BOTH.,#5463);
#5463 = SURFACE_SIDE_STYLE('',(#5464,#5467));
#5464 = SURFACE_STYLE_FILL_AREA(#5465);
#5465 = FILL_AREA_STYLE('',(#5466));
#5466 = FILL_AREA_STYLE_COLOUR('',#5259);
#5467 = SURFACE_STYLE_RENDERING_WITH_PROPERTIES(.NORMAL_SHADING.,#5259,(
    #5468));
#5468 = SURFACE_STYLE_TRANSPARENT(0.);
#5469 = OVER_RIDING_STYLED_ITEM('overriding color',(#5470),#4171,#5243);
#5470 = PRESENTATION_STYLE_ASSIGNMENT((#5471));
#5471 = SURFACE_STYLE_USAGE(.BOTH.,#5472);
#5472 = SURFACE_SIDE_STYLE('',(#5473,#5476));
#5473 = SURFACE_STYLE_FILL_AREA(#5474);
#5474 = FILL_AREA_STYLE('',(#5475));
#5475 = FILL_AREA_STYLE_COLOUR('',#5259);
#5476 = SURFACE_STYLE_RENDERING_WITH_PROPERTIES(.NORMAL_SHADING.,#5259,(
    #5477));
#5477 = SURFACE_STYLE_TRANSPARENT(0.);
#5478 = OVER_RIDING_STYLED_ITEM('overriding color',(#5479),#4183,#5243);
#5479 = PRESENTATION_STYLE_ASSIGNMENT((#5480));
#5480 = SURFACE_STYLE_USAGE(.BOTH.,#5481);
#5481 = SURFACE_SIDE_STYLE('',(#5482,#5485));
#5482 = SURFACE_STYLE_FILL_AREA(#5483);
#5483 = FILL_AREA_STYLE('',(#5484));
#5484 = FILL_AREA_STYLE_COLOUR('',#5259);
#5485 = SURFACE_STYLE_RENDERING_WITH_PROPERTIES(.NORMAL_SHADING.,#5259,(
    #5486));
#5486 = SURFACE_STYLE_TRANSPARENT(0.);
#5487 = OVER_RIDING_STYLED_ITEM('overriding color',(#5488),#4195,#5243);
#5488 = PRESENTATION_STYLE_ASSIGNMENT((#5489));
#5489 = SURFACE_STYLE_USAGE(.BOTH.,#5490);
#5490 = SURFACE_SIDE_STYLE('',(#5491,#5494));
#5491 = SURFACE_STYLE_FILL_AREA(#5492);
#5492 = FILL_AREA_STYLE('',(#5493));
#5493 = FILL_AREA_STYLE_COLOUR('',#5259);
#5494 = SURFACE_STYLE_RENDERING_WITH_PROPERTIES(.NORMAL_SHADING.,#5259,(
    #5495));
#5495 = SURFACE_STYLE_TRANSPARENT(0.);
#5496 = OVER_RIDING_STYLED_ITEM('overriding color',(#5497),#4207,#5243);
#5497 = PRESENTATION_STYLE_ASSIGNMENT((#5498));
#5498 = SURFACE_STYLE_USAGE(.BOTH.,#5499);
#5499 = SURFACE_SIDE_STYLE('',(#5500,#5503));
#5500 = SURFACE_STYLE_FILL_AREA(#5501);
#5501 = FILL_AREA_STYLE('',(#5502));
#5502 = FILL_AREA_STYLE_COLOUR('',#5259);
#5503 = SURFACE_STYLE_RENDERING_WITH_PROPERTIES(.NORMAL_SHADING.,#5259,(
    #5504));
#5504 = SURFACE_STYLE_TRANSPARENT(0.);
#5505 = OVER_RIDING_STYLED_ITEM('overriding color',(#5506),#4219,#5243);
#5506 = PRESENTATION_STYLE_ASSIGNMENT((#5507));
#5507 = SURFACE_STYLE_USAGE(.BOTH.,#5508);
#5508 = SURFACE_SIDE_STYLE('',(#5509,#5512));
#5509 = SURFACE_STYLE_FILL_AREA(#5510);
#5510 = FILL_AREA_STYLE('',(#5511));
#5511 = FILL_AREA_STYLE_COLOUR('',#5259);
#5512 = SURFACE_STYLE_RENDERING_WITH_PROPERTIES(.NORMAL_SHADING.,#5259,(
    #5513));
#5513 = SURFACE_STYLE_TRANSPARENT(0.);
#5514 = OVER_RIDING_STYLED_ITEM('overriding color',(#5515),#4231,#5243);
#5515 = PRESENTATION_STYLE_ASSIGNMENT((#5516));
#5516 = SURFACE_STYLE_USAGE(.BOTH.,#5517);
#5517 = SURFACE_SIDE_STYLE('',(#5518,#5521));
#5518 = SURFACE_STYLE_FILL_AREA(#5519);
#5519 = FILL_AREA_STYLE('',(#5520));
#5520 = FILL_AREA_STYLE_COLOUR('',#5259);
#5521 = SURFACE_STYLE_RENDERING_WITH_PROPERTIES(.NORMAL_SHADING.,#5259,(
    #5522));
#5522 = SURFACE_STYLE_TRANSPARENT(0.);
#5523 = OVER_RIDING_STYLED_ITEM('overriding color',(#5524),#4243,#5243);
#5524 = PRESENTATION_STYLE_ASSIGNMENT((#5525));
#5525 = SURFACE_STYLE_USAGE(.BOTH.,#5526);
#5526 = SURFACE_SIDE_STYLE('',(#5527,#5530));
#5527 = SURFACE_STYLE_FILL_AREA(#5528);
#5528 = FILL_AREA_STYLE('',(#5529));
#5529 = FILL_AREA_STYLE_COLOUR('',#5259);
#5530 = SURFACE_STYLE_RENDERING_WITH_PROPERTIES(.NORMAL_SHADING.,#5259,(
    #5531));
#5531 = SURFACE_STYLE_TRANSPARENT(0.);
ENDSEC;
END-ISO-10303-21;
