#VRML V2.0 utf8
#kicad StepUp wrl exported

Shape {
    appearance Appearance {material DEF PIN-01 Material {
        ambientIntensity 0.271
        diffuseColor 0.824 0.820 0.781
        specularColor 0.328 0.258 0.172
        emissiveColor 0.0 0.0 0.0
        shininess 0.70
        transparency 0.0
        }
    }
}
Shape {
    appearance Appearance {material DEF MET-01 Material {
        ambientIntensity 0.249999
        diffuseColor 0.298 0.298 0.298
        specularColor 0.398 0.398 0.398
        emissiveColor 0.0 0.0 0.0
        shininess 0.056122
        transparency 0.0
        }
    }
}
Shape {
    appearance Appearance {material DEF PIN-02 Material {
        ambientIntensity 0.379
        diffuseColor 0.859 0.738 0.496
        specularColor 0.137 0.145 0.184
        emissiveColor 0.0 0.0 0.0
        shininess 0.40
        transparency 0.0
        }
    }
}
Shape {
    appearance Appearance {material DEF IC-BODY-EPOXY-04 Material {
        ambientIntensity 0.293
        diffuseColor 0.148 0.145 0.145
        specularColor 0.180 0.168 0.160
        emissiveColor 0.0 0.0 0.0
        shininess 0.35
        transparency 0.0
        }
    }
}
Shape {
    appearance Appearance {material DEF RES-SMD-01 Material {
        diffuseColor 0.082 0.086 0.094
        emissiveColor 0.000 0.000 0.000
        specularColor 0.066 0.063 0.063
        ambientIntensity 0.638
        transparency 0.0
        shininess 0.3
        }
    }
}
Shape {
    appearance Appearance {material DEF IC-BODY-EPOXY-01 Material {
        ambientIntensity 0.117
        diffuseColor 0.250 0.262 0.281
        specularColor 0.316 0.281 0.176
        emissiveColor 0.0 0.0 0.0
        shininess 0.25
        transparency 0.0
        }
    }
}
Shape {
    appearance Appearance {material DEF CAP-CERAMIC-05 Material {
        ambientIntensity 0.179
        diffuseColor 0.273 0.273 0.273
        specularColor 0.203 0.188 0.176
        emissiveColor 0.0 0.0 0.0
        shininess 0.15
        transparency 0.0
        }
    }
}
Shape {
    appearance Appearance {material DEF CAP-CERAMIC-06 Material {
        ambientIntensity 0.453
        diffuseColor 0.379 0.270 0.215
        specularColor 0.223 0.223 0.223
        emissiveColor 0.0 0.0 0.0
        shininess 0.15
        transparency 0.0
        }
    }
}
Shape {
    appearance Appearance {material DEF RES-THT-01 Material {
        ambientIntensity 0.149
        diffuseColor 0.883 0.711 0.492
        specularColor 0.043 0.121 0.281
        emissiveColor 0.0 0.0 0.0
        shininess 0.40
        transparency 0.0
        }
    }
}
Shape {
    appearance Appearance {material DEF PLASTIC-BLUE-01 Material {
        ambientIntensity 0.565
        diffuseColor 0.137 0.402 0.727
        specularColor 0.359 0.379 0.270
        emissiveColor 0.0 0.0 0.0
        shininess 0.25
        transparency 0.0
        }
    }
}
Shape {
    appearance Appearance {material DEF PLASTIC-GREEN-01 Material {
        ambientIntensity 0.315
        diffuseColor 0.340 0.680 0.445
        specularColor 0.176 0.105 0.195
        emissiveColor 0.0 0.0 0.0
        shininess 0.25
        transparency 0.0
        }
    }
}
Shape {
    appearance Appearance {material DEF PLASTIC-ORANGE-01 Material {
        ambientIntensity 0.284
        diffuseColor 0.809 0.426 0.148
        specularColor 0.039 0.102 0.145
        emissiveColor 0.0 0.0 0.0
        shininess 0.25
        transparency 0.0
        }
    }
}
Shape {
    appearance Appearance {material DEF RED-BODY Material {
        ambientIntensity 0.683
        diffuseColor 0.700 0.100 0.050
        emissiveColor 0.000 0.000 0.000
        specularColor 0.300 0.400 0.150
        shininess 0.25
        transparency 0.0
        }
    }
}
Shape {
    appearance Appearance {material DEF CAP-CERAMIC-02 Material {
        ambientIntensity 0.683
        diffuseColor 0.578 0.336 0.352
        specularColor 0.105 0.273 0.270
        emissiveColor 0.0 0.0 0.0
        shininess 0.25
        transparency 0.0
        }
    }
}
Shape {
    appearance Appearance {material DEF PLASTIC-YELLOW-01 Material {
        ambientIntensity 0.522
        diffuseColor 0.832 0.680 0.066
        specularColor 0.160 0.203 0.320
        emissiveColor 0.0 0.0 0.0
        shininess 0.25
        transparency 0.0
        }
    }
}
Shape {
    appearance Appearance {material DEF PLASTIC-WHITE-01 Material {
        ambientIntensity 0.494
        diffuseColor 0.895 0.891 0.813
        specularColor 0.047 0.055 0.109
        emissiveColor 0.0 0.0 0.0
        shininess 0.25
        transparency 0.0
        }
    }
}
Shape {
    appearance Appearance {material DEF IC-LABEL-01 Material {
        ambientIntensity 0.082
        diffuseColor 0.691 0.664 0.598
        specularColor 0.000 0.000 0.000
        emissiveColor 0.0 0.0 0.0
        shininess 0.01
        transparency 0.0
        }
    }
}
Shape {
    appearance Appearance {material DEF LED-RED Material {
        ambientIntensity 0.789
        diffuseColor 0.700 0.100 0.050
        emissiveColor 0.000 0.000 0.000
        specularColor 0.300 0.400 0.150
        shininess 0.125
        transparency 0.15
        }
    }
}
Shape {
    appearance Appearance {material DEF LED-GREEN Material {
        ambientIntensity 0.789
        diffuseColor 0.400 0.700 0.150
        emissiveColor 0.000 0.000 0.000
        specularColor 0.600 0.300 0.100
        shininess 0.05
        transparency 0.15
        }
    }
}
Shape {
    appearance Appearance {material DEF LED-BLUE Material {
        ambientIntensity 0.789
        diffuseColor 0.100 0.250 0.700
        emissiveColor 0.000 0.000 0.000
        specularColor 0.500 0.600 0.300
        shininess 0.125
        transparency 0.15
        }
    }
}
Shape {
    appearance Appearance {material DEF LED-YELLOW Material {
        ambientIntensity 0.522
        diffuseColor 0.98 0.840 0.066
        specularColor 0.160 0.203 0.320
        emissiveColor 0.0 0.0 0.0
        shininess 0.125
        transparency 0.15
        }
    }
}
Shape {
    appearance Appearance {material DEF LED-WHITE Material {
        ambientIntensity 0.494
        diffuseColor 0.895 0.891 0.813
        specularColor 0.047 0.055 0.109
        emissiveColor 0.0 0.0 0.0
        shininess 0.125
        transparency 0.15
        }
    }
}
Shape {
    appearance Appearance {material DEF LED-GREY Material {
        ambientIntensity 0.494
        diffuseColor 0.27 0.25 0.27
        specularColor 0.5 0.5 0.6
        emissiveColor 0.0 0.0 0.0
        shininess 0.35
        transparency 0.15
        }
    }
}
Shape {
    appearance Appearance {material DEF LED-BLACK Material {
        ambientIntensity 0.494
        diffuseColor 0.1 0.05 0.1
        specularColor 0.6 0.5 0.6
        emissiveColor 0.0 0.0 0.0
        shininess 0.5
        transparency 0.15
        }
    }
}
Shape {
    appearance Appearance {material DEF GLASS-19 Material {
        ambientIntensity 0.2018212
        diffuseColor 0.400769 0.441922 0.459091
        specularColor 0.573887 0.649271 0.810811
        emissiveColor 0.000000 0.000000 0.000000
        shininess 0.127273
        transparency 0.37
        }
    }
}
Shape {
    appearance Appearance {material DEF GLASS-29 Material {
        ambientIntensity 0.379
        diffuseColor 0.859 0.738 0.496
        specularColor 0.137 0.145 0.184
        emissiveColor 0.0 0.0 0.0
        shininess 0.40
        transparency 0.39
        }
    }
}
Shape {
    appearance Appearance {material DEF GLASS-13 Material {
        ambientIntensity 0.250000
        diffuseColor 0.000000 0.631244 0.748016
        specularColor 0.915152 0.915152 0.915152
        emissiveColor 0.000000 0.000000 0.000000
        shininess 0.642424
        transparency 0.39
        }
    }
}
Shape {
    appearance Appearance {material DEF GLASS-GREEN Material {
        ambientIntensity 0.250000
        diffuseColor 0.000000 0.75 0.44
        specularColor 0.915152 0.915152 0.915152
        emissiveColor 0.000000 0.000000 0.000000
        shininess 0.642424
        transparency 0.39
        }
    }
}
Shape {
    appearance Appearance {material DEF GLASS-ORANGE Material {
        ambientIntensity 0.250000
        diffuseColor 0.75 0.44 0.000000
        specularColor 0.915152 0.915152 0.915152
        emissiveColor 0.000000 0.000000 0.000000
        shininess 0.642424
        transparency 0.39
        }
    }
}
Shape {
    appearance Appearance {material DEF BOARD-GREEN-02 Material {
        ambientIntensity 1
        diffuseColor 0.07 0.3 0.12
        specularColor 0.07 0.3 0.12
        emissiveColor 0.0 0.0 0.0
        shininess 0.40
        transparency 0.0
        }
    }
}
Shape {
    appearance Appearance {material DEF BOARD-BLUE-01 Material {
        ambientIntensity 1
        diffuseColor 0.07 0.12 0.3
        specularColor 0.07 0.12 0.3
        emissiveColor 0.0 0.0 0.0
        shininess 0.40
        transparency 0.0
        }
    }
}
Shape {
    appearance Appearance {material DEF BOARD-BLACK-03 Material {
        ambientIntensity 1
        diffuseColor 0.16 0.16 0.16
        specularColor 0.16 0.16 0.16
        emissiveColor 0.0 0.0 0.0
        shininess 0.40
        transparency 0.0
        }
    }
}
Shape {
    appearance Appearance {material DEF MET-ALUMINUM Material {
        ambientIntensity 0.256000
        diffuseColor 0.372322 0.371574 0.373173
        specularColor 0.556122 0.554201 0.556122
        emissiveColor 0.0 0.0 0.0
        shininess 0.127551
        transparency 0.0
        }
    }
}
Shape {
    appearance Appearance {material DEF MET-BRONZE Material {
        ambientIntensity 0.022727
        diffuseColor 0.714 0.4284 0.18144
        specularColor 0.393548 0.271906 0.166721
        emissiveColor 0.000000 0.000000 0.000000
        shininess 0.2
        transparency 0.0
        }
    }
}
Shape {
    appearance Appearance {material DEF MET-SILVER Material {
        ambientIntensity 0.022727
        diffuseColor 0.50754 0.50754 0.50754
        specularColor 0.508273 0.508273 0.508273
        emissiveColor 0.000000 0.000000 0.000000
        shininess 0.4
        transparency 0.0
        }
    }
}
Shape {
    appearance Appearance {material DEF MET-COPPER Material {
        ambientIntensity 0.022727
        diffuseColor 0.7038 0.27048 0.0828
        specularColor 0.780612 0.37 0.000000
        emissiveColor 0.000000 0.000000 0.000000
        shininess 0.2
        transparency 0.0
        }
    }
}
Shape { geometry IndexedFaceSet 
{ creaseAngle 1.00 coordIndex [0,1,2,-1,0,3,1,-1,4,2,5,-1,4,0,2,-1,6,5,7,-1,6,4,5,-1]
coord Coordinate { point [1.54457 -0.74803 -0.649605,1.53205 -1.02362 -0.633297,1.54457 -1.02362 -0.649605,1.53205 -0.74803 -0.633297,1.55243 -0.74803 -0.668596,1.55243 -1.02362 -0.668596,1.55511 -0.74803 -0.688975,1.55511 -1.02362 -0.688975]
}}
appearance Appearance{material USE PIN-01 }}
Shape { geometry IndexedFaceSet 
{ creaseAngle 1.00 coordIndex [0,1,2,-1,0,2,3,-1,4,3,5,-1,4,0,3,-1,6,5,7,-1,6,4,5,-1]
coord Coordinate { point [1.55243 -0.74803 -0.709354,1.55511 -0.74803 -0.688975,1.55511 -1.02362 -0.688975,1.55243 -1.02362 -0.709354,1.54457 -0.74803 -0.728345,1.54457 -1.02362 -0.728345,1.53205 -0.74803 -0.744653,1.53205 -1.02362 -0.744653]
}}
appearance Appearance{material USE PIN-01 }}
Shape { geometry IndexedFaceSet 
{ creaseAngle 1.00 coordIndex [0,1,2,-1,2,1,3,-1,4,1,0,-1,1,5,3,-1]
coord Coordinate { point [1.31889 -0.935038 -1.37795,1.31889 -0.74803 -1.22452,1.31889 -1.02362 -1.22452,1.31889 -1.02362 -0.95781,1.31889 -0.836613 -1.37795,1.31889 -0.74803 -0.95781]
}}
appearance Appearance{material USE PIN-01 }}
Shape { geometry IndexedFaceSet 
{ creaseAngle 1.00 coordIndex [0,1,2,-1,0,2,3,-1]
coord Coordinate { point [1.31889 -0.836613 -1.37795,1.31889 -0.935038 -1.37795,1.24015 -0.935038 -1.37795,1.24015 -0.836613 -1.37795]
}}
appearance Appearance{material USE PIN-01 }}
Shape { geometry IndexedFaceSet 
{ creaseAngle 1.00 coordIndex [0,1,2,-1,0,2,3,-1,0,4,1,-1,5,0,3,-1]
coord Coordinate { point [1.24015 -0.74803 -1.22452,1.24015 -0.935038 -1.37795,1.24015 -1.02362 -1.22452,1.24015 -1.02362 -0.95781,1.24015 -0.836613 -1.37795,1.24015 -0.74803 -0.95781]
}}
appearance Appearance{material USE PIN-01 }}
Shape { geometry IndexedFaceSet 
{ creaseAngle 1.00 coordIndex [0,1,2,-1,0,2,3,-1,4,3,5,-1,4,0,3,-1,6,5,7,-1,6,4,5,-1]
coord Coordinate { point [1.24284 -0.74803 -0.937431,1.24015 -0.74803 -0.95781,1.24015 -1.02362 -0.95781,1.24284 -1.02362 -0.937431,1.2507 -0.74803 -0.91844,1.2507 -1.02362 -0.91844,1.26322 -0.74803 -0.902133,1.26322 -1.02362 -0.902133]
}}
appearance Appearance{material USE PIN-01 }}
Shape { geometry IndexedFaceSet 
{ creaseAngle 1.00 coordIndex [0,1,2,-1,0,2,3,-1]
coord Coordinate { point [1.47637 -1.02362 -0.688975,1.47637 -0.74803 -0.688975,1.26322 -0.74803 -0.902133,1.26322 -1.02362 -0.902133]
}}
appearance Appearance{material USE PIN-01 }}
Shape { geometry IndexedFaceSet 
{ creaseAngle 1.00 coordIndex [0,1,2,-1,0,2,3,-1]
coord Coordinate { point [1.26322 -0.74803 -0.475817,1.47637 -0.74803 -0.688975,1.47637 -1.02362 -0.688975,1.26322 -1.02362 -0.475817]
}}
appearance Appearance{material USE PIN-01 }}
Shape { geometry IndexedFaceSet 
{ creaseAngle 1.00 coordIndex [0,1,2,-1,0,2,3,-1,4,3,5,-1,4,0,3,-1,6,5,7,-1,6,4,5,-1]
coord Coordinate { point [1.2507 -0.74803 -0.45951,1.26322 -0.74803 -0.475817,1.26322 -1.02362 -0.475817,1.2507 -1.02362 -0.45951,1.24284 -0.74803 -0.440519,1.24284 -1.02362 -0.440519,1.24015 -0.74803 -0.42014,1.24015 -1.02362 -0.42014]
}}
appearance Appearance{material USE PIN-01 }}
Shape { geometry IndexedFaceSet 
{ creaseAngle 1.00 coordIndex [0,1,2,-1,0,2,3,-1]
coord Coordinate { point [1.24015 -1.02362 0.27559,1.24015 -0.74803 0.27559,1.24015 -0.74803 -0.42014,1.24015 -1.02362 -0.42014]
}}
appearance Appearance{material USE PIN-01 }}
Shape { geometry IndexedFaceSet 
{ creaseAngle 1.00 coordIndex [0,1,2,-1,0,2,3,-1]
coord Coordinate { point [1.24015 -0.74803 0.27559,1.24015 -1.02362 0.27559,1.1811 -1.02362 0.27559,1.1811 -0.74803 0.27559]
}}
appearance Appearance{material USE PIN-01 }}
Shape { geometry IndexedFaceSet 
{ creaseAngle 1.00 coordIndex [0,1,2,-1,0,2,3,-1]
coord Coordinate { point [1.1811 -1.02362 0.35433,1.1811 -0.74803 0.35433,1.1811 -0.74803 0.27559,1.1811 -1.02362 0.27559]
}}
appearance Appearance{material USE PIN-01 }}
Shape { geometry IndexedFaceSet 
{ creaseAngle 1.00 coordIndex [0,1,2,-1,2,1,3,-1]
coord Coordinate { point [1.24015 -1.02362 0.35433,1.24015 -0.74803 0.35433,1.1811 -1.02362 0.35433,1.1811 -0.74803 0.35433]
}}
appearance Appearance{material USE PIN-01 }}
Shape { geometry IndexedFaceSet 
{ creaseAngle 1.00 coordIndex [0,1,2,-1,0,2,3,-1,4,3,5,-1,4,0,3,-1,6,5,7,-1,6,4,5,-1,8,7,9,-1,8,6,7,-1]
coord Coordinate { point [1.27029 -0.74803 0.348336,1.24015 -0.74803 0.35433,1.24015 -1.02362 0.35433,1.27029 -1.02362 0.348336,1.29583 -0.74803 0.331268,1.29583 -1.02362 0.331268,1.3129 -0.74803 0.305722,1.3129 -1.02362 0.305722,1.31889 -0.74803 0.27559,1.31889 -1.02362 0.27559]
}}
appearance Appearance{material USE PIN-01 }}
Shape { geometry IndexedFaceSet 
{ creaseAngle 1.00 coordIndex [0,1,2,-1,3,1,0,-1]
coord Coordinate { point [1.31889 -0.74803 -0.42014,1.31889 -1.02362 0.27559,1.31889 -1.02362 -0.42014,1.31889 -0.74803 0.27559]
}}
appearance Appearance{material USE PIN-01 }}
Shape { geometry IndexedFaceSet 
{ creaseAngle 1.00 coordIndex [0,1,2,-1,2,1,3,-1]
coord Coordinate { point [1.53205 -0.74803 -0.633297,1.31889 -0.74803 -0.42014,1.53205 -1.02362 -0.633297,1.31889 -1.02362 -0.42014]
}}
appearance Appearance{material USE PIN-01 }}
Shape { geometry IndexedFaceSet 
{ creaseAngle 1.00 coordIndex [0,1,2,-1,3,1,0,-1]
coord Coordinate { point [1.31889 -0.74803 -0.95781,1.53205 -1.02362 -0.744653,1.31889 -1.02362 -0.95781,1.53205 -0.74803 -0.744653]
}}
appearance Appearance{material USE PIN-01 }}
Shape { geometry IndexedFaceSet 
{ creaseAngle 1.00 coordIndex [0,1,2,-1,0,3,4,-1,0,4,5,-1,0,5,6,-1,0,6,1,-1,7,3,0,-1,8,7,0,-1,9,7,8,-1,10,7,9,-1,11,7,10,-1,12,7,11,-1,13,7,12,-1,14,7,13,-1,15,16,17,-1,15,17,18,-1,15,18,19,-1,15,19,7,-1,15,7,14,-1,20,21,22,-1,20,22,23,-1,24,23,16,-1,24,16,15,-1,25,23,24,-1,26,20,23,-1,27,23,25,-1,27,26,23,-1]
coord Coordinate { point [1.31889 -1.02362 -0.95781,1.24015 -1.02362 -1.22452,1.31889 -1.02362 -1.22452,1.26322 -1.02362 -0.902133,1.2507 -1.02362 -0.91844,1.24284 -1.02362 -0.937431,1.24015 -1.02362 -0.95781,1.47637 -1.02362 -0.688975,1.53205 -1.02362 -0.744653,1.54457 -1.02362 -0.728345,1.55243 -1.02362 -0.709354,1.55511 -1.02362 -0.688975,1.55243 -1.02362 -0.668596,1.54457 -1.02362 -0.649605,1.53205 -1.02362 -0.633297,1.31889 -1.02362 -0.42014,1.24015 -1.02362 -0.42014,1.24284 -1.02362 -0.440519,1.2507 -1.02362 -0.45951,1.26322 -1.02362 -0.475817,1.24015 -1.02362 0.35433,1.1811 -1.02362 0.35433,1.1811 -1.02362 0.27559,1.24015 -1.02362 0.27559,1.31889 -1.02362 0.27559,1.3129 -1.02362 0.305722,1.27029 -1.02362 0.348336,1.29583 -1.02362 0.331268]
}}
appearance Appearance{material USE PIN-01 }}
Shape { geometry IndexedFaceSet 
{ creaseAngle 1.00 coordIndex [0,1,2,-1,3,1,4,-1,4,1,5,-1,5,1,6,-1,6,1,0,-1,3,7,1,-1,7,8,1,-1,7,9,8,-1,7,10,9,-1,7,11,10,-1,7,12,11,-1,7,13,12,-1,7,14,13,-1,15,16,17,-1,17,16,18,-1,18,16,19,-1,19,16,7,-1,7,16,14,-1,20,21,22,-1,22,21,23,-1,23,24,15,-1,15,24,16,-1,23,25,24,-1,21,26,23,-1,23,27,25,-1,26,27,23,-1]
coord Coordinate { point [1.24015 -0.74803 -1.22452,1.31889 -0.74803 -0.95781,1.31889 -0.74803 -1.22452,1.26322 -0.74803 -0.902133,1.2507 -0.74803 -0.91844,1.24284 -0.74803 -0.937431,1.24015 -0.74803 -0.95781,1.47637 -0.74803 -0.688975,1.53205 -0.74803 -0.744653,1.54457 -0.74803 -0.728345,1.55243 -0.74803 -0.709354,1.55511 -0.74803 -0.688975,1.55243 -0.74803 -0.668596,1.54457 -0.74803 -0.649605,1.53205 -0.74803 -0.633297,1.24015 -0.74803 -0.42014,1.31889 -0.74803 -0.42014,1.24284 -0.74803 -0.440519,1.2507 -0.74803 -0.45951,1.26322 -0.74803 -0.475817,1.1811 -0.74803 0.35433,1.24015 -0.74803 0.35433,1.1811 -0.74803 0.27559,1.24015 -0.74803 0.27559,1.31889 -0.74803 0.27559,1.3129 -0.74803 0.305722,1.27029 -0.74803 0.348336,1.29583 -0.74803 0.331268]
}}
appearance Appearance{material USE PIN-01 }}
Shape { geometry IndexedFaceSet 
{ creaseAngle 1.00 coordIndex [0,1,2,-1,2,1,3,-1]
coord Coordinate { point [1.24015 -0.74803 -1.22452,1.31889 -0.74803 -1.22452,1.24015 -0.836613 -1.37795,1.31889 -0.836613 -1.37795]
}}
appearance Appearance{material USE PIN-01 }}
Shape { geometry IndexedFaceSet 
{ creaseAngle 1.00 coordIndex [0,1,2,-1,2,1,3,-1]
coord Coordinate { point [1.31889 -1.02362 -1.22452,1.24015 -1.02362 -1.22452,1.31889 -0.935038 -1.37795,1.24015 -0.935038 -1.37795]
}}
appearance Appearance{material USE PIN-01 }}
Shape { geometry IndexedFaceSet 
{ creaseAngle 1.00 coordIndex [0,1,2,-1,0,3,1,-1,4,2,5,-1,4,0,2,-1,6,5,7,-1,6,4,5,-1]
coord Coordinate { point [-1.54457 0.74803 -0.649605,-1.53205 1.02362 -0.633297,-1.54457 1.02362 -0.649605,-1.53205 0.74803 -0.633297,-1.55243 0.74803 -0.668596,-1.55243 1.02362 -0.668596,-1.55511 0.74803 -0.688975,-1.55511 1.02362 -0.688975]
}}
appearance Appearance{material USE PIN-01 }}
Shape { geometry IndexedFaceSet 
{ creaseAngle 1.00 coordIndex [0,1,2,-1,0,2,3,-1,4,3,5,-1,4,0,3,-1,6,5,7,-1,6,4,5,-1]
coord Coordinate { point [-1.55243 0.74803 -0.709354,-1.55511 0.74803 -0.688975,-1.55511 1.02362 -0.688975,-1.55243 1.02362 -0.709354,-1.54457 0.74803 -0.728345,-1.54457 1.02362 -0.728345,-1.53205 0.74803 -0.744653,-1.53205 1.02362 -0.744653]
}}
appearance Appearance{material USE PIN-01 }}
Shape { geometry IndexedFaceSet 
{ creaseAngle 1.00 coordIndex [0,1,2,-1,2,1,3,-1,4,5,0,-1,0,5,1,-1]
coord Coordinate { point [-1.31889 1.02362 -1.22452,-1.31889 0.74803 -1.22452,-1.31889 1.02362 -0.95781,-1.31889 0.74803 -0.95781,-1.31889 0.935037 -1.37795,-1.31889 0.836612 -1.37795]
}}
appearance Appearance{material USE PIN-01 }}
Shape { geometry IndexedFaceSet 
{ creaseAngle 1.00 coordIndex [0,1,2,-1,0,2,3,-1]
coord Coordinate { point [-1.24016 0.935037 -1.37795,-1.24016 0.836612 -1.37795,-1.31889 0.836612 -1.37795,-1.31889 0.935037 -1.37795]
}}
appearance Appearance{material USE PIN-01 }}
Shape { geometry IndexedFaceSet 
{ creaseAngle 1.00 coordIndex [0,1,2,-1,0,2,3,-1,4,5,1,-1,4,1,0,-1]
coord Coordinate { point [-1.24016 0.74803 -1.22452,-1.24016 1.02362 -1.22452,-1.24016 1.02362 -0.95781,-1.24016 0.74803 -0.95781,-1.24016 0.836612 -1.37795,-1.24016 0.935037 -1.37795]
}}
appearance Appearance{material USE PIN-01 }}
Shape { geometry IndexedFaceSet 
{ creaseAngle 1.00 coordIndex [0,1,2,-1,0,2,3,-1,4,3,5,-1,4,0,3,-1,6,5,7,-1,6,4,5,-1]
coord Coordinate { point [-1.24284 0.74803 -0.937431,-1.24016 0.74803 -0.95781,-1.24016 1.02362 -0.95781,-1.24284 1.02362 -0.937431,-1.2507 0.74803 -0.91844,-1.2507 1.02362 -0.91844,-1.26322 0.74803 -0.902133,-1.26322 1.02362 -0.902133]
}}
appearance Appearance{material USE PIN-01 }}
Shape { geometry IndexedFaceSet 
{ creaseAngle 1.00 coordIndex [0,1,2,-1,0,2,3,-1]
coord Coordinate { point [-1.47637 1.02362 -0.688975,-1.47637 0.74803 -0.688975,-1.26322 0.74803 -0.902133,-1.26322 1.02362 -0.902133]
}}
appearance Appearance{material USE PIN-01 }}
Shape { geometry IndexedFaceSet 
{ creaseAngle 1.00 coordIndex [0,1,2,-1,0,2,3,-1]
coord Coordinate { point [-1.26322 1.02362 -0.475817,-1.26322 0.74803 -0.475817,-1.47637 0.74803 -0.688975,-1.47637 1.02362 -0.688975]
}}
appearance Appearance{material USE PIN-01 }}
Shape { geometry IndexedFaceSet 
{ creaseAngle 1.00 coordIndex [0,1,2,-1,0,2,3,-1,4,3,5,-1,4,0,3,-1,6,5,7,-1,6,4,5,-1]
coord Coordinate { point [-1.2507 0.74803 -0.45951,-1.26322 0.74803 -0.475817,-1.26322 1.02362 -0.475817,-1.2507 1.02362 -0.45951,-1.24284 0.74803 -0.440519,-1.24284 1.02362 -0.440519,-1.24016 0.74803 -0.42014,-1.24016 1.02362 -0.42014]
}}
appearance Appearance{material USE PIN-01 }}
Shape { geometry IndexedFaceSet 
{ creaseAngle 1.00 coordIndex [0,1,2,-1,0,2,3,-1]
coord Coordinate { point [-1.24016 0.74803 0.27559,-1.24016 0.74803 -0.42014,-1.24016 1.02362 -0.42014,-1.24016 1.02362 0.27559]
}}
appearance Appearance{material USE PIN-01 }}
Shape { geometry IndexedFaceSet 
{ creaseAngle 1.00 coordIndex [0,1,2,-1,0,2,3,-1]
coord Coordinate { point [-1.1811 1.02362 0.27559,-1.1811 0.74803 0.27559,-1.24016 0.74803 0.27559,-1.24016 1.02362 0.27559]
}}
appearance Appearance{material USE PIN-01 }}
Shape { geometry IndexedFaceSet 
{ creaseAngle 1.00 coordIndex [0,1,2,-1,0,2,3,-1]
coord Coordinate { point [-1.1811 0.74803 0.35433,-1.1811 0.74803 0.27559,-1.1811 1.02362 0.27559,-1.1811 1.02362 0.35433]
}}
appearance Appearance{material USE PIN-01 }}
Shape { geometry IndexedFaceSet 
{ creaseAngle 1.00 coordIndex [0,1,2,-1,3,1,0,-1]
coord Coordinate { point [-1.24016 0.74803 0.35433,-1.1811 1.02362 0.35433,-1.24016 1.02362 0.35433,-1.1811 0.74803 0.35433]
}}
appearance Appearance{material USE PIN-01 }}
Shape { geometry IndexedFaceSet 
{ creaseAngle 1.00 coordIndex [0,1,2,-1,0,2,3,-1,4,3,5,-1,4,0,3,-1,6,5,7,-1,6,4,5,-1,8,7,9,-1,8,6,7,-1]
coord Coordinate { point [-1.27029 0.74803 0.348336,-1.24016 0.74803 0.35433,-1.24016 1.02362 0.35433,-1.27029 1.02362 0.348336,-1.29583 0.74803 0.331268,-1.29583 1.02362 0.331268,-1.3129 0.74803 0.305722,-1.3129 1.02362 0.305722,-1.31889 0.74803 0.27559,-1.31889 1.02362 0.27559]
}}
appearance Appearance{material USE PIN-01 }}
Shape { geometry IndexedFaceSet 
{ creaseAngle 1.00 coordIndex [0,1,2,-1,2,1,3,-1]
coord Coordinate { point [-1.31889 0.74803 -0.42014,-1.31889 0.74803 0.27559,-1.31889 1.02362 -0.42014,-1.31889 1.02362 0.27559]
}}
appearance Appearance{material USE PIN-01 }}
Shape { geometry IndexedFaceSet 
{ creaseAngle 1.00 coordIndex [0,1,2,-1,3,1,0,-1]
coord Coordinate { point [-1.53205 0.74803 -0.633297,-1.31889 1.02362 -0.42014,-1.53205 1.02362 -0.633297,-1.31889 0.74803 -0.42014]
}}
appearance Appearance{material USE PIN-01 }}
Shape { geometry IndexedFaceSet 
{ creaseAngle 1.00 coordIndex [0,1,2,-1,3,1,0,-1]
coord Coordinate { point [-1.31889 0.74803 -0.95781,-1.53205 1.02362 -0.744653,-1.31889 1.02362 -0.95781,-1.53205 0.74803 -0.744653]
}}
appearance Appearance{material USE PIN-01 }}
Shape { geometry IndexedFaceSet 
{ creaseAngle 1.00 coordIndex [0,1,2,-1,0,2,3,-1,0,3,4,-1,5,1,0,-1,6,5,0,-1,7,6,0,-1,8,0,9,-1,8,9,10,-1,8,10,11,-1,8,7,0,-1,12,8,11,-1,13,12,14,-1,13,8,12,-1,15,13,14,-1,16,15,14,-1,17,16,14,-1,18,17,14,-1,19,18,14,-1,20,19,14,-1,21,14,22,-1,21,22,23,-1,21,23,24,-1,21,24,25,-1,21,20,14,-1,26,25,27,-1,26,21,25,-1]
coord Coordinate { point [-1.24016 1.02362 0.27559,-1.27029 1.02362 0.348336,-1.24016 1.02362 0.35433,-1.1811 1.02362 0.35433,-1.1811 1.02362 0.27559,-1.29583 1.02362 0.331268,-1.3129 1.02362 0.305722,-1.31889 1.02362 0.27559,-1.31889 1.02362 -0.42014,-1.24016 1.02362 -0.42014,-1.24284 1.02362 -0.440519,-1.2507 1.02362 -0.45951,-1.26322 1.02362 -0.475817,-1.53205 1.02362 -0.633297,-1.47637 1.02362 -0.688975,-1.54457 1.02362 -0.649605,-1.55243 1.02362 -0.668596,-1.55511 1.02362 -0.688975,-1.55243 1.02362 -0.709354,-1.54457 1.02362 -0.728345,-1.53205 1.02362 -0.744653,-1.31889 1.02362 -0.95781,-1.26322 1.02362 -0.902133,-1.2507 1.02362 -0.91844,-1.24284 1.02362 -0.937431,-1.24016 1.02362 -0.95781,-1.31889 1.02362 -1.22452,-1.24016 1.02362 -1.22452]
}}
appearance Appearance{material USE PIN-01 }}
Shape { geometry IndexedFaceSet 
{ creaseAngle 1.00 coordIndex [0,1,2,-1,2,1,3,-1,3,1,4,-1,0,5,1,-1,5,6,1,-1,6,7,1,-1,1,8,9,-1,9,8,10,-1,10,8,11,-1,7,8,1,-1,8,12,11,-1,13,14,8,-1,8,14,12,-1,13,15,14,-1,15,16,14,-1,16,17,14,-1,17,18,14,-1,18,19,14,-1,20,21,22,-1,22,21,23,-1,23,21,24,-1,14,25,20,-1,20,25,21,-1,19,25,14,-1,24,26,27,-1,21,26,24,-1]
coord Coordinate { point [-1.27029 0.74803 0.348336,-1.24016 0.74803 0.27559,-1.24016 0.74803 0.35433,-1.1811 0.74803 0.35433,-1.1811 0.74803 0.27559,-1.29583 0.74803 0.331268,-1.3129 0.74803 0.305722,-1.31889 0.74803 0.27559,-1.31889 0.74803 -0.42014,-1.24016 0.74803 -0.42014,-1.24284 0.74803 -0.440519,-1.2507 0.74803 -0.45951,-1.26322 0.74803 -0.475817,-1.53205 0.74803 -0.633297,-1.47637 0.74803 -0.688975,-1.54457 0.74803 -0.649605,-1.55243 0.74803 -0.668596,-1.55511 0.74803 -0.688975,-1.55243 0.74803 -0.709354,-1.54457 0.74803 -0.728345,-1.26322 0.74803 -0.902133,-1.31889 0.74803 -0.95781,-1.2507 0.74803 -0.91844,-1.24284 0.74803 -0.937431,-1.24016 0.74803 -0.95781,-1.53205 0.74803 -0.744653,-1.31889 0.74803 -1.22452,-1.24016 0.74803 -1.22452]
}}
appearance Appearance{material USE PIN-01 }}
Shape { geometry IndexedFaceSet 
{ creaseAngle 1.00 coordIndex [0,1,2,-1,2,1,3,-1]
coord Coordinate { point [-1.24016 0.74803 -1.22452,-1.31889 0.74803 -1.22452,-1.24016 0.836612 -1.37795,-1.31889 0.836612 -1.37795]
}}
appearance Appearance{material USE PIN-01 }}
Shape { geometry IndexedFaceSet 
{ creaseAngle 1.00 coordIndex [0,1,2,-1,2,1,3,-1]
coord Coordinate { point [-1.31889 1.02362 -1.22452,-1.24016 1.02362 -1.22452,-1.31889 0.935037 -1.37795,-1.24016 0.935037 -1.37795]
}}
appearance Appearance{material USE PIN-01 }}
Shape { geometry IndexedFaceSet 
{ creaseAngle 1.00 coordIndex [0,1,2,-1,0,3,1,-1,4,2,5,-1,4,0,2,-1,6,5,7,-1,6,4,5,-1]
coord Coordinate { point [1.54457 0.74803 -0.728345,1.53205 1.02362 -0.744653,1.54457 1.02362 -0.728345,1.53205 0.74803 -0.744653,1.55243 0.74803 -0.709354,1.55243 1.02362 -0.709354,1.55511 0.74803 -0.688975,1.55511 1.02362 -0.688975]
}}
appearance Appearance{material USE PIN-01 }}
Shape { geometry IndexedFaceSet 
{ creaseAngle 1.00 coordIndex [0,1,2,-1,0,2,3,-1,4,3,5,-1,4,0,3,-1,6,5,7,-1,6,4,5,-1]
coord Coordinate { point [1.55243 0.74803 -0.668596,1.55511 0.74803 -0.688975,1.55511 1.02362 -0.688975,1.55243 1.02362 -0.668596,1.54457 0.74803 -0.649605,1.54457 1.02362 -0.649605,1.53205 0.74803 -0.633297,1.53205 1.02362 -0.633297]
}}
appearance Appearance{material USE PIN-01 }}
Shape { geometry IndexedFaceSet 
{ creaseAngle 1.00 coordIndex [0,1,2,-1,3,1,0,-1,2,4,5,-1,1,4,2,-1]
coord Coordinate { point [1.31889 0.836612 -1.37795,1.31889 1.02362 -1.22452,1.31889 0.74803 -1.22452,1.31889 0.935037 -1.37795,1.31889 1.02362 -0.95781,1.31889 0.74803 -0.95781]
}}
appearance Appearance{material USE PIN-01 }}
Shape { geometry IndexedFaceSet 
{ creaseAngle 1.00 coordIndex [0,1,2,-1,0,2,3,-1]
coord Coordinate { point [1.31889 0.935037 -1.37795,1.31889 0.836612 -1.37795,1.24015 0.836612 -1.37795,1.24015 0.935037 -1.37795]
}}
appearance Appearance{material USE PIN-01 }}
Shape { geometry IndexedFaceSet 
{ creaseAngle 1.00 coordIndex [0,1,2,-1,0,2,3,-1,4,3,5,-1,4,0,3,-1]
coord Coordinate { point [1.24015 1.02362 -1.22452,1.24015 0.935037 -1.37795,1.24015 0.836612 -1.37795,1.24015 0.74803 -1.22452,1.24015 1.02362 -0.95781,1.24015 0.74803 -0.95781]
}}
appearance Appearance{material USE PIN-01 }}
Shape { geometry IndexedFaceSet 
{ creaseAngle 1.00 coordIndex [0,1,2,-1,0,2,3,-1,4,3,5,-1,4,0,3,-1,6,5,7,-1,6,4,5,-1]
coord Coordinate { point [1.2507 0.74803 -0.91844,1.26322 0.74803 -0.902133,1.26322 1.02362 -0.902133,1.2507 1.02362 -0.91844,1.24284 0.74803 -0.937431,1.24284 1.02362 -0.937431,1.24015 0.74803 -0.95781,1.24015 1.02362 -0.95781]
}}
appearance Appearance{material USE PIN-01 }}
Shape { geometry IndexedFaceSet 
{ creaseAngle 1.00 coordIndex [0,1,2,-1,0,2,3,-1]
coord Coordinate { point [1.47637 0.74803 -0.688975,1.47637 1.02362 -0.688975,1.26322 1.02362 -0.902133,1.26322 0.74803 -0.902133]
}}
appearance Appearance{material USE PIN-01 }}
Shape { geometry IndexedFaceSet 
{ creaseAngle 1.00 coordIndex [0,1,2,-1,0,3,1,-1]
coord Coordinate { point [1.26322 1.02362 -0.475817,1.47637 0.74803 -0.688975,1.26322 0.74803 -0.475817,1.47637 1.02362 -0.688975]
}}
appearance Appearance{material USE PIN-01 }}
Shape { geometry IndexedFaceSet 
{ creaseAngle 1.00 coordIndex [0,1,2,-1,0,2,3,-1,4,3,5,-1,4,0,3,-1,6,5,7,-1,6,4,5,-1]
coord Coordinate { point [1.24284 0.74803 -0.440519,1.24015 0.74803 -0.42014,1.24015 1.02362 -0.42014,1.24284 1.02362 -0.440519,1.2507 0.74803 -0.45951,1.2507 1.02362 -0.45951,1.26322 0.74803 -0.475817,1.26322 1.02362 -0.475817]
}}
appearance Appearance{material USE PIN-01 }}
Shape { geometry IndexedFaceSet 
{ creaseAngle 1.00 coordIndex [0,1,2,-1,0,2,3,-1]
coord Coordinate { point [1.24015 0.74803 0.27559,1.24015 1.02362 0.27559,1.24015 1.02362 -0.42014,1.24015 0.74803 -0.42014]
}}
appearance Appearance{material USE PIN-01 }}
Shape { geometry IndexedFaceSet 
{ creaseAngle 1.00 coordIndex [0,1,2,-1,0,2,3,-1]
coord Coordinate { point [1.24015 1.02362 0.27559,1.24015 0.74803 0.27559,1.1811 0.74803 0.27559,1.1811 1.02362 0.27559]
}}
appearance Appearance{material USE PIN-01 }}
Shape { geometry IndexedFaceSet 
{ creaseAngle 1.00 coordIndex [0,1,2,-1,0,2,3,-1]
coord Coordinate { point [1.1811 0.74803 0.35433,1.1811 1.02362 0.35433,1.1811 1.02362 0.27559,1.1811 0.74803 0.27559]
}}
appearance Appearance{material USE PIN-01 }}
Shape { geometry IndexedFaceSet 
{ creaseAngle 1.00 coordIndex [0,1,2,-1,3,1,0,-1]
coord Coordinate { point [1.1811 0.74803 0.35433,1.24015 1.02362 0.35433,1.1811 1.02362 0.35433,1.24015 0.74803 0.35433]
}}
appearance Appearance{material USE PIN-01 }}
Shape { geometry IndexedFaceSet 
{ creaseAngle 1.00 coordIndex [0,1,2,-1,0,2,3,-1,4,3,5,-1,4,0,3,-1,6,5,7,-1,6,4,5,-1,8,7,9,-1,8,6,7,-1]
coord Coordinate { point [1.3129 0.74803 0.305722,1.31889 0.74803 0.27559,1.31889 1.02362 0.27559,1.3129 1.02362 0.305722,1.29583 0.74803 0.331268,1.29583 1.02362 0.331268,1.27029 0.74803 0.348336,1.27029 1.02362 0.348336,1.24015 0.74803 0.35433,1.24015 1.02362 0.35433]
}}
appearance Appearance{material USE PIN-01 }}
Shape { geometry IndexedFaceSet 
{ creaseAngle 1.00 coordIndex [0,1,2,-1,2,1,3,-1]
coord Coordinate { point [1.31889 1.02362 0.27559,1.31889 0.74803 0.27559,1.31889 1.02362 -0.42014,1.31889 0.74803 -0.42014]
}}
appearance Appearance{material USE PIN-01 }}
Shape { geometry IndexedFaceSet 
{ creaseAngle 1.00 coordIndex [0,1,2,-1,2,1,3,-1]
coord Coordinate { point [1.53205 1.02362 -0.633297,1.31889 1.02362 -0.42014,1.53205 0.74803 -0.633297,1.31889 0.74803 -0.42014]
}}
appearance Appearance{material USE PIN-01 }}
Shape { geometry IndexedFaceSet 
{ creaseAngle 1.00 coordIndex [0,1,2,-1,2,1,3,-1]
coord Coordinate { point [1.53205 1.02362 -0.744653,1.53205 0.74803 -0.744653,1.31889 1.02362 -0.95781,1.31889 0.74803 -0.95781]
}}
appearance Appearance{material USE PIN-01 }}
Shape { geometry IndexedFaceSet 
{ creaseAngle 1.00 coordIndex [0,1,2,-1,0,2,3,-1,0,3,4,-1,0,4,5,-1,6,7,1,-1,6,1,0,-1,8,5,9,-1,8,0,5,-1,10,8,9,-1,11,10,9,-1,12,11,9,-1,13,9,14,-1,13,14,15,-1,13,15,16,-1,13,16,17,-1,13,17,18,-1,13,18,19,-1,13,19,20,-1,13,12,9,-1,21,20,22,-1,21,13,20,-1,23,21,22,-1,24,23,22,-1,25,24,22,-1,26,22,27,-1,26,25,22,-1]
coord Coordinate { point [1.24015 1.02362 0.27559,1.24015 1.02362 0.35433,1.27029 1.02362 0.348336,1.29583 1.02362 0.331268,1.3129 1.02362 0.305722,1.31889 1.02362 0.27559,1.1811 1.02362 0.27559,1.1811 1.02362 0.35433,1.24015 1.02362 -0.42014,1.31889 1.02362 -0.42014,1.24284 1.02362 -0.440519,1.2507 1.02362 -0.45951,1.26322 1.02362 -0.475817,1.47637 1.02362 -0.688975,1.53205 1.02362 -0.633297,1.54457 1.02362 -0.649605,1.55243 1.02362 -0.668596,1.55511 1.02362 -0.688975,1.55243 1.02362 -0.709354,1.54457 1.02362 -0.728345,1.53205 1.02362 -0.744653,1.26322 1.02362 -0.902133,1.31889 1.02362 -0.95781,1.2507 1.02362 -0.91844,1.24284 1.02362 -0.937431,1.24015 1.02362 -0.95781,1.24015 1.02362 -1.22452,1.31889 1.02362 -1.22452]
}}
appearance Appearance{material USE PIN-01 }}
Shape { geometry IndexedFaceSet 
{ creaseAngle 1.00 coordIndex [0,1,2,-1,2,1,3,-1,3,1,4,-1,4,1,5,-1,6,7,0,-1,0,7,1,-1,5,8,9,-1,1,8,5,-1,8,10,9,-1,10,11,9,-1,11,12,9,-1,9,13,14,-1,14,13,15,-1,15,13,16,-1,16,13,17,-1,17,13,18,-1,18,13,19,-1,19,13,20,-1,12,13,9,-1,20,21,22,-1,13,21,20,-1,21,23,22,-1,23,24,22,-1,24,25,22,-1,22,26,27,-1,25,26,22,-1]
coord Coordinate { point [1.24015 0.74803 0.35433,1.24015 0.74803 0.27559,1.27029 0.74803 0.348336,1.29583 0.74803 0.331268,1.3129 0.74803 0.305722,1.31889 0.74803 0.27559,1.1811 0.74803 0.35433,1.1811 0.74803 0.27559,1.24015 0.74803 -0.42014,1.31889 0.74803 -0.42014,1.24284 0.74803 -0.440519,1.2507 0.74803 -0.45951,1.26322 0.74803 -0.475817,1.47637 0.74803 -0.688975,1.53205 0.74803 -0.633297,1.54457 0.74803 -0.649605,1.55243 0.74803 -0.668596,1.55511 0.74803 -0.688975,1.55243 0.74803 -0.709354,1.54457 0.74803 -0.728345,1.53205 0.74803 -0.744653,1.26322 0.74803 -0.902133,1.31889 0.74803 -0.95781,1.2507 0.74803 -0.91844,1.24284 0.74803 -0.937431,1.24015 0.74803 -0.95781,1.24015 0.74803 -1.22452,1.31889 0.74803 -1.22452]
}}
appearance Appearance{material USE PIN-01 }}
Shape { geometry IndexedFaceSet 
{ creaseAngle 1.00 coordIndex [0,1,2,-1,2,1,3,-1]
coord Coordinate { point [1.31889 0.74803 -1.22452,1.24015 0.74803 -1.22452,1.31889 0.836612 -1.37795,1.24015 0.836612 -1.37795]
}}
appearance Appearance{material USE PIN-01 }}
Shape { geometry IndexedFaceSet 
{ creaseAngle 1.00 coordIndex [0,1,2,-1,2,1,3,-1]
coord Coordinate { point [1.24015 1.02362 -1.22452,1.31889 1.02362 -1.22452,1.24015 0.935037 -1.37795,1.31889 0.935037 -1.37795]
}}
appearance Appearance{material USE PIN-01 }}
Shape { geometry IndexedFaceSet 
{ creaseAngle 1.00 coordIndex [0,1,2,-1,0,3,1,-1,4,2,5,-1,4,0,2,-1,6,5,7,-1,6,4,5,-1]
coord Coordinate { point [-1.54457 -0.74803 -0.728345,-1.53205 -1.02362 -0.744653,-1.54457 -1.02362 -0.728345,-1.53205 -0.74803 -0.744653,-1.55243 -0.74803 -0.709354,-1.55243 -1.02362 -0.709354,-1.55511 -0.74803 -0.688975,-1.55511 -1.02362 -0.688975]
}}
appearance Appearance{material USE PIN-01 }}
Shape { geometry IndexedFaceSet 
{ creaseAngle 1.00 coordIndex [0,1,2,-1,0,2,3,-1,4,3,5,-1,4,0,3,-1,6,5,7,-1,6,4,5,-1]
coord Coordinate { point [-1.55243 -0.74803 -0.668596,-1.55511 -0.74803 -0.688975,-1.55511 -1.02362 -0.688975,-1.55243 -1.02362 -0.668596,-1.54457 -0.74803 -0.649605,-1.54457 -1.02362 -0.649605,-1.53205 -0.74803 -0.633297,-1.53205 -1.02362 -0.633297]
}}
appearance Appearance{material USE PIN-01 }}
Shape { geometry IndexedFaceSet 
{ creaseAngle 1.00 coordIndex [0,1,2,-1,2,1,3,-1,4,5,0,-1,0,5,1,-1]
coord Coordinate { point [-1.31889 -0.74803 -1.22452,-1.31889 -1.02362 -1.22452,-1.31889 -0.74803 -0.95781,-1.31889 -1.02362 -0.95781,-1.31889 -0.836613 -1.37795,-1.31889 -0.935038 -1.37795]
}}
appearance Appearance{material USE PIN-01 }}
Shape { geometry IndexedFaceSet 
{ creaseAngle 1.00 coordIndex [0,1,2,-1,0,2,3,-1]
coord Coordinate { point [-1.24016 -0.836613 -1.37795,-1.24016 -0.935038 -1.37795,-1.31889 -0.935038 -1.37795,-1.31889 -0.836613 -1.37795]
}}
appearance Appearance{material USE PIN-01 }}
Shape { geometry IndexedFaceSet 
{ creaseAngle 1.00 coordIndex [0,1,2,-1,0,2,3,-1,0,3,4,-1,5,1,0,-1]
coord Coordinate { point [-1.24016 -1.02362 -1.22452,-1.24016 -0.836613 -1.37795,-1.24016 -0.74803 -1.22452,-1.24016 -0.74803 -0.95781,-1.24016 -1.02362 -0.95781,-1.24016 -0.935038 -1.37795]
}}
appearance Appearance{material USE PIN-01 }}
Shape { geometry IndexedFaceSet 
{ creaseAngle 1.00 coordIndex [0,1,2,-1,0,2,3,-1,4,3,5,-1,4,0,3,-1,6,5,7,-1,6,4,5,-1]
coord Coordinate { point [-1.2507 -0.74803 -0.91844,-1.26322 -0.74803 -0.902133,-1.26322 -1.02362 -0.902133,-1.2507 -1.02362 -0.91844,-1.24284 -0.74803 -0.937431,-1.24284 -1.02362 -0.937431,-1.24016 -0.74803 -0.95781,-1.24016 -1.02362 -0.95781]
}}
appearance Appearance{material USE PIN-01 }}
Shape { geometry IndexedFaceSet 
{ creaseAngle 1.00 coordIndex [0,1,2,-1,0,2,3,-1]
coord Coordinate { point [-1.47637 -0.74803 -0.688975,-1.47637 -1.02362 -0.688975,-1.26322 -1.02362 -0.902133,-1.26322 -0.74803 -0.902133]
}}
appearance Appearance{material USE PIN-01 }}
Shape { geometry IndexedFaceSet 
{ creaseAngle 1.00 coordIndex [0,1,2,-1,0,2,3,-1]
coord Coordinate { point [-1.26322 -0.74803 -0.475817,-1.26322 -1.02362 -0.475817,-1.47637 -1.02362 -0.688975,-1.47637 -0.74803 -0.688975]
}}
appearance Appearance{material USE PIN-01 }}
Shape { geometry IndexedFaceSet 
{ creaseAngle 1.00 coordIndex [0,1,2,-1,0,2,3,-1,4,3,5,-1,4,0,3,-1,6,5,7,-1,6,4,5,-1]
coord Coordinate { point [-1.24284 -0.74803 -0.440519,-1.24016 -0.74803 -0.42014,-1.24016 -1.02362 -0.42014,-1.24284 -1.02362 -0.440519,-1.2507 -0.74803 -0.45951,-1.2507 -1.02362 -0.45951,-1.26322 -0.74803 -0.475817,-1.26322 -1.02362 -0.475817]
}}
appearance Appearance{material USE PIN-01 }}
Shape { geometry IndexedFaceSet 
{ creaseAngle 1.00 coordIndex [0,1,2,-1,0,3,1,-1]
coord Coordinate { point [-1.24016 -1.02362 0.27559,-1.24016 -0.74803 -0.42014,-1.24016 -0.74803 0.27559,-1.24016 -1.02362 -0.42014]
}}
appearance Appearance{material USE PIN-01 }}
Shape { geometry IndexedFaceSet 
{ creaseAngle 1.00 coordIndex [0,1,2,-1,0,2,3,-1]
coord Coordinate { point [-1.1811 -0.74803 0.27559,-1.1811 -1.02362 0.27559,-1.24016 -1.02362 0.27559,-1.24016 -0.74803 0.27559]
}}
appearance Appearance{material USE PIN-01 }}
Shape { geometry IndexedFaceSet 
{ creaseAngle 1.00 coordIndex [0,1,2,-1,0,3,1,-1]
coord Coordinate { point [-1.1811 -1.02362 0.35433,-1.1811 -0.74803 0.27559,-1.1811 -0.74803 0.35433,-1.1811 -1.02362 0.27559]
}}
appearance Appearance{material USE PIN-01 }}
Shape { geometry IndexedFaceSet 
{ creaseAngle 1.00 coordIndex [0,1,2,-1,2,1,3,-1]
coord Coordinate { point [-1.1811 -1.02362 0.35433,-1.1811 -0.74803 0.35433,-1.24016 -1.02362 0.35433,-1.24016 -0.74803 0.35433]
}}
appearance Appearance{material USE PIN-01 }}
Shape { geometry IndexedFaceSet 
{ creaseAngle 1.00 coordIndex [0,1,2,-1,0,2,3,-1,4,3,5,-1,4,0,3,-1,6,5,7,-1,6,4,5,-1,8,7,9,-1,8,6,7,-1]
coord Coordinate { point [-1.3129 -0.74803 0.305722,-1.31889 -0.74803 0.27559,-1.31889 -1.02362 0.27559,-1.3129 -1.02362 0.305722,-1.29583 -0.74803 0.331268,-1.29583 -1.02362 0.331268,-1.27029 -0.74803 0.348336,-1.27029 -1.02362 0.348336,-1.24016 -0.74803 0.35433,-1.24016 -1.02362 0.35433]
}}
appearance Appearance{material USE PIN-01 }}
Shape { geometry IndexedFaceSet 
{ creaseAngle 1.00 coordIndex [0,1,2,-1,2,1,3,-1]
coord Coordinate { point [-1.31889 -1.02362 -0.42014,-1.31889 -1.02362 0.27559,-1.31889 -0.74803 -0.42014,-1.31889 -0.74803 0.27559]
}}
appearance Appearance{material USE PIN-01 }}
Shape { geometry IndexedFaceSet 
{ creaseAngle 1.00 coordIndex [0,1,2,-1,2,1,3,-1]
coord Coordinate { point [-1.31889 -1.02362 -0.42014,-1.31889 -0.74803 -0.42014,-1.53205 -1.02362 -0.633297,-1.53205 -0.74803 -0.633297]
}}
appearance Appearance{material USE PIN-01 }}
Shape { geometry IndexedFaceSet 
{ creaseAngle 1.00 coordIndex [0,1,2,-1,2,1,3,-1]
coord Coordinate { point [-1.53205 -1.02362 -0.744653,-1.53205 -0.74803 -0.744653,-1.31889 -1.02362 -0.95781,-1.31889 -0.74803 -0.95781]
}}
appearance Appearance{material USE PIN-01 }}
Shape { geometry IndexedFaceSet 
{ creaseAngle 1.00 coordIndex [0,1,2,-1,0,3,1,-1,4,3,0,-1,5,3,4,-1,6,7,8,-1,6,8,9,-1,6,9,10,-1,6,10,11,-1,6,11,12,-1,6,12,13,-1,6,13,3,-1,14,3,5,-1,14,6,3,-1,15,16,7,-1,15,7,6,-1,17,16,15,-1,18,16,17,-1,19,16,18,-1,20,21,22,-1,20,22,23,-1,20,23,16,-1,20,16,19,-1,24,21,20,-1,25,24,20,-1,26,20,27,-1,26,25,20,-1]
coord Coordinate { point [-1.24016 -1.02362 -0.95781,-1.31889 -1.02362 -1.22452,-1.24016 -1.02362 -1.22452,-1.31889 -1.02362 -0.95781,-1.24284 -1.02362 -0.937431,-1.2507 -1.02362 -0.91844,-1.47637 -1.02362 -0.688975,-1.53205 -1.02362 -0.633297,-1.54457 -1.02362 -0.649605,-1.55243 -1.02362 -0.668596,-1.55511 -1.02362 -0.688975,-1.55243 -1.02362 -0.709354,-1.54457 -1.02362 -0.728345,-1.53205 -1.02362 -0.744653,-1.26322 -1.02362 -0.902133,-1.26322 -1.02362 -0.475817,-1.31889 -1.02362 -0.42014,-1.2507 -1.02362 -0.45951,-1.24284 -1.02362 -0.440519,-1.24016 -1.02362 -0.42014,-1.24016 -1.02362 0.27559,-1.29583 -1.02362 0.331268,-1.3129 -1.02362 0.305722,-1.31889 -1.02362 0.27559,-1.27029 -1.02362 0.348336,-1.24016 -1.02362 0.35433,-1.1811 -1.02362 0.35433,-1.1811 -1.02362 0.27559]
}}
appearance Appearance{material USE PIN-01 }}
Shape { geometry IndexedFaceSet 
{ creaseAngle 1.00 coordIndex [0,1,2,-1,2,1,3,-1,0,4,1,-1,0,5,4,-1,6,7,8,-1,8,7,9,-1,9,7,10,-1,10,7,11,-1,11,7,12,-1,12,7,13,-1,13,7,0,-1,0,14,5,-1,7,14,0,-1,15,16,6,-1,6,16,7,-1,15,17,16,-1,15,18,17,-1,15,19,18,-1,20,21,22,-1,22,21,15,-1,15,21,19,-1,20,23,21,-1,23,24,21,-1,24,25,21,-1,21,26,27,-1,25,26,21,-1]
coord Coordinate { point [-1.31889 -0.74803 -0.95781,-1.24016 -0.74803 -0.95781,-1.31889 -0.74803 -1.22452,-1.24016 -0.74803 -1.22452,-1.24284 -0.74803 -0.937431,-1.2507 -0.74803 -0.91844,-1.53205 -0.74803 -0.633297,-1.47637 -0.74803 -0.688975,-1.54457 -0.74803 -0.649605,-1.55243 -0.74803 -0.668596,-1.55511 -0.74803 -0.688975,-1.55243 -0.74803 -0.709354,-1.54457 -0.74803 -0.728345,-1.53205 -0.74803 -0.744653,-1.26322 -0.74803 -0.902133,-1.31889 -0.74803 -0.42014,-1.26322 -0.74803 -0.475817,-1.2507 -0.74803 -0.45951,-1.24284 -0.74803 -0.440519,-1.24016 -0.74803 -0.42014,-1.3129 -0.74803 0.305722,-1.24016 -0.74803 0.27559,-1.31889 -0.74803 0.27559,-1.29583 -0.74803 0.331268,-1.27029 -0.74803 0.348336,-1.24016 -0.74803 0.35433,-1.1811 -0.74803 0.35433,-1.1811 -0.74803 0.27559]
}}
appearance Appearance{material USE PIN-01 }}
Shape { geometry IndexedFaceSet 
{ creaseAngle 1.00 coordIndex [0,1,2,-1,2,1,3,-1]
coord Coordinate { point [-1.31889 -0.74803 -1.22452,-1.24016 -0.74803 -1.22452,-1.31889 -0.836613 -1.37795,-1.24016 -0.836613 -1.37795]
}}
appearance Appearance{material USE PIN-01 }}
Shape { geometry IndexedFaceSet 
{ creaseAngle 1.00 coordIndex [0,1,2,-1,2,1,3,-1]
coord Coordinate { point [-1.24016 -1.02362 -1.22452,-1.31889 -1.02362 -1.22452,-1.24016 -0.935038 -1.37795,-1.31889 -0.935038 -1.37795]
}}
appearance Appearance{material USE PIN-01 }}
Shape { geometry IndexedFaceSet 
{ creaseAngle 1.00 coordIndex [0,1,2,-1,2,1,3,-1,3,4,5,-1,1,4,3,-1,5,6,7,-1,4,6,5,-1,7,8,9,-1,6,8,7,-1,9,10,11,-1,8,10,9,-1,11,12,13,-1,10,12,11,-1,13,14,15,-1,12,14,13,-1,15,16,17,-1,14,16,15,-1,17,18,19,-1,16,18,17,-1,19,20,21,-1,18,20,19,-1,21,22,23,-1,20,22,21,-1,23,24,25,-1,22,24,23,-1,26,27,28,-1,25,27,26,-1,24,27,25,-1,27,29,28,-1,29,30,28,-1,28,30,31,-1,30,32,31,-1,31,32,33,-1,32,34,33,-1,33,34,35,-1,34,36,35,-1,35,36,37,-1,36,38,37,-1,37,38,39,-1,38,40,39,-1,39,40,41,-1,41,42,43,-1,40,42,41,-1]
coord Coordinate { point [-0.885825 0.649605 1.29921,-0.921032 0.652243 1.29921,-0.885825 0.649605 1.37795,-0.921032 0.652243 1.37795,-0.955452 0.6601 1.29921,-0.955452 0.6601 1.37795,-0.988317 0.672998 1.29921,-0.988317 0.672998 1.37795,-1.01889 0.690651 1.29921,-1.01889 0.690651 1.37795,-1.0465 0.712663 1.29921,-1.0465 0.712663 1.37795,-1.07051 0.738544 1.29921,-1.07051 0.738544 1.37795,-1.0904 0.767715 1.29921,-1.0904 0.767715 1.37795,-1.10572 0.799524 1.29921,-1.10572 0.799524 1.37795,-1.11612 0.833261 1.29921,-1.11612 0.833261 1.37795,-1.12138 0.868172 1.29921,-1.12138 0.868172 1.37795,-1.12138 0.903478 1.29921,-1.12138 0.903478 1.37795,-1.11612 0.938389 1.29921,-1.11612 0.938389 1.37795,-1.10572 0.972126 1.37795,-1.10572 0.972126 1.29921,-1.0904 1.00394 1.37795,-1.0904 1.00394 1.29921,-1.07051 1.03311 1.29921,-1.07051 1.03311 1.37795,-1.0465 1.05899 1.29921,-1.0465 1.05899 1.37795,-1.01889 1.081 1.29921,-1.01889 1.081 1.37795,-0.988317 1.09865 1.29921,-0.988317 1.09865 1.37795,-0.955452 1.11155 1.29921,-0.955452 1.11155 1.37795,-0.921032 1.11941 1.29921,-0.921032 1.11941 1.37795,-0.885825 1.12205 1.29921,-0.885825 1.12205 1.37795]
}}
appearance Appearance{material USE PIN-01 }}
Shape { geometry IndexedFaceSet 
{ creaseAngle 1.00 coordIndex [0,1,2,-1,2,1,3,-1,3,4,5,-1,1,4,3,-1,5,6,7,-1,4,6,5,-1,7,8,9,-1,6,8,7,-1,9,10,11,-1,8,10,9,-1,11,12,13,-1,10,12,11,-1,13,14,15,-1,12,14,13,-1,15,16,17,-1,14,16,15,-1,17,18,19,-1,16,18,17,-1,19,20,21,-1,18,20,19,-1,21,22,23,-1,20,22,21,-1,23,24,25,-1,22,24,23,-1,26,27,28,-1,25,27,26,-1,24,27,25,-1,27,29,28,-1,29,30,28,-1,28,30,31,-1,30,32,31,-1,31,32,33,-1,32,34,33,-1,33,34,35,-1,34,36,35,-1,35,36,37,-1,36,38,37,-1,37,38,39,-1,38,40,39,-1,39,40,41,-1,41,42,43,-1,40,42,41,-1]
coord Coordinate { point [0.885825 0.649605 1.29921,0.850618 0.652243 1.29921,0.885825 0.649605 1.37795,0.850618 0.652243 1.37795,0.816198 0.6601 1.29921,0.816198 0.6601 1.37795,0.783333 0.672998 1.29921,0.783333 0.672998 1.37795,0.752758 0.690651 1.29921,0.752758 0.690651 1.37795,0.725155 0.712663 1.29921,0.725155 0.712663 1.37795,0.701141 0.738544 1.29921,0.701141 0.738544 1.37795,0.681252 0.767715 1.29921,0.681252 0.767715 1.37795,0.665934 0.799524 1.29921,0.665934 0.799524 1.37795,0.655528 0.833261 1.29921,0.655528 0.833261 1.37795,0.650266 0.868172 1.29921,0.650266 0.868172 1.37795,0.650266 0.903478 1.29921,0.650266 0.903478 1.37795,0.655528 0.938389 1.29921,0.655528 0.938389 1.37795,0.665934 0.972126 1.37795,0.665934 0.972126 1.29921,0.681252 1.00394 1.37795,0.681252 1.00394 1.29921,0.701141 1.03311 1.29921,0.701141 1.03311 1.37795,0.725155 1.05899 1.29921,0.725155 1.05899 1.37795,0.752758 1.081 1.29921,0.752758 1.081 1.37795,0.783333 1.09865 1.29921,0.783333 1.09865 1.37795,0.816198 1.11155 1.29921,0.816198 1.11155 1.37795,0.850618 1.11941 1.29921,0.850618 1.11941 1.37795,0.885825 1.12205 1.29921,0.885825 1.12205 1.37795]
}}
appearance Appearance{material USE PIN-01 }}
Shape { geometry IndexedFaceSet 
{ creaseAngle 1.00 coordIndex [0,1,2,-1,2,1,3,-1,3,4,5,-1,1,4,3,-1,5,6,7,-1,4,6,5,-1,7,8,9,-1,6,8,7,-1,9,10,11,-1,8,10,9,-1,11,12,13,-1,10,12,11,-1,13,14,15,-1,12,14,13,-1,15,16,17,-1,14,16,15,-1,17,18,19,-1,16,18,17,-1,19,20,21,-1,18,20,19,-1,21,22,23,-1,20,22,21,-1,23,24,25,-1,22,24,23,-1,26,27,28,-1,25,27,26,-1,24,27,25,-1,27,29,28,-1,29,30,28,-1,28,30,31,-1,30,32,31,-1,31,32,33,-1,32,34,33,-1,33,34,35,-1,34,36,35,-1,35,36,37,-1,36,38,37,-1,37,38,39,-1,38,40,39,-1,39,40,41,-1,41,42,43,-1,40,42,41,-1]
coord Coordinate { point [0.885825 -1.12204 1.29921,0.850618 -1.11941 1.29921,0.885825 -1.12204 1.37795,0.850618 -1.11941 1.37795,0.816198 -1.11155 1.29921,0.816198 -1.11155 1.37795,0.783333 -1.09865 1.29921,0.783333 -1.09865 1.37795,0.752758 -1.081 1.29921,0.752758 -1.081 1.37795,0.725155 -1.05899 1.29921,0.725155 -1.05899 1.37795,0.701141 -1.03311 1.29921,0.701141 -1.03311 1.37795,0.681252 -1.00393 1.29921,0.681252 -1.00393 1.37795,0.665934 -0.972126 1.29921,0.665934 -0.972126 1.37795,0.655528 -0.938389 1.29921,0.655528 -0.938389 1.37795,0.650266 -0.903478 1.29921,0.650266 -0.903478 1.37795,0.650266 -0.868172 1.29921,0.650266 -0.868172 1.37795,0.655528 -0.833261 1.29921,0.655528 -0.833261 1.37795,0.665934 -0.799524 1.37795,0.665934 -0.799524 1.29921,0.681252 -0.767715 1.37795,0.681252 -0.767715 1.29921,0.701141 -0.738544 1.29921,0.701141 -0.738544 1.37795,0.725155 -0.712663 1.29921,0.725155 -0.712663 1.37795,0.752758 -0.690651 1.29921,0.752758 -0.690651 1.37795,0.783333 -0.672998 1.29921,0.783333 -0.672998 1.37795,0.816198 -0.6601 1.29921,0.816198 -0.6601 1.37795,0.850618 -0.652243 1.29921,0.850618 -0.652243 1.37795,0.885825 -0.649605 1.29921,0.885825 -0.649605 1.37795]
}}
appearance Appearance{material USE PIN-01 }}
Shape { geometry IndexedFaceSet 
{ creaseAngle 1.00 coordIndex [0,1,2,-1,2,1,3,-1,3,4,5,-1,1,4,3,-1,5,6,7,-1,4,6,5,-1,7,8,9,-1,6,8,7,-1,9,10,11,-1,8,10,9,-1,11,12,13,-1,10,12,11,-1,13,14,15,-1,12,14,13,-1,15,16,17,-1,14,16,15,-1,17,18,19,-1,16,18,17,-1,19,20,21,-1,18,20,19,-1,21,22,23,-1,20,22,21,-1,23,24,25,-1,22,24,23,-1,26,27,28,-1,25,27,26,-1,24,27,25,-1,27,29,28,-1,29,30,28,-1,28,30,31,-1,30,32,31,-1,31,32,33,-1,32,34,33,-1,33,34,35,-1,34,36,35,-1,35,36,37,-1,36,38,37,-1,37,38,39,-1,38,40,39,-1,39,40,41,-1,41,42,43,-1,40,42,41,-1]
coord Coordinate { point [-0.885825 -1.12204 1.29921,-0.921032 -1.11941 1.29921,-0.885825 -1.12204 1.37795,-0.921032 -1.11941 1.37795,-0.955452 -1.11155 1.29921,-0.955452 -1.11155 1.37795,-0.988317 -1.09865 1.29921,-0.988317 -1.09865 1.37795,-1.01889 -1.081 1.29921,-1.01889 -1.081 1.37795,-1.0465 -1.05899 1.29921,-1.0465 -1.05899 1.37795,-1.07051 -1.03311 1.29921,-1.07051 -1.03311 1.37795,-1.0904 -1.00393 1.29921,-1.0904 -1.00393 1.37795,-1.10572 -0.972126 1.29921,-1.10572 -0.972126 1.37795,-1.11612 -0.938389 1.29921,-1.11612 -0.938389 1.37795,-1.12138 -0.903478 1.29921,-1.12138 -0.903478 1.37795,-1.12138 -0.868172 1.29921,-1.12138 -0.868172 1.37795,-1.11612 -0.833261 1.29921,-1.11612 -0.833261 1.37795,-1.10572 -0.799524 1.37795,-1.10572 -0.799524 1.29921,-1.0904 -0.767715 1.37795,-1.0904 -0.767715 1.29921,-1.07051 -0.738544 1.29921,-1.07051 -0.738544 1.37795,-1.0465 -0.712663 1.29921,-1.0465 -0.712663 1.37795,-1.01889 -0.690651 1.29921,-1.01889 -0.690651 1.37795,-0.988317 -0.672998 1.29921,-0.988317 -0.672998 1.37795,-0.955452 -0.6601 1.29921,-0.955452 -0.6601 1.37795,-0.921032 -0.652243 1.29921,-0.921032 -0.652243 1.37795,-0.885825 -0.649605 1.29921,-0.885825 -0.649605 1.37795]
}}
appearance Appearance{material USE PIN-01 }}
Shape { geometry IndexedFaceSet 
{ creaseAngle 1.00 coordIndex [0,1,2,-1,2,1,3,-1,1,4,3,-1,3,4,5,-1,4,6,5,-1,5,6,7,-1,6,8,7,-1,7,8,9,-1,8,10,9,-1,9,10,11,-1,10,12,11,-1,11,12,13,-1,12,14,13,-1,13,14,15,-1,14,16,15,-1,15,16,17,-1,16,18,17,-1,17,18,19,-1,18,20,19,-1,19,20,21,-1,20,22,21,-1,21,22,23,-1,23,24,25,-1,22,24,23,-1,25,26,27,-1,24,26,25,-1,27,28,29,-1,26,28,27,-1,29,30,31,-1,31,30,32,-1,28,30,29,-1,30,33,32,-1,33,34,32,-1,32,34,35,-1,34,36,35,-1,35,36,37,-1,36,38,37,-1,37,38,39,-1,38,40,39,-1,39,40,41,-1,40,42,41,-1,41,42,43,-1,42,44,43,-1,43,44,45,-1,44,46,45,-1,45,46,47,-1,46,48,47,-1,47,48,49,-1,48,50,49,-1,49,50,51,-1,51,50,52,-1,50,53,52,-1,53,54,52,-1,52,54,55,-1,54,56,55,-1,55,56,57,-1,56,58,57,-1,57,58,59,-1,58,60,59,-1,59,60,61,-1,60,62,61,-1,61,62,63,-1,62,64,63,-1,63,64,65,-1,64,66,65,-1,65,66,67,-1,66,68,67,-1,67,68,69,-1,68,70,69,-1,69,70,71,-1,71,72,73,-1,70,72,71,-1,73,74,75,-1,72,74,73,-1,75,76,77,-1,74,76,75,-1,77,78,79,-1,76,78,77,-1,79,80,81,-1,78,80,79,-1,81,82,83,-1,80,82,81,-1,83,84,85,-1,82,84,83,-1,84,86,85,-1,85,86,87,-1,87,86,88,-1,86,89,88,-1,89,90,88,-1,88,90,91,-1,91,92,93,-1,93,92,94,-1,90,92,91,-1,92,95,94,-1,94,96,97,-1,95,96,94,-1,97,98,99,-1,99,98,100,-1,96,98,97,-1,98,101,100,-1,100,102,103,-1,103,102,104,-1,101,102,100,-1,102,105,104,-1,104,106,107,-1,105,106,104,-1,107,108,109,-1,109,108,110,-1,106,108,107,-1,108,111,110,-1,110,112,113,-1,111,112,110,-1,113,114,115,-1,112,114,113,-1,115,116,117,-1,114,116,115,-1,117,118,119,-1,116,118,117,-1,119,120,121,-1,118,120,119,-1,121,122,123,-1,123,122,124,-1,120,122,121,-1,122,125,124,-1,124,126,127,-1,125,126,124,-1]
coord Coordinate { point [8.7419e-17 0.728345 1.37795,-0.036305 0.72744 1.37795,8.7419e-17 0.728345 1.29921,-0.036305 0.72744 1.29921,-0.0725197 0.724726 1.37795,-0.0725197 0.724726 1.29921,-0.108554 0.72021 1.37795,-0.108554 0.72021 1.29921,-0.144319 0.713904 1.37795,-0.144319 0.713904 1.29921,-0.179725 0.705823 1.37795,-0.179725 0.705823 1.29921,-0.214683 0.695987 1.37795,-0.214683 0.695987 1.29921,-0.249109 0.68442 1.37795,-0.249109 0.68442 1.29921,-0.282915 0.671153 1.37795,-0.282915 0.671153 1.29921,-0.316017 0.656216 1.37795,-0.316017 0.656216 1.29921,-0.348334 0.639648 1.37795,-0.348334 0.639648 1.29921,-0.379785 0.62149 1.37795,-0.379785 0.62149 1.29921,-0.410291 0.601787 1.37795,-0.410291 0.601787 1.29921,-0.439778 0.580587 1.37795,-0.439778 0.580587 1.29921,-0.468171 0.557945 1.37795,-0.468171 0.557945 1.29921,-0.4954 0.533915 1.37795,-0.4954 0.533915 1.29921,-0.521398 0.508557 1.29921,-0.521398 0.508557 1.37795,-0.546099 0.481936 1.37795,-0.546099 0.481936 1.29921,-0.569443 0.454116 1.37795,-0.569443 0.454116 1.29921,-0.591371 0.425167 1.37795,-0.591371 0.425167 1.29921,-0.611829 0.395161 1.37795,-0.611829 0.395161 1.29921,-0.630765 0.364172 1.37795,-0.630765 0.364172 1.29921,-0.648134 0.332279 1.37795,-0.648134 0.332279 1.29921,-0.663891 0.299559 1.37795,-0.663891 0.299559 1.29921,-0.677997 0.266094 1.37795,-0.677997 0.266094 1.29921,-0.690418 0.231968 1.37795,-0.690418 0.231968 1.29921,-0.701123 0.197265 1.29921,-0.701123 0.197265 1.37795,-0.710084 0.162072 1.37795,-0.710084 0.162072 1.29921,-0.71728 0.126476 1.37795,-0.71728 0.126476 1.29921,-0.722692 0.0905651 1.37795,-0.722692 0.0905651 1.29921,-0.726308 0.0544293 1.37795,-0.726308 0.0544293 1.29921,-0.728119 0.0181581 1.37795,-0.728119 0.0181581 1.29921,-0.728119 -0.0181581 1.37795,-0.728119 -0.0181581 1.29921,-0.726308 -0.0544293 1.37795,-0.726308 -0.0544293 1.29921,-0.722692 -0.0905651 1.37795,-0.722692 -0.0905651 1.29921,-0.71728 -0.126476 1.37795,-0.71728 -0.126476 1.29921,-0.710084 -0.162072 1.37795,-0.710084 -0.162072 1.29921,-0.701123 -0.197265 1.37795,-0.701123 -0.197265 1.29921,-0.690418 -0.231968 1.37795,-0.690418 -0.231968 1.29921,-0.677997 -0.266094 1.37795,-0.677997 -0.266094 1.29921,-0.663891 -0.299559 1.37795,-0.663891 -0.299559 1.29921,-0.648134 -0.332279 1.37795,-0.648134 -0.332279 1.29921,-0.630765 -0.364173 1.37795,-0.630765 -0.364173 1.29921,-0.611829 -0.395161 1.37795,-0.611829 -0.395161 1.29921,-0.591371 -0.425167 1.29921,-0.591371 -0.425167 1.37795,-0.569443 -0.454116 1.37795,-0.569443 -0.454116 1.29921,-0.546099 -0.481936 1.37795,-0.546099 -0.481936 1.29921,-0.521398 -0.508557 1.29921,-0.521398 -0.508557 1.37795,-0.4954 -0.533915 1.37795,-0.4954 -0.533915 1.29921,-0.468171 -0.557945 1.37795,-0.468171 -0.557945 1.29921,-0.439778 -0.580587 1.29921,-0.439778 -0.580587 1.37795,-0.410291 -0.601787 1.37795,-0.410291 -0.601787 1.29921,-0.379785 -0.62149 1.29921,-0.379785 -0.62149 1.37795,-0.348334 -0.639648 1.37795,-0.348334 -0.639648 1.29921,-0.316017 -0.656216 1.37795,-0.316017 -0.656216 1.29921,-0.282915 -0.671153 1.29921,-0.282915 -0.671153 1.37795,-0.249109 -0.68442 1.37795,-0.249109 -0.68442 1.29921,-0.214683 -0.695987 1.37795,-0.214683 -0.695987 1.29921,-0.179725 -0.705823 1.37795,-0.179725 -0.705823 1.29921,-0.144319 -0.713904 1.37795,-0.144319 -0.713904 1.29921,-0.108554 -0.72021 1.37795,-0.108554 -0.72021 1.29921,-0.0725197 -0.724726 1.37795,-0.0725197 -0.724726 1.29921,-0.036305 -0.72744 1.29921,-0.036305 -0.72744 1.37795,0 -0.728345 1.37795,0 -0.728345 1.29921]
}}
appearance Appearance{material USE PIN-01 }}
Shape { geometry IndexedFaceSet 
{ creaseAngle 1.00 coordIndex [0,1,2,-1,2,1,3,-1,1,4,3,-1,3,4,5,-1,4,6,5,-1,5,6,7,-1,6,8,7,-1,7,8,9,-1,8,10,9,-1,9,10,11,-1,10,12,11,-1,11,12,13,-1,12,14,13,-1,13,14,15,-1,14,16,15,-1,15,16,17,-1,16,18,17,-1,17,18,19,-1,19,20,21,-1,18,20,19,-1,21,22,23,-1,20,22,21,-1,23,24,25,-1,22,24,23,-1,25,26,27,-1,24,26,25,-1,27,28,29,-1,26,28,27,-1,29,30,31,-1,31,30,32,-1,28,30,29,-1,30,33,32,-1,33,34,32,-1,32,34,35,-1,35,34,36,-1,34,37,36,-1,36,38,39,-1,39,38,40,-1,37,38,36,-1,38,41,40,-1,41,42,40,-1,40,42,43,-1,42,44,43,-1,43,44,45,-1,45,44,46,-1,44,47,46,-1,47,48,46,-1,46,48,49,-1,48,50,49,-1,49,50,51,-1,50,52,51,-1,51,52,53,-1,52,54,53,-1,53,54,55,-1,54,56,55,-1,55,56,57,-1,56,58,57,-1,57,58,59,-1,58,60,59,-1,59,60,61,-1,60,62,61,-1,61,62,63,-1,62,64,63,-1,63,64,65,-1,64,66,65,-1,65,66,67,-1,66,68,67,-1,67,68,69,-1,68,70,69,-1,69,70,71,-1,70,72,71,-1,71,72,73,-1,73,74,75,-1,72,74,73,-1,75,76,77,-1,74,76,75,-1,77,78,79,-1,76,78,77,-1,79,80,81,-1,78,80,79,-1,81,82,83,-1,83,82,84,-1,80,82,81,-1,82,85,84,-1,85,86,84,-1,84,86,87,-1,87,86,88,-1,86,89,88,-1,88,90,91,-1,89,90,88,-1,91,92,93,-1,93,92,94,-1,90,92,91,-1,92,95,94,-1,94,96,97,-1,95,96,94,-1,97,98,99,-1,99,98,100,-1,96,98,97,-1,98,101,100,-1,100,102,103,-1,103,102,104,-1,101,102,100,-1,102,105,104,-1,104,106,107,-1,105,106,104,-1,107,108,109,-1,109,108,110,-1,106,108,107,-1,108,111,110,-1,110,112,113,-1,111,112,110,-1,113,114,115,-1,115,114,116,-1,112,114,113,-1,116,117,118,-1,114,117,116,-1,117,119,118,-1,118,120,121,-1,121,120,122,-1,119,120,118,-1,120,123,122,-1,122,124,125,-1,123,124,122,-1,125,126,127,-1,124,126,125,-1]
coord Coordinate { point [0 -0.728345 1.37795,0.036305 -0.72744 1.37795,0 -0.728345 1.29921,0.036305 -0.72744 1.29921,0.0725197 -0.724726 1.37795,0.0725197 -0.724726 1.29921,0.108554 -0.72021 1.37795,0.108554 -0.72021 1.29921,0.144319 -0.713904 1.37795,0.144319 -0.713904 1.29921,0.179725 -0.705823 1.37795,0.179725 -0.705823 1.29921,0.214683 -0.695987 1.37795,0.214683 -0.695987 1.29921,0.249109 -0.68442 1.37795,0.249109 -0.68442 1.29921,0.282915 -0.671153 1.37795,0.282915 -0.671153 1.29921,0.316017 -0.656216 1.37795,0.316017 -0.656216 1.29921,0.348334 -0.639648 1.37795,0.348334 -0.639648 1.29921,0.379785 -0.62149 1.37795,0.379785 -0.62149 1.29921,0.410291 -0.601787 1.37795,0.410291 -0.601787 1.29921,0.439778 -0.580587 1.37795,0.439778 -0.580587 1.29921,0.468171 -0.557945 1.37795,0.468171 -0.557945 1.29921,0.4954 -0.533915 1.37795,0.4954 -0.533915 1.29921,0.521398 -0.508557 1.29921,0.521398 -0.508557 1.37795,0.546099 -0.481936 1.37795,0.546099 -0.481936 1.29921,0.569443 -0.454116 1.29921,0.569443 -0.454116 1.37795,0.591371 -0.425167 1.37795,0.591371 -0.425167 1.29921,0.611829 -0.395161 1.29921,0.611829 -0.395161 1.37795,0.630765 -0.364172 1.37795,0.630765 -0.364172 1.29921,0.648134 -0.332279 1.37795,0.648134 -0.332279 1.29921,0.663891 -0.299559 1.29921,0.663891 -0.299559 1.37795,0.677997 -0.266094 1.37795,0.677997 -0.266094 1.29921,0.690418 -0.231968 1.37795,0.690418 -0.231968 1.29921,0.701123 -0.197265 1.37795,0.701123 -0.197265 1.29921,0.710084 -0.162072 1.37795,0.710084 -0.162072 1.29921,0.71728 -0.126476 1.37795,0.71728 -0.126476 1.29921,0.722692 -0.0905651 1.37795,0.722692 -0.0905651 1.29921,0.726308 -0.0544293 1.37795,0.726308 -0.0544293 1.29921,0.728119 -0.0181581 1.37795,0.728119 -0.0181581 1.29921,0.728119 0.0181581 1.37795,0.728119 0.0181581 1.29921,0.726308 0.0544293 1.37795,0.726308 0.0544293 1.29921,0.722692 0.0905651 1.37795,0.722692 0.0905651 1.29921,0.71728 0.126476 1.37795,0.71728 0.126476 1.29921,0.710084 0.162072 1.37795,0.710084 0.162072 1.29921,0.701123 0.197265 1.37795,0.701123 0.197265 1.29921,0.690418 0.231968 1.37795,0.690418 0.231968 1.29921,0.677997 0.266094 1.37795,0.677997 0.266094 1.29921,0.663891 0.299559 1.37795,0.663891 0.299559 1.29921,0.648134 0.332279 1.37795,0.648134 0.332279 1.29921,0.630765 0.364172 1.29921,0.630765 0.364172 1.37795,0.611829 0.395161 1.37795,0.611829 0.395161 1.29921,0.591371 0.425167 1.29921,0.591371 0.425167 1.37795,0.569443 0.454116 1.37795,0.569443 0.454116 1.29921,0.546099 0.481936 1.37795,0.546099 0.481936 1.29921,0.521398 0.508557 1.29921,0.521398 0.508557 1.37795,0.4954 0.533915 1.37795,0.4954 0.533915 1.29921,0.468171 0.557945 1.37795,0.468171 0.557945 1.29921,0.439778 0.580587 1.29921,0.439778 0.580587 1.37795,0.410291 0.601787 1.37795,0.410291 0.601787 1.29921,0.379785 0.62149 1.29921,0.379785 0.62149 1.37795,0.348334 0.639648 1.37795,0.348334 0.639648 1.29921,0.316017 0.656216 1.37795,0.316017 0.656216 1.29921,0.282915 0.671153 1.29921,0.282915 0.671153 1.37795,0.249109 0.68442 1.37795,0.249109 0.68442 1.29921,0.214683 0.695987 1.37795,0.214683 0.695987 1.29921,0.179725 0.705823 1.29921,0.179725 0.705823 1.37795,0.144319 0.713904 1.29921,0.144319 0.713904 1.37795,0.108554 0.72021 1.37795,0.108554 0.72021 1.29921,0.0725197 0.724726 1.29921,0.0725197 0.724726 1.37795,0.036305 0.72744 1.37795,0.036305 0.72744 1.29921,8.7419e-17 0.728345 1.37795,8.7419e-17 0.728345 1.29921]
}}
appearance Appearance{material USE PIN-01 }}
Shape { geometry IndexedFaceSet 
{ creaseAngle 1.00 coordIndex [0,1,2,-1,2,1,3,-1,3,4,5,-1,1,4,3,-1,5,6,7,-1,4,6,5,-1,7,8,9,-1,6,8,7,-1,9,10,11,-1,8,10,9,-1,11,12,13,-1,10,12,11,-1,13,14,15,-1,12,14,13,-1,16,17,18,-1,15,17,16,-1,14,17,15,-1,17,19,18,-1,18,20,21,-1,19,20,18,-1,21,22,23,-1,20,22,21,-1,23,24,25,-1,22,24,23,-1,25,26,27,-1,24,26,25,-1,27,28,29,-1,26,28,27,-1,28,30,29,-1,29,30,31,-1,30,32,31,-1,31,32,33,-1,32,34,33,-1,33,34,35,-1,34,36,35,-1,35,36,37,-1,37,38,39,-1,36,38,37,-1,39,40,41,-1,38,40,39,-1,41,42,43,-1,40,42,41,-1]
coord Coordinate { point [-0.885825 -0.649605 1.29921,-0.850618 -0.652243 1.29921,-0.885825 -0.649605 1.37795,-0.850618 -0.652243 1.37795,-0.816198 -0.6601 1.29921,-0.816198 -0.6601 1.37795,-0.783333 -0.672998 1.29921,-0.783333 -0.672998 1.37795,-0.752758 -0.690651 1.29921,-0.752758 -0.690651 1.37795,-0.725155 -0.712663 1.29921,-0.725155 -0.712663 1.37795,-0.701141 -0.738544 1.29921,-0.701141 -0.738544 1.37795,-0.681252 -0.767715 1.29921,-0.681252 -0.767715 1.37795,-0.665934 -0.799524 1.37795,-0.665934 -0.799524 1.29921,-0.655528 -0.833261 1.37795,-0.655528 -0.833261 1.29921,-0.650266 -0.868172 1.29921,-0.650266 -0.868172 1.37795,-0.650266 -0.903478 1.29921,-0.650266 -0.903478 1.37795,-0.655528 -0.938389 1.29921,-0.655528 -0.938389 1.37795,-0.665934 -0.972126 1.29921,-0.665934 -0.972126 1.37795,-0.681252 -1.00393 1.29921,-0.681252 -1.00393 1.37795,-0.701141 -1.03311 1.29921,-0.701141 -1.03311 1.37795,-0.725155 -1.05899 1.29921,-0.725155 -1.05899 1.37795,-0.752758 -1.081 1.29921,-0.752758 -1.081 1.37795,-0.783333 -1.09865 1.29921,-0.783333 -1.09865 1.37795,-0.816198 -1.11155 1.29921,-0.816198 -1.11155 1.37795,-0.850618 -1.11941 1.29921,-0.850618 -1.11941 1.37795,-0.885825 -1.12204 1.29921,-0.885825 -1.12204 1.37795]
}}
appearance Appearance{material USE PIN-01 }}
Shape { geometry IndexedFaceSet 
{ creaseAngle 1.00 coordIndex [0,1,2,-1,2,1,3,-1,3,4,5,-1,1,4,3,-1,5,6,7,-1,4,6,5,-1,7,8,9,-1,6,8,7,-1,9,10,11,-1,8,10,9,-1,11,12,13,-1,10,12,11,-1,13,14,15,-1,12,14,13,-1,16,17,18,-1,15,17,16,-1,14,17,15,-1,17,19,18,-1,18,20,21,-1,19,20,18,-1,21,22,23,-1,20,22,21,-1,23,24,25,-1,22,24,23,-1,25,26,27,-1,24,26,25,-1,27,28,29,-1,26,28,27,-1,28,30,29,-1,29,30,31,-1,30,32,31,-1,31,32,33,-1,32,34,33,-1,33,34,35,-1,34,36,35,-1,35,36,37,-1,37,38,39,-1,36,38,37,-1,39,40,41,-1,38,40,39,-1,41,42,43,-1,40,42,41,-1]
coord Coordinate { point [0.885825 -0.649605 1.29921,0.921032 -0.652243 1.29921,0.885825 -0.649605 1.37795,0.921032 -0.652243 1.37795,0.955452 -0.6601 1.29921,0.955452 -0.6601 1.37795,0.988317 -0.672998 1.29921,0.988317 -0.672998 1.37795,1.01889 -0.690651 1.29921,1.01889 -0.690651 1.37795,1.0465 -0.712663 1.29921,1.0465 -0.712663 1.37795,1.07051 -0.738544 1.29921,1.07051 -0.738544 1.37795,1.0904 -0.767715 1.29921,1.0904 -0.767715 1.37795,1.10572 -0.799524 1.37795,1.10572 -0.799524 1.29921,1.11612 -0.833261 1.37795,1.11612 -0.833261 1.29921,1.12138 -0.868172 1.29921,1.12138 -0.868172 1.37795,1.12138 -0.903478 1.29921,1.12138 -0.903478 1.37795,1.11612 -0.938389 1.29921,1.11612 -0.938389 1.37795,1.10572 -0.972126 1.29921,1.10572 -0.972126 1.37795,1.0904 -1.00393 1.29921,1.0904 -1.00393 1.37795,1.07051 -1.03311 1.29921,1.07051 -1.03311 1.37795,1.0465 -1.05899 1.29921,1.0465 -1.05899 1.37795,1.01889 -1.081 1.29921,1.01889 -1.081 1.37795,0.988317 -1.09865 1.29921,0.988317 -1.09865 1.37795,0.955452 -1.11155 1.29921,0.955452 -1.11155 1.37795,0.921032 -1.11941 1.29921,0.921032 -1.11941 1.37795,0.885825 -1.12204 1.29921,0.885825 -1.12204 1.37795]
}}
appearance Appearance{material USE PIN-01 }}
Shape { geometry IndexedFaceSet 
{ creaseAngle 1.00 coordIndex [0,1,2,-1,2,1,3,-1,3,4,5,-1,1,4,3,-1,5,6,7,-1,4,6,5,-1,7,8,9,-1,6,8,7,-1,9,10,11,-1,8,10,9,-1,11,12,13,-1,10,12,11,-1,13,14,15,-1,12,14,13,-1,16,17,18,-1,15,17,16,-1,14,17,15,-1,17,19,18,-1,18,20,21,-1,19,20,18,-1,21,22,23,-1,20,22,21,-1,23,24,25,-1,22,24,23,-1,25,26,27,-1,24,26,25,-1,27,28,29,-1,26,28,27,-1,28,30,29,-1,29,30,31,-1,30,32,31,-1,31,32,33,-1,32,34,33,-1,33,34,35,-1,34,36,35,-1,35,36,37,-1,37,38,39,-1,36,38,37,-1,39,40,41,-1,38,40,39,-1,41,42,43,-1,40,42,41,-1]
coord Coordinate { point [0.885825 1.12205 1.29921,0.921032 1.11941 1.29921,0.885825 1.12205 1.37795,0.921032 1.11941 1.37795,0.955452 1.11155 1.29921,0.955452 1.11155 1.37795,0.988317 1.09865 1.29921,0.988317 1.09865 1.37795,1.01889 1.081 1.29921,1.01889 1.081 1.37795,1.0465 1.05899 1.29921,1.0465 1.05899 1.37795,1.07051 1.03311 1.29921,1.07051 1.03311 1.37795,1.0904 1.00394 1.29921,1.0904 1.00394 1.37795,1.10572 0.972126 1.37795,1.10572 0.972126 1.29921,1.11612 0.938389 1.37795,1.11612 0.938389 1.29921,1.12138 0.903478 1.29921,1.12138 0.903478 1.37795,1.12138 0.868172 1.29921,1.12138 0.868172 1.37795,1.11612 0.833261 1.29921,1.11612 0.833261 1.37795,1.10572 0.799524 1.29921,1.10572 0.799524 1.37795,1.0904 0.767715 1.29921,1.0904 0.767715 1.37795,1.07051 0.738544 1.29921,1.07051 0.738544 1.37795,1.0465 0.712663 1.29921,1.0465 0.712663 1.37795,1.01889 0.690651 1.29921,1.01889 0.690651 1.37795,0.988317 0.672998 1.29921,0.988317 0.672998 1.37795,0.955452 0.6601 1.29921,0.955452 0.6601 1.37795,0.921032 0.652243 1.29921,0.921032 0.652243 1.37795,0.885825 0.649605 1.29921,0.885825 0.649605 1.37795]
}}
appearance Appearance{material USE PIN-01 }}
Shape { geometry IndexedFaceSet 
{ creaseAngle 1.00 coordIndex [0,1,2,-1,2,1,3,-1,3,4,5,-1,1,4,3,-1,5,6,7,-1,4,6,5,-1,7,8,9,-1,6,8,7,-1,9,10,11,-1,8,10,9,-1,11,12,13,-1,10,12,11,-1,13,14,15,-1,12,14,13,-1,16,17,18,-1,15,17,16,-1,14,17,15,-1,17,19,18,-1,18,20,21,-1,19,20,18,-1,21,22,23,-1,20,22,21,-1,23,24,25,-1,22,24,23,-1,25,26,27,-1,24,26,25,-1,27,28,29,-1,26,28,27,-1,28,30,29,-1,29,30,31,-1,30,32,31,-1,31,32,33,-1,32,34,33,-1,33,34,35,-1,34,36,35,-1,35,36,37,-1,37,38,39,-1,36,38,37,-1,39,40,41,-1,38,40,39,-1,41,42,43,-1,40,42,41,-1]
coord Coordinate { point [-0.885825 1.12205 1.29921,-0.850618 1.11941 1.29921,-0.885825 1.12205 1.37795,-0.850618 1.11941 1.37795,-0.816198 1.11155 1.29921,-0.816198 1.11155 1.37795,-0.783333 1.09865 1.29921,-0.783333 1.09865 1.37795,-0.752758 1.081 1.29921,-0.752758 1.081 1.37795,-0.725155 1.05899 1.29921,-0.725155 1.05899 1.37795,-0.701141 1.03311 1.29921,-0.701141 1.03311 1.37795,-0.681252 1.00394 1.29921,-0.681252 1.00394 1.37795,-0.665934 0.972126 1.37795,-0.665934 0.972126 1.29921,-0.655528 0.938389 1.37795,-0.655528 0.938389 1.29921,-0.650266 0.903478 1.29921,-0.650266 0.903478 1.37795,-0.650266 0.868172 1.29921,-0.650266 0.868172 1.37795,-0.655528 0.833261 1.29921,-0.655528 0.833261 1.37795,-0.665934 0.799524 1.29921,-0.665934 0.799524 1.37795,-0.681252 0.767715 1.29921,-0.681252 0.767715 1.37795,-0.701141 0.738544 1.29921,-0.701141 0.738544 1.37795,-0.725155 0.712663 1.29921,-0.725155 0.712663 1.37795,-0.752758 0.690651 1.29921,-0.752758 0.690651 1.37795,-0.783333 0.672998 1.29921,-0.783333 0.672998 1.37795,-0.816198 0.6601 1.29921,-0.816198 0.6601 1.37795,-0.850618 0.652243 1.29921,-0.850618 0.652243 1.37795,-0.885825 0.649605 1.29921,-0.885825 0.649605 1.37795]
}}
appearance Appearance{material USE PIN-01 }}
Shape { geometry IndexedFaceSet 
{ creaseAngle 1.00 coordIndex [0,1,2,-1,3,0,2,-1,4,0,3,-1,5,0,4,-1,6,4,3,-1,7,0,5,-1,8,6,3,-1,9,0,7,-1,10,8,3,-1,11,0,9,-1,12,10,3,-1,13,0,11,-1,14,12,3,-1,15,0,13,-1,16,14,3,-1,17,0,15,-1,18,19,20,-1,18,21,19,-1,22,23,19,-1,22,19,21,-1,24,20,25,-1,24,18,20,-1,26,27,23,-1,26,23,22,-1,28,25,29,-1,28,24,25,-1,30,31,27,-1,30,27,26,-1,32,28,29,-1,33,31,30,-1,34,32,29,-1,34,29,35,-1,36,37,31,-1,36,31,33,-1,38,34,35,-1,38,35,39,-1,40,37,36,-1,40,41,37,-1,42,38,39,-1,42,39,43,-1,44,41,40,-1,45,42,43,-1,46,41,44,-1,46,47,41,-1,48,45,43,-1,48,43,49,-1,50,47,46,-1,50,51,47,-1,52,48,49,-1,53,51,50,-1,54,52,49,-1,54,49,55,-1,56,51,53,-1,56,57,51,-1,58,54,55,-1,58,55,59,-1,60,57,56,-1,61,58,59,-1,62,57,60,-1,62,63,57,-1,64,61,59,-1,64,59,65,-1,66,63,62,-1,67,64,65,-1,68,63,66,-1,68,69,63,-1,70,67,65,-1,71,68,72,-1,71,69,68,-1,71,73,69,-1,74,73,71,-1,75,76,77,-1,75,78,70,-1,75,79,78,-1,75,70,65,-1,75,65,76,-1,80,81,82,-1,80,72,81,-1,80,71,72,-1,83,77,76,-1,83,76,84,-1,85,86,79,-1,85,87,86,-1,85,79,75,-1,88,73,74,-1,88,89,73,-1,90,91,92,-1,90,82,91,-1,90,80,82,-1,93,83,84,-1,93,84,94,-1,95,89,88,-1,95,96,89,-1,97,98,87,-1,97,87,85,-1,99,100,101,-1,99,92,100,-1,99,90,92,-1,102,93,94,-1,102,103,16,-1,102,94,103,-1,104,105,98,-1,104,106,105,-1,104,98,97,-1,107,96,95,-1,107,17,96,-1,108,101,109,-1,108,99,101,-1,110,102,16,-1,111,112,106,-1,111,113,112,-1,111,106,104,-1,114,115,116,-1,114,109,115,-1,114,108,109,-1,117,118,113,-1,117,113,111,-1,119,116,120,-1,119,114,116,-1,121,122,118,-1,121,118,117,-1,123,119,120,-1,123,124,125,-1,123,120,124,-1,126,127,122,-1,126,128,127,-1,126,122,121,-1,129,123,125,-1,129,125,130,-1,131,132,128,-1,131,128,126,-1,133,129,130,-1,133,130,134,-1,135,136,137,-1,135,138,136,-1,135,139,138,-1,135,140,139,-1,135,107,140,-1,141,110,16,-1,141,16,3,-1,141,142,110,-1,141,143,142,-1,141,144,143,-1,141,145,144,-1,141,146,145,-1,147,135,137,-1,148,149,132,-1,148,132,131,-1,150,134,151,-1,150,133,134,-1,152,146,141,-1,153,135,147,-1,154,149,148,-1,155,149,154,-1,156,157,150,-1,156,150,151,-1,158,159,160,-1,158,160,135,-1,158,135,153,-1,161,141,162,-1,161,162,163,-1,161,152,141,-1,161,164,152,-1,165,158,153,-1,166,155,154,-1,166,154,167,-1,168,164,161,-1,169,157,156,-1,169,170,157,-1,171,158,165,-1,172,167,173,-1,172,166,167,-1,174,168,161,-1,175,176,170,-1,175,170,169,-1,177,158,171,-1,178,173,179,-1,178,172,173,-1,180,174,161,-1,181,176,175,-1,182,158,177,-1,183,178,179,-1,184,180,161,-1,185,158,182,-1,186,187,176,-1,186,176,181,-1,188,184,161,-1,189,179,190,-1,189,183,179,-1,191,158,185,-1,192,188,161,-1,193,194,187,-1,193,187,186,-1,195,190,196,-1,195,189,190,-1,197,198,194,-1,197,194,193,-1,199,195,196,-1,200,198,197,-1,201,199,196,-1,201,196,202,-1,203,204,198,-1,203,198,200,-1,205,201,202,-1,205,202,206,-1,207,204,203,-1,208,205,206,-1,209,210,204,-1,209,204,207,-1,211,208,206,-1,211,206,212,-1,213,214,210,-1,213,210,209,-1,215,211,212,-1,216,214,213,-1,217,215,212,-1,217,212,218,-1,219,220,214,-1,219,214,216,-1,221,217,218,-1,222,220,219,-1,223,221,218,-1,223,218,224,-1,225,220,222,-1,226,227,228,-1,226,229,227,-1,230,231,229,-1,230,229,226,-1,232,228,233,-1,232,226,228,-1,234,231,230,-1,234,235,231,-1,236,232,233,-1,236,233,237,-1,238,239,235,-1,238,240,239,-1,238,235,234,-1,241,236,237,-1,241,242,243,-1,241,237,242,-1,244,245,240,-1,244,240,238,-1,246,241,243,-1,246,243,247,-1,248,245,244,-1,248,249,245,-1,250,246,247,-1,250,251,252,-1,250,247,251,-1,253,249,248,-1,253,254,249,-1,253,255,254,-1,256,250,252,-1,256,252,257,-1,258,255,253,-1,258,259,255,-1,258,260,259,-1,261,256,257,-1,261,262,263,-1,261,257,262,-1,264,265,260,-1,264,260,258,-1,266,267,268,-1,266,263,267,-1,266,261,263,-1,269,265,264,-1,269,270,265,-1,269,271,270,-1,272,273,274,-1,272,268,273,-1,272,266,268,-1,275,220,225,-1,275,271,269,-1,275,276,271,-1,275,225,276,-1,277,274,223,-1,277,272,274,-1,277,223,224,-1,278,279,220,-1,278,220,275,-1,280,277,224,-1,280,224,281,-1,282,283,279,-1,282,279,278,-1,284,285,286,-1,284,281,285,-1,284,280,281,-1,287,284,286,-1,288,286,192,-1,288,287,286,-1,289,290,291,-1,289,292,293,-1,289,294,292,-1,289,295,294,-1,289,296,295,-1,289,291,296,-1,297,289,293,-1,297,298,288,-1,297,299,298,-1,297,300,299,-1,297,301,300,-1,297,302,301,-1,297,303,302,-1,297,293,303,-1,304,289,297,-1,304,297,305,-1,289,158,191,-1,289,191,306,-1,289,306,307,-1,289,307,283,-1,289,283,290,-1,290,283,308,-1,308,283,309,-1,309,283,282,-1,135,0,107,-1,107,0,17,-1,161,297,288,-1,161,288,192,-1]
coord Coordinate { point [-1.1811 -1.12204 1.37795,-1.17319 -1.15157 1.37795,-1.15157 -1.17319 1.37795,-1.12204 -1.1811 1.37795,-1.0465 -1.05899 1.37795,-1.07051 -1.03311 1.37795,-1.01889 -1.081 1.37795,-1.0904 -1.00393 1.37795,-0.988317 -1.09865 1.37795,-1.10572 -0.972126 1.37795,-0.955452 -1.11155 1.37795,-1.11612 -0.938389 1.37795,-0.921032 -1.11941 1.37795,-1.12138 -0.903478 1.37795,-0.885825 -1.12204 1.37795,-1.12138 -0.868172 1.37795,-0.850618 -1.11941 1.37795,-1.11612 -0.833261 1.37795,-0.4954 -0.533915 1.37795,-0.725155 -0.712663 1.37795,-0.701141 -0.738544 1.37795,-0.521398 -0.508557 1.37795,-0.546099 -0.481936 1.37795,-0.752758 -0.690651 1.37795,-0.468171 -0.557945 1.37795,-0.681252 -0.767715 1.37795,-0.569443 -0.454116 1.37795,-0.783333 -0.672998 1.37795,-0.439778 -0.580587 1.37795,-0.665934 -0.799524 1.37795,-0.591371 -0.425167 1.37795,-0.816198 -0.6601 1.37795,-0.410291 -0.601787 1.37795,-0.611829 -0.395161 1.37795,-0.379785 -0.62149 1.37795,-0.655528 -0.833261 1.37795,-0.630765 -0.364173 1.37795,-0.850618 -0.652243 1.37795,-0.348334 -0.639648 1.37795,-0.650266 -0.868172 1.37795,-0.648134 -0.332279 1.37795,-0.885825 -0.649605 1.37795,-0.316017 -0.656216 1.37795,-0.650266 -0.903478 1.37795,-0.663891 -0.299559 1.37795,-0.282915 -0.671153 1.37795,-0.677997 -0.266094 1.37795,-0.921032 -0.652243 1.37795,-0.249109 -0.68442 1.37795,-0.655528 -0.938389 1.37795,-0.690418 -0.231968 1.37795,-0.955452 -0.6601 1.37795,-0.214683 -0.695987 1.37795,-0.701123 -0.197265 1.37795,-0.179725 -0.705823 1.37795,-0.665934 -0.972126 1.37795,-0.710084 -0.162072 1.37795,-0.988317 -0.672998 1.37795,-0.144319 -0.713904 1.37795,-0.681252 -1.00393 1.37795,-0.71728 -0.126476 1.37795,-0.108554 -0.72021 1.37795,-0.722692 -0.0905651 1.37795,-1.01889 -0.690651 1.37795,-0.0725197 -0.724726 1.37795,-0.701141 -1.03311 1.37795,-0.726308 -0.0544293 1.37795,-0.036305 -0.72744 1.37795,-0.728119 -0.0181581 1.37795,-1.0465 -0.712663 1.37795,0 -0.728345 1.37795,-1.0465 0.712663 1.37795,-0.728119 0.0181581 1.37795,-1.07051 -0.738544 1.37795,-1.07051 0.738544 1.37795,0.701141 -1.03311 1.37795,-0.725155 -1.05899 1.37795,0.725155 -1.05899 1.37795,0.036305 -0.72744 1.37795,0.0725197 -0.724726 1.37795,-1.01889 0.690651 1.37795,-0.726308 0.0544293 1.37795,-0.722692 0.0905651 1.37795,0.752758 -1.081 1.37795,-0.752758 -1.081 1.37795,0.681252 -1.00393 1.37795,0.108554 -0.72021 1.37795,0.144319 -0.713904 1.37795,-1.0904 0.767715 1.37795,-1.0904 -0.767715 1.37795,-0.988317 0.672998 1.37795,-0.71728 0.126476 1.37795,-0.710084 0.162072 1.37795,0.783333 -1.09865 1.37795,-0.783333 -1.09865 1.37795,-1.10572 0.799524 1.37795,-1.10572 -0.799524 1.37795,0.665934 -0.972126 1.37795,0.179725 -0.705823 1.37795,-0.955452 0.6601 1.37795,-0.701123 0.197265 1.37795,-0.690418 0.231968 1.37795,0.816198 -1.11155 1.37795,-0.816198 -1.11155 1.37795,0.655528 -0.938389 1.37795,0.214683 -0.695987 1.37795,0.249109 -0.68442 1.37795,-1.11612 0.833261 1.37795,-0.921032 0.652243 1.37795,-0.677997 0.266094 1.37795,0.850618 -1.11941 1.37795,0.650266 -0.903478 1.37795,0.282915 -0.671153 1.37795,0.316017 -0.656216 1.37795,-0.885825 0.649605 1.37795,-0.663891 0.299559 1.37795,-0.648134 0.332279 1.37795,0.650266 -0.868172 1.37795,0.348334 -0.639648 1.37795,-0.850618 0.652243 1.37795,-0.630765 0.364172 1.37795,0.655528 -0.833261 1.37795,0.379785 -0.62149 1.37795,-0.816198 0.6601 1.37795,-0.611829 0.395161 1.37795,-0.591371 0.425167 1.37795,0.665934 -0.799524 1.37795,0.410291 -0.601787 1.37795,0.439778 -0.580587 1.37795,-0.783333 0.672998 1.37795,-0.569443 0.454116 1.37795,0.681252 -0.767715 1.37795,0.468171 -0.557945 1.37795,-0.752758 0.690651 1.37795,-0.546099 0.481936 1.37795,-1.1811 1.12205 1.37795,-1.10572 0.972126 1.37795,-1.0904 1.00394 1.37795,-1.11612 0.938389 1.37795,-1.12138 0.903478 1.37795,-1.12138 0.868172 1.37795,1.12204 -1.1811 1.37795,0.885825 -1.12204 1.37795,0.921032 -1.11941 1.37795,0.955452 -1.11155 1.37795,0.988317 -1.09865 1.37795,1.01889 -1.081 1.37795,-1.07051 1.03311 1.37795,0.701141 -0.738544 1.37795,0.4954 -0.533915 1.37795,-0.725155 0.712663 1.37795,-0.521398 0.508557 1.37795,1.0465 -1.05899 1.37795,-1.0465 1.05899 1.37795,0.725155 -0.712663 1.37795,0.521398 -0.508557 1.37795,-0.4954 0.533915 1.37795,-0.701141 0.738544 1.37795,-1.12204 1.1811 1.37795,-1.15157 1.17319 1.37795,-1.17319 1.15157 1.37795,1.1811 -1.12204 1.37795,1.15157 -1.17319 1.37795,1.17319 -1.15157 1.37795,1.07051 -1.03311 1.37795,-1.01889 1.081 1.37795,0.546099 -0.481936 1.37795,0.752758 -0.690651 1.37795,1.0904 -1.00393 1.37795,-0.468171 0.557945 1.37795,-0.681252 0.767715 1.37795,-0.988317 1.09865 1.37795,0.569443 -0.454116 1.37795,0.783333 -0.672998 1.37795,1.10572 -0.972126 1.37795,-0.439778 0.580587 1.37795,-0.665934 0.799524 1.37795,-0.955452 1.11155 1.37795,0.591371 -0.425167 1.37795,0.816198 -0.6601 1.37795,1.11612 -0.938389 1.37795,-0.410291 0.601787 1.37795,-0.921032 1.11941 1.37795,0.611829 -0.395161 1.37795,1.12138 -0.903478 1.37795,-0.885825 1.12205 1.37795,-0.379785 0.62149 1.37795,-0.655528 0.833261 1.37795,1.12138 -0.868172 1.37795,0.630765 -0.364172 1.37795,0.850618 -0.652243 1.37795,-0.850618 1.11941 1.37795,1.11612 -0.833261 1.37795,-0.348334 0.639648 1.37795,-0.650266 0.868172 1.37795,0.648134 -0.332279 1.37795,0.885825 -0.649605 1.37795,-0.316017 0.656216 1.37795,-0.650266 0.903478 1.37795,0.663891 -0.299559 1.37795,-0.282915 0.671153 1.37795,0.677997 -0.266094 1.37795,0.921032 -0.652243 1.37795,-0.249109 0.68442 1.37795,-0.655528 0.938389 1.37795,0.690418 -0.231968 1.37795,0.955452 -0.6601 1.37795,-0.214683 0.695987 1.37795,0.701123 -0.197265 1.37795,-0.179725 0.705823 1.37795,-0.665934 0.972126 1.37795,0.710084 -0.162072 1.37795,0.988317 -0.672998 1.37795,-0.144319 0.713904 1.37795,-0.681252 1.00394 1.37795,0.71728 -0.126476 1.37795,-0.108554 0.72021 1.37795,0.722692 -0.0905651 1.37795,1.01889 -0.690651 1.37795,-0.0725197 0.724726 1.37795,-0.701141 1.03311 1.37795,0.726308 -0.0544293 1.37795,-0.036305 0.72744 1.37795,0.728119 -0.0181581 1.37795,1.0465 -0.712663 1.37795,8.7419e-17 0.728345 1.37795,0.725155 0.712663 1.37795,0.521398 0.508557 1.37795,0.546099 0.481936 1.37795,0.4954 0.533915 1.37795,0.701141 0.738544 1.37795,0.468171 0.557945 1.37795,0.752758 0.690651 1.37795,0.569443 0.454116 1.37795,0.681252 0.767715 1.37795,0.439778 0.580587 1.37795,0.783333 0.672998 1.37795,0.591371 0.425167 1.37795,0.665934 0.799524 1.37795,0.410291 0.601787 1.37795,0.379785 0.62149 1.37795,0.816198 0.6601 1.37795,0.611829 0.395161 1.37795,0.630765 0.364172 1.37795,0.655528 0.833261 1.37795,0.348334 0.639648 1.37795,0.850618 0.652243 1.37795,0.648134 0.332279 1.37795,0.650266 0.868172 1.37795,0.316017 0.656216 1.37795,0.885825 0.649605 1.37795,0.663891 0.299559 1.37795,0.677997 0.266094 1.37795,0.650266 0.903478 1.37795,0.282915 0.671153 1.37795,0.249109 0.68442 1.37795,0.921032 0.652243 1.37795,0.690418 0.231968 1.37795,0.655528 0.938389 1.37795,0.214683 0.695987 1.37795,0.179725 0.705823 1.37795,0.955452 0.6601 1.37795,0.701123 0.197265 1.37795,0.710084 0.162072 1.37795,0.665934 0.972126 1.37795,0.144319 0.713904 1.37795,0.988317 0.672998 1.37795,0.71728 0.126476 1.37795,0.722692 0.0905651 1.37795,0.681252 1.00394 1.37795,0.108554 0.72021 1.37795,0.0725197 0.724726 1.37795,1.01889 0.690651 1.37795,0.726308 0.0544293 1.37795,0.728119 0.0181581 1.37795,0.701141 1.03311 1.37795,0.036305 0.72744 1.37795,1.0465 0.712663 1.37795,0.725155 1.05899 1.37795,-0.725155 1.05899 1.37795,1.07051 0.738544 1.37795,1.07051 -0.738544 1.37795,0.752758 1.081 1.37795,-0.752758 1.081 1.37795,1.0904 0.767715 1.37795,1.0904 -0.767715 1.37795,1.10572 -0.799524 1.37795,1.10572 0.799524 1.37795,1.11612 0.833261 1.37795,1.12204 1.1811 1.37795,0.850618 1.11941 1.37795,0.885825 1.12205 1.37795,1.01889 1.081 1.37795,1.0465 1.05899 1.37795,0.988317 1.09865 1.37795,0.955452 1.11155 1.37795,0.921032 1.11941 1.37795,1.1811 1.12205 1.37795,1.12138 0.868172 1.37795,1.12138 0.903478 1.37795,1.11612 0.938389 1.37795,1.10572 0.972126 1.37795,1.0904 1.00394 1.37795,1.07051 1.03311 1.37795,1.15157 1.17319 1.37795,1.17319 1.15157 1.37795,-0.816198 1.11155 1.37795,-0.783333 1.09865 1.37795,0.816198 1.11155 1.37795,0.783333 1.09865 1.37795]
}}
appearance Appearance{material USE PIN-01 }}
Shape { geometry IndexedFaceSet 
{ creaseAngle 1.00 coordIndex [0,1,2,-1,3,1,0,-1,1,4,2,-1,1,5,4,-1,4,6,2,-1,1,7,5,-1,6,8,2,-1,1,9,7,-1,8,10,2,-1,1,11,9,-1,10,12,2,-1,1,13,11,-1,12,14,2,-1,1,15,13,-1,14,16,2,-1,1,17,15,-1,18,19,20,-1,20,19,21,-1,20,22,18,-1,23,22,20,-1,19,24,21,-1,21,24,25,-1,23,26,22,-1,27,26,23,-1,24,28,25,-1,25,28,29,-1,27,30,26,-1,31,30,27,-1,28,32,29,-1,31,33,30,-1,32,34,29,-1,29,34,35,-1,31,36,33,-1,37,36,31,-1,34,38,35,-1,35,38,39,-1,37,40,36,-1,41,40,37,-1,38,42,39,-1,39,42,43,-1,41,44,40,-1,42,45,43,-1,41,46,44,-1,47,46,41,-1,45,48,43,-1,43,48,49,-1,47,50,46,-1,51,50,47,-1,48,52,49,-1,51,53,50,-1,52,54,49,-1,49,54,55,-1,51,56,53,-1,57,56,51,-1,54,58,55,-1,55,58,59,-1,57,60,56,-1,58,61,59,-1,57,62,60,-1,63,62,57,-1,61,64,59,-1,59,64,65,-1,63,66,62,-1,64,67,65,-1,63,68,66,-1,69,68,63,-1,67,70,65,-1,69,71,68,-1,65,72,73,-1,69,74,71,-1,70,75,65,-1,76,75,70,-1,77,75,76,-1,65,75,72,-1,69,78,74,-1,79,78,69,-1,73,80,81,-1,72,80,73,-1,82,83,84,-1,71,83,82,-1,74,83,71,-1,77,85,75,-1,86,85,77,-1,87,85,86,-1,79,88,78,-1,89,88,79,-1,90,91,92,-1,84,91,90,-1,83,91,84,-1,80,93,81,-1,81,93,94,-1,87,95,85,-1,96,95,87,-1,89,97,88,-1,98,97,89,-1,17,97,98,-1,93,99,94,-1,100,99,16,-1,94,99,100,-1,101,102,103,-1,92,102,101,-1,91,102,92,-1,96,104,95,-1,105,104,96,-1,106,104,105,-1,17,107,97,-1,99,108,16,-1,103,109,110,-1,102,109,103,-1,106,111,104,-1,112,111,106,-1,113,111,112,-1,114,115,116,-1,110,115,114,-1,109,115,110,-1,113,117,111,-1,118,117,113,-1,116,119,120,-1,115,119,116,-1,118,121,117,-1,122,121,118,-1,123,124,125,-1,120,124,123,-1,119,124,120,-1,122,126,121,-1,127,126,122,-1,128,126,127,-1,125,129,130,-1,124,129,125,-1,128,131,126,-1,132,131,128,-1,129,133,130,-1,130,133,134,-1,135,136,137,-1,138,136,135,-1,139,136,138,-1,140,136,139,-1,16,136,2,-1,108,136,16,-1,137,136,108,-1,141,142,143,-1,144,142,141,-1,145,142,144,-1,146,142,145,-1,107,142,146,-1,132,147,131,-1,148,147,132,-1,142,149,143,-1,134,150,151,-1,133,150,134,-1,140,152,136,-1,142,153,149,-1,148,154,147,-1,148,155,154,-1,156,157,150,-1,150,157,151,-1,158,159,160,-1,136,159,158,-1,161,159,152,-1,152,159,136,-1,162,163,142,-1,164,163,162,-1,142,163,153,-1,163,165,153,-1,155,166,154,-1,154,166,167,-1,161,168,159,-1,156,169,157,-1,170,169,156,-1,163,171,165,-1,166,172,167,-1,167,172,173,-1,168,174,159,-1,175,176,170,-1,170,176,169,-1,163,177,171,-1,173,178,179,-1,172,178,173,-1,174,180,159,-1,175,181,176,-1,163,182,177,-1,178,183,179,-1,180,184,159,-1,163,185,182,-1,175,186,181,-1,187,186,175,-1,184,188,159,-1,183,189,179,-1,179,189,190,-1,163,191,185,-1,188,192,159,-1,187,193,186,-1,194,193,187,-1,189,195,190,-1,190,195,196,-1,197,198,194,-1,194,198,193,-1,195,199,196,-1,197,200,198,-1,196,201,202,-1,199,201,196,-1,203,204,197,-1,197,204,200,-1,202,205,206,-1,201,205,202,-1,203,207,204,-1,205,208,206,-1,203,209,207,-1,210,209,203,-1,206,211,212,-1,208,211,206,-1,210,213,209,-1,214,213,210,-1,211,215,212,-1,214,216,213,-1,212,217,218,-1,215,217,212,-1,219,220,214,-1,214,220,216,-1,217,221,218,-1,219,222,220,-1,218,223,224,-1,221,223,218,-1,219,225,222,-1,226,227,228,-1,229,227,226,-1,230,231,229,-1,229,231,227,-1,227,232,228,-1,228,232,233,-1,234,235,230,-1,230,235,231,-1,232,236,233,-1,233,236,237,-1,238,239,234,-1,240,239,238,-1,234,239,235,-1,241,242,243,-1,237,242,241,-1,236,242,237,-1,244,245,240,-1,240,245,239,-1,242,246,243,-1,243,246,247,-1,248,249,244,-1,244,249,245,-1,250,251,252,-1,247,251,250,-1,246,251,247,-1,253,254,248,-1,255,254,253,-1,248,254,249,-1,252,256,257,-1,251,256,252,-1,258,259,255,-1,260,259,258,-1,255,259,254,-1,256,261,257,-1,262,261,263,-1,257,261,262,-1,264,265,260,-1,260,265,259,-1,266,267,268,-1,263,267,266,-1,261,267,263,-1,269,270,264,-1,271,270,269,-1,264,270,265,-1,272,273,274,-1,268,273,272,-1,267,273,268,-1,275,276,271,-1,225,276,275,-1,271,276,270,-1,219,276,225,-1,274,277,223,-1,223,277,224,-1,273,277,274,-1,219,278,276,-1,279,278,219,-1,224,280,281,-1,277,280,224,-1,282,283,279,-1,279,283,278,-1,284,285,286,-1,281,285,284,-1,280,285,281,-1,285,287,286,-1,286,288,192,-1,287,288,286,-1,289,290,288,-1,291,290,289,-1,292,290,291,-1,293,290,292,-1,294,290,293,-1,295,290,294,-1,296,290,295,-1,297,298,299,-1,300,298,297,-1,301,298,300,-1,302,298,301,-1,303,298,302,-1,296,298,290,-1,299,298,296,-1,304,305,298,-1,298,305,290,-1,290,159,288,-1,288,159,192,-1,163,298,191,-1,191,298,306,-1,306,298,307,-1,307,298,282,-1,282,298,303,-1,282,303,308,-1,282,308,309,-1,282,309,283,-1,1,142,17,-1,17,142,107,-1]
coord Coordinate { point [-1.15157 -1.17319 1.29921,-1.1811 -1.12204 1.29921,-1.12204 -1.1811 1.29921,-1.17319 -1.15157 1.29921,-1.0465 -1.05899 1.29921,-1.07051 -1.03311 1.29921,-1.01889 -1.081 1.29921,-1.0904 -1.00393 1.29921,-0.988317 -1.09865 1.29921,-1.10572 -0.972126 1.29921,-0.955452 -1.11155 1.29921,-1.11612 -0.938389 1.29921,-0.921032 -1.11941 1.29921,-1.12138 -0.903478 1.29921,-0.885825 -1.12204 1.29921,-1.12138 -0.868172 1.29921,-0.850618 -1.11941 1.29921,-1.11612 -0.833261 1.29921,-0.521398 -0.508557 1.29921,-0.4954 -0.533915 1.29921,-0.725155 -0.712663 1.29921,-0.701141 -0.738544 1.29921,-0.546099 -0.481936 1.29921,-0.752758 -0.690651 1.29921,-0.468171 -0.557945 1.29921,-0.681252 -0.767715 1.29921,-0.569443 -0.454116 1.29921,-0.783333 -0.672998 1.29921,-0.439778 -0.580587 1.29921,-0.665934 -0.799524 1.29921,-0.591371 -0.425167 1.29921,-0.816198 -0.6601 1.29921,-0.410291 -0.601787 1.29921,-0.611829 -0.395161 1.29921,-0.379785 -0.62149 1.29921,-0.655528 -0.833261 1.29921,-0.630765 -0.364173 1.29921,-0.850618 -0.652243 1.29921,-0.348334 -0.639648 1.29921,-0.650266 -0.868172 1.29921,-0.648134 -0.332279 1.29921,-0.885825 -0.649605 1.29921,-0.316017 -0.656216 1.29921,-0.650266 -0.903478 1.29921,-0.663891 -0.299559 1.29921,-0.282915 -0.671153 1.29921,-0.677997 -0.266094 1.29921,-0.921032 -0.652243 1.29921,-0.249109 -0.68442 1.29921,-0.655528 -0.938389 1.29921,-0.690418 -0.231968 1.29921,-0.955452 -0.6601 1.29921,-0.214683 -0.695987 1.29921,-0.701123 -0.197265 1.29921,-0.179725 -0.705823 1.29921,-0.665934 -0.972126 1.29921,-0.710084 -0.162072 1.29921,-0.988317 -0.672998 1.29921,-0.144319 -0.713904 1.29921,-0.681252 -1.00393 1.29921,-0.71728 -0.126476 1.29921,-0.108554 -0.72021 1.29921,-0.722692 -0.0905651 1.29921,-1.01889 -0.690651 1.29921,-0.0725197 -0.724726 1.29921,-0.701141 -1.03311 1.29921,-0.726308 -0.0544293 1.29921,-0.036305 -0.72744 1.29921,-0.728119 -0.0181581 1.29921,-1.0465 -0.712663 1.29921,0 -0.728345 1.29921,-0.728119 0.0181581 1.29921,0.725155 -1.05899 1.29921,-0.725155 -1.05899 1.29921,-1.0465 0.712663 1.29921,0.701141 -1.03311 1.29921,0.036305 -0.72744 1.29921,0.0725197 -0.724726 1.29921,-1.07051 0.738544 1.29921,-1.07051 -0.738544 1.29921,0.752758 -1.081 1.29921,-0.752758 -1.081 1.29921,-0.726308 0.0544293 1.29921,-1.01889 0.690651 1.29921,-0.722692 0.0905651 1.29921,0.681252 -1.00393 1.29921,0.108554 -0.72021 1.29921,0.144319 -0.713904 1.29921,-1.0904 0.767715 1.29921,-1.0904 -0.767715 1.29921,-0.71728 0.126476 1.29921,-0.988317 0.672998 1.29921,-0.710084 0.162072 1.29921,0.783333 -1.09865 1.29921,-0.783333 -1.09865 1.29921,0.665934 -0.972126 1.29921,0.179725 -0.705823 1.29921,-1.10572 0.799524 1.29921,-1.10572 -0.799524 1.29921,0.816198 -1.11155 1.29921,-0.816198 -1.11155 1.29921,-0.701123 0.197265 1.29921,-0.955452 0.6601 1.29921,-0.690418 0.231968 1.29921,0.655528 -0.938389 1.29921,0.214683 -0.695987 1.29921,0.249109 -0.68442 1.29921,-1.11612 0.833261 1.29921,0.850618 -1.11941 1.29921,-0.921032 0.652243 1.29921,-0.677997 0.266094 1.29921,0.650266 -0.903478 1.29921,0.282915 -0.671153 1.29921,0.316017 -0.656216 1.29921,-0.663891 0.299559 1.29921,-0.885825 0.649605 1.29921,-0.648134 0.332279 1.29921,0.650266 -0.868172 1.29921,0.348334 -0.639648 1.29921,-0.850618 0.652243 1.29921,-0.630765 0.364172 1.29921,0.655528 -0.833261 1.29921,0.379785 -0.62149 1.29921,-0.611829 0.395161 1.29921,-0.816198 0.6601 1.29921,-0.591371 0.425167 1.29921,0.665934 -0.799524 1.29921,0.410291 -0.601787 1.29921,0.439778 -0.580587 1.29921,-0.783333 0.672998 1.29921,-0.569443 0.454116 1.29921,0.681252 -0.767715 1.29921,0.468171 -0.557945 1.29921,-0.752758 0.690651 1.29921,-0.546099 0.481936 1.29921,0.921032 -1.11941 1.29921,1.12204 -1.1811 1.29921,0.885825 -1.12204 1.29921,0.955452 -1.11155 1.29921,0.988317 -1.09865 1.29921,1.01889 -1.081 1.29921,-1.10572 0.972126 1.29921,-1.1811 1.12205 1.29921,-1.0904 1.00394 1.29921,-1.11612 0.938389 1.29921,-1.12138 0.903478 1.29921,-1.12138 0.868172 1.29921,0.701141 -0.738544 1.29921,0.4954 -0.533915 1.29921,-1.07051 1.03311 1.29921,-0.725155 0.712663 1.29921,-0.521398 0.508557 1.29921,1.0465 -1.05899 1.29921,-1.0465 1.05899 1.29921,0.725155 -0.712663 1.29921,0.521398 -0.508557 1.29921,-0.701141 0.738544 1.29921,-0.4954 0.533915 1.29921,1.15157 -1.17319 1.29921,1.1811 -1.12204 1.29921,1.17319 -1.15157 1.29921,1.07051 -1.03311 1.29921,-1.17319 1.15157 1.29921,-1.12204 1.1811 1.29921,-1.15157 1.17319 1.29921,-1.01889 1.081 1.29921,0.546099 -0.481936 1.29921,0.752758 -0.690651 1.29921,1.0904 -1.00393 1.29921,-0.468171 0.557945 1.29921,-0.681252 0.767715 1.29921,-0.988317 1.09865 1.29921,0.569443 -0.454116 1.29921,0.783333 -0.672998 1.29921,1.10572 -0.972126 1.29921,-0.665934 0.799524 1.29921,-0.439778 0.580587 1.29921,-0.955452 1.11155 1.29921,0.591371 -0.425167 1.29921,0.816198 -0.6601 1.29921,1.11612 -0.938389 1.29921,-0.410291 0.601787 1.29921,-0.921032 1.11941 1.29921,0.611829 -0.395161 1.29921,1.12138 -0.903478 1.29921,-0.885825 1.12205 1.29921,-0.379785 0.62149 1.29921,-0.655528 0.833261 1.29921,1.12138 -0.868172 1.29921,0.630765 -0.364172 1.29921,0.850618 -0.652243 1.29921,-0.850618 1.11941 1.29921,1.11612 -0.833261 1.29921,-0.348334 0.639648 1.29921,-0.650266 0.868172 1.29921,0.648134 -0.332279 1.29921,0.885825 -0.649605 1.29921,-0.650266 0.903478 1.29921,-0.316017 0.656216 1.29921,0.663891 -0.299559 1.29921,-0.282915 0.671153 1.29921,0.677997 -0.266094 1.29921,0.921032 -0.652243 1.29921,-0.655528 0.938389 1.29921,-0.249109 0.68442 1.29921,0.690418 -0.231968 1.29921,0.955452 -0.6601 1.29921,-0.214683 0.695987 1.29921,0.701123 -0.197265 1.29921,-0.179725 0.705823 1.29921,-0.665934 0.972126 1.29921,0.710084 -0.162072 1.29921,0.988317 -0.672998 1.29921,-0.144319 0.713904 1.29921,-0.681252 1.00394 1.29921,0.71728 -0.126476 1.29921,-0.108554 0.72021 1.29921,0.722692 -0.0905651 1.29921,1.01889 -0.690651 1.29921,-0.701141 1.03311 1.29921,-0.0725197 0.724726 1.29921,0.726308 -0.0544293 1.29921,-0.036305 0.72744 1.29921,0.728119 -0.0181581 1.29921,1.0465 -0.712663 1.29921,8.7419e-17 0.728345 1.29921,0.521398 0.508557 1.29921,0.725155 0.712663 1.29921,0.546099 0.481936 1.29921,0.4954 0.533915 1.29921,0.468171 0.557945 1.29921,0.701141 0.738544 1.29921,0.752758 0.690651 1.29921,0.569443 0.454116 1.29921,0.439778 0.580587 1.29921,0.681252 0.767715 1.29921,0.783333 0.672998 1.29921,0.591371 0.425167 1.29921,0.410291 0.601787 1.29921,0.665934 0.799524 1.29921,0.379785 0.62149 1.29921,0.611829 0.395161 1.29921,0.816198 0.6601 1.29921,0.630765 0.364172 1.29921,0.348334 0.639648 1.29921,0.655528 0.833261 1.29921,0.850618 0.652243 1.29921,0.648134 0.332279 1.29921,0.316017 0.656216 1.29921,0.650266 0.868172 1.29921,0.663891 0.299559 1.29921,0.885825 0.649605 1.29921,0.677997 0.266094 1.29921,0.282915 0.671153 1.29921,0.650266 0.903478 1.29921,0.249109 0.68442 1.29921,0.921032 0.652243 1.29921,0.690418 0.231968 1.29921,0.214683 0.695987 1.29921,0.655528 0.938389 1.29921,0.179725 0.705823 1.29921,0.955452 0.6601 1.29921,0.701123 0.197265 1.29921,0.710084 0.162072 1.29921,0.144319 0.713904 1.29921,0.665934 0.972126 1.29921,0.71728 0.126476 1.29921,0.988317 0.672998 1.29921,0.722692 0.0905651 1.29921,0.108554 0.72021 1.29921,0.681252 1.00394 1.29921,0.0725197 0.724726 1.29921,0.726308 0.0544293 1.29921,1.01889 0.690651 1.29921,0.728119 0.0181581 1.29921,0.036305 0.72744 1.29921,0.701141 1.03311 1.29921,1.0465 0.712663 1.29921,0.725155 1.05899 1.29921,-0.725155 1.05899 1.29921,1.07051 0.738544 1.29921,1.07051 -0.738544 1.29921,-0.752758 1.081 1.29921,0.752758 1.081 1.29921,1.0904 -0.767715 1.29921,1.0904 0.767715 1.29921,1.10572 -0.799524 1.29921,1.10572 0.799524 1.29921,1.11612 0.833261 1.29921,1.12138 0.868172 1.29921,1.1811 1.12205 1.29921,1.12138 0.903478 1.29921,1.11612 0.938389 1.29921,1.10572 0.972126 1.29921,1.0904 1.00394 1.29921,1.07051 1.03311 1.29921,1.0465 1.05899 1.29921,0.988317 1.09865 1.29921,1.12204 1.1811 1.29921,1.01889 1.081 1.29921,0.955452 1.11155 1.29921,0.921032 1.11941 1.29921,0.885825 1.12205 1.29921,0.850618 1.11941 1.29921,1.15157 1.17319 1.29921,1.17319 1.15157 1.29921,-0.816198 1.11155 1.29921,-0.783333 1.09865 1.29921,0.816198 1.11155 1.29921,0.783333 1.09865 1.29921]
}}
appearance Appearance{material USE PIN-01 }}
Shape { geometry IndexedFaceSet 
{ creaseAngle 1.00 coordIndex [0,1,2,-1,2,1,3,-1]
coord Coordinate { point [-1.12204 -1.1811 1.37795,-1.12204 -1.1811 1.29921,1.12204 -1.1811 1.37795,1.12204 -1.1811 1.29921]
}}
appearance Appearance{material USE PIN-01 }}
Shape { geometry IndexedFaceSet 
{ creaseAngle 1.00 coordIndex [0,1,2,-1,3,1,0,-1]
coord Coordinate { point [1.1811 -1.12204 1.29921,1.1811 1.12205 1.37795,1.1811 -1.12204 1.37795,1.1811 1.12205 1.29921]
}}
appearance Appearance{material USE PIN-01 }}
Shape { geometry IndexedFaceSet 
{ creaseAngle 1.00 coordIndex [0,1,2,-1,2,1,3,-1]
coord Coordinate { point [-1.12204 1.1811 1.37795,1.12204 1.1811 1.37795,-1.12204 1.1811 1.29921,1.12204 1.1811 1.29921]
}}
appearance Appearance{material USE PIN-01 }}
Shape { geometry IndexedFaceSet 
{ creaseAngle 1.00 coordIndex [0,1,2,-1,2,1,3,-1]
coord Coordinate { point [-1.1811 -1.12204 1.29921,-1.1811 -1.12204 1.37795,-1.1811 1.12205 1.29921,-1.1811 1.12205 1.37795]
}}
appearance Appearance{material USE PIN-01 }}
Shape { geometry IndexedFaceSet 
{ creaseAngle 1.00 coordIndex [0,1,2,-1,0,3,1,-1,4,2,5,-1,4,0,2,-1,6,5,7,-1,6,4,5,-1]
coord Coordinate { point [-1.17319 1.15157 1.29921,-1.1811 1.12205 1.37795,-1.17319 1.15157 1.37795,-1.1811 1.12205 1.29921,-1.15157 1.17319 1.29921,-1.15157 1.17319 1.37795,-1.12204 1.1811 1.29921,-1.12204 1.1811 1.37795]
}}
appearance Appearance{material USE PIN-01 }}
Shape { geometry IndexedFaceSet 
{ creaseAngle 1.00 coordIndex [0,1,2,-1,0,3,1,-1,4,2,5,-1,4,0,2,-1,6,5,7,-1,6,4,5,-1]
coord Coordinate { point [1.15157 1.17319 1.29921,1.12204 1.1811 1.37795,1.15157 1.17319 1.37795,1.12204 1.1811 1.29921,1.17319 1.15157 1.29921,1.17319 1.15157 1.37795,1.1811 1.12205 1.29921,1.1811 1.12205 1.37795]
}}
appearance Appearance{material USE PIN-01 }}
Shape { geometry IndexedFaceSet 
{ creaseAngle 1.00 coordIndex [0,1,2,-1,0,3,1,-1,4,2,5,-1,4,0,2,-1,6,5,7,-1,6,4,5,-1]
coord Coordinate { point [1.17319 -1.15157 1.29921,1.1811 -1.12204 1.37795,1.17319 -1.15157 1.37795,1.1811 -1.12204 1.29921,1.15157 -1.17319 1.29921,1.15157 -1.17319 1.37795,1.12204 -1.1811 1.29921,1.12204 -1.1811 1.37795]
}}
appearance Appearance{material USE PIN-01 }}
Shape { geometry IndexedFaceSet 
{ creaseAngle 1.00 coordIndex [0,1,2,-1,0,3,1,-1,4,2,5,-1,4,0,2,-1,6,5,7,-1,6,4,5,-1]
coord Coordinate { point [-1.15157 -1.17319 1.29921,-1.12204 -1.1811 1.37795,-1.15157 -1.17319 1.37795,-1.12204 -1.1811 1.29921,-1.17319 -1.15157 1.29921,-1.17319 -1.15157 1.37795,-1.1811 -1.12204 1.29921,-1.1811 -1.12204 1.37795]
}}
appearance Appearance{material USE PIN-01 }}
Shape { geometry IndexedFaceSet 
{ creaseAngle 1.00 coordIndex [0,1,2,-1,3,2,4,-1,3,0,2,-1,5,4,6,-1,5,3,4,-1,7,6,8,-1,7,5,6,-1,9,8,10,-1,9,7,8,-1,11,10,12,-1,11,9,10,-1,13,12,14,-1,13,11,12,-1,15,14,16,-1,15,13,14,-1,17,16,18,-1,17,15,16,-1,19,18,20,-1,19,17,18,-1,21,20,22,-1,21,19,20,-1,23,22,24,-1,23,21,22,-1,25,24,26,-1,25,23,24,-1,27,26,28,-1,27,25,26,-1,29,27,28,-1,29,28,30,-1,31,30,32,-1,31,29,30,-1,33,32,34,-1,33,31,32,-1,35,34,36,-1,35,33,34,-1,37,36,38,-1,37,35,36,-1,39,38,40,-1,39,37,38,-1,41,40,42,-1,41,39,40,-1,43,42,44,-1,43,41,42,-1]
coord Coordinate { point [-0.885825 1.12205 1.29921,-0.885825 1.12205 1.49606,-0.852207 1.11964 1.49606,-0.850618 1.11941 1.29921,-0.819274 1.11248 1.49606,-0.816198 1.11155 1.29921,-0.787696 1.1007 1.49606,-0.783333 1.09865 1.29921,-0.758115 1.08455 1.49606,-0.752758 1.081 1.29921,-0.731134 1.06435 1.49606,-0.725155 1.05899 1.29921,-0.707302 1.04052 1.49606,-0.701141 1.03311 1.29921,-0.687104 1.01354 1.49606,-0.681252 1.00394 1.29921,-0.670952 0.983954 1.49606,-0.665934 0.972126 1.29921,-0.659174 0.952376 1.49606,-0.655528 0.938389 1.29921,-0.652009 0.919443 1.49606,-0.650266 0.903478 1.29921,-0.649605 0.885825 1.49606,-0.650266 0.868172 1.29921,-0.652009 0.852207 1.49606,-0.655528 0.833261 1.29921,-0.659174 0.819274 1.49606,-0.665934 0.799524 1.29921,-0.670952 0.787696 1.49606,-0.681252 0.767715 1.29921,-0.687104 0.758115 1.49606,-0.701141 0.738544 1.29921,-0.707302 0.731134 1.49606,-0.725155 0.712663 1.29921,-0.731134 0.707302 1.49606,-0.752758 0.690651 1.29921,-0.758115 0.687104 1.49606,-0.783333 0.672998 1.29921,-0.787696 0.670952 1.49606,-0.816198 0.6601 1.29921,-0.819274 0.659174 1.49606,-0.850618 0.652243 1.29921,-0.852207 0.652009 1.49606,-0.885825 0.649605 1.29921,-0.885825 0.649605 1.49606]
}}
appearance Appearance{material USE IC-BODY-EPOXY-04 }}
Shape { geometry IndexedFaceSet 
{ creaseAngle 1.00 coordIndex [0,1,2,-1,3,2,4,-1,3,0,2,-1,5,4,6,-1,5,3,4,-1,7,6,8,-1,7,5,6,-1,9,8,10,-1,9,7,8,-1,11,10,12,-1,11,9,10,-1,13,12,14,-1,13,11,12,-1,15,14,16,-1,15,13,14,-1,17,16,18,-1,17,15,16,-1,19,18,20,-1,19,17,18,-1,21,20,22,-1,21,19,20,-1,23,22,24,-1,23,21,22,-1,25,24,26,-1,25,23,24,-1,27,26,28,-1,27,25,26,-1,29,27,28,-1,29,28,30,-1,31,30,32,-1,31,29,30,-1,33,32,34,-1,33,31,32,-1,35,34,36,-1,35,33,34,-1,37,36,38,-1,37,35,36,-1,39,38,40,-1,39,37,38,-1,41,40,42,-1,41,39,40,-1,43,42,44,-1,43,41,42,-1]
coord Coordinate { point [0.885825 1.12205 1.29921,0.885825 1.12205 1.49606,0.919443 1.11964 1.49606,0.921032 1.11941 1.29921,0.952376 1.11248 1.49606,0.955452 1.11155 1.29921,0.983954 1.1007 1.49606,0.988317 1.09865 1.29921,1.01354 1.08455 1.49606,1.01889 1.081 1.29921,1.04052 1.06435 1.49606,1.0465 1.05899 1.29921,1.06435 1.04052 1.49606,1.07051 1.03311 1.29921,1.08455 1.01354 1.49606,1.0904 1.00394 1.29921,1.1007 0.983954 1.49606,1.10572 0.972126 1.29921,1.11248 0.952376 1.49606,1.11612 0.938389 1.29921,1.11964 0.919443 1.49606,1.12138 0.903478 1.29921,1.12204 0.885825 1.49606,1.12138 0.868172 1.29921,1.11964 0.852207 1.49606,1.11612 0.833261 1.29921,1.11248 0.819274 1.49606,1.10572 0.799524 1.29921,1.1007 0.787696 1.49606,1.0904 0.767715 1.29921,1.08455 0.758115 1.49606,1.07051 0.738544 1.29921,1.06435 0.731134 1.49606,1.0465 0.712663 1.29921,1.04052 0.707302 1.49606,1.01889 0.690651 1.29921,1.01354 0.687104 1.49606,0.988317 0.672998 1.29921,0.983954 0.670952 1.49606,0.955452 0.6601 1.29921,0.952376 0.659174 1.49606,0.921032 0.652243 1.29921,0.919443 0.652009 1.49606,0.885825 0.649605 1.29921,0.885825 0.649605 1.49606]
}}
appearance Appearance{material USE IC-BODY-EPOXY-04 }}
Shape { geometry IndexedFaceSet 
{ creaseAngle 1.00 coordIndex [0,1,2,-1,3,2,4,-1,3,0,2,-1,5,4,6,-1,5,3,4,-1,7,6,8,-1,7,5,6,-1,9,8,10,-1,9,7,8,-1,11,10,12,-1,11,9,10,-1,13,12,14,-1,13,11,12,-1,15,14,16,-1,15,13,14,-1,17,16,18,-1,17,15,16,-1,19,18,20,-1,19,17,18,-1,21,20,22,-1,21,19,20,-1,23,22,24,-1,23,21,22,-1,25,24,26,-1,25,23,24,-1,27,26,28,-1,27,25,26,-1,29,27,28,-1,29,28,30,-1,31,30,32,-1,31,29,30,-1,33,32,34,-1,33,31,32,-1,35,34,36,-1,35,33,34,-1,37,36,38,-1,37,35,36,-1,39,38,40,-1,39,37,38,-1,41,40,42,-1,41,39,40,-1,43,42,44,-1,43,41,42,-1]
coord Coordinate { point [0.885825 -0.649605 1.29921,0.885825 -0.649605 1.49606,0.919443 -0.652009 1.49606,0.921032 -0.652243 1.29921,0.952376 -0.659174 1.49606,0.955452 -0.6601 1.29921,0.983954 -0.670952 1.49606,0.988317 -0.672998 1.29921,1.01354 -0.687104 1.49606,1.01889 -0.690651 1.29921,1.04052 -0.707302 1.49606,1.0465 -0.712663 1.29921,1.06435 -0.731134 1.49606,1.07051 -0.738544 1.29921,1.08455 -0.758115 1.49606,1.0904 -0.767715 1.29921,1.1007 -0.787696 1.49606,1.10572 -0.799524 1.29921,1.11248 -0.819274 1.49606,1.11612 -0.833261 1.29921,1.11964 -0.852207 1.49606,1.12138 -0.868172 1.29921,1.12204 -0.885825 1.49606,1.12138 -0.903478 1.29921,1.11964 -0.919443 1.49606,1.11612 -0.938389 1.29921,1.11248 -0.952376 1.49606,1.10572 -0.972126 1.29921,1.1007 -0.983954 1.49606,1.0904 -1.00393 1.29921,1.08455 -1.01354 1.49606,1.07051 -1.03311 1.29921,1.06435 -1.04052 1.49606,1.0465 -1.05899 1.29921,1.04052 -1.06435 1.49606,1.01889 -1.081 1.29921,1.01354 -1.08455 1.49606,0.988317 -1.09865 1.29921,0.983954 -1.1007 1.49606,0.955452 -1.11155 1.29921,0.952376 -1.11248 1.49606,0.921032 -1.11941 1.29921,0.919443 -1.11964 1.49606,0.885825 -1.12204 1.29921,0.885825 -1.12204 1.49606]
}}
appearance Appearance{material USE IC-BODY-EPOXY-04 }}
Shape { geometry IndexedFaceSet 
{ creaseAngle 1.00 coordIndex [0,1,2,-1,3,2,4,-1,3,0,2,-1,5,4,6,-1,5,3,4,-1,7,6,8,-1,7,5,6,-1,9,8,10,-1,9,7,8,-1,11,10,12,-1,11,9,10,-1,13,12,14,-1,13,11,12,-1,15,14,16,-1,15,13,14,-1,17,16,18,-1,17,15,16,-1,19,18,20,-1,19,17,18,-1,21,20,22,-1,21,19,20,-1,23,22,24,-1,23,21,22,-1,25,24,26,-1,25,23,24,-1,27,26,28,-1,27,25,26,-1,29,27,28,-1,29,28,30,-1,31,30,32,-1,31,29,30,-1,33,32,34,-1,33,31,32,-1,35,34,36,-1,35,33,34,-1,37,36,38,-1,37,35,36,-1,39,38,40,-1,39,37,38,-1,41,40,42,-1,41,39,40,-1,43,42,44,-1,43,41,42,-1]
coord Coordinate { point [-0.885825 -0.649605 1.29921,-0.885825 -0.649605 1.49606,-0.852207 -0.652009 1.49606,-0.850618 -0.652243 1.29921,-0.819274 -0.659174 1.49606,-0.816198 -0.6601 1.29921,-0.787696 -0.670952 1.49606,-0.783333 -0.672998 1.29921,-0.758115 -0.687104 1.49606,-0.752758 -0.690651 1.29921,-0.731134 -0.707302 1.49606,-0.725155 -0.712663 1.29921,-0.707302 -0.731134 1.49606,-0.701141 -0.738544 1.29921,-0.687104 -0.758115 1.49606,-0.681252 -0.767715 1.29921,-0.670952 -0.787696 1.49606,-0.665934 -0.799524 1.29921,-0.659174 -0.819274 1.49606,-0.655528 -0.833261 1.29921,-0.652009 -0.852207 1.49606,-0.650266 -0.868172 1.29921,-0.649605 -0.885825 1.49606,-0.650266 -0.903478 1.29921,-0.652009 -0.919443 1.49606,-0.655528 -0.938389 1.29921,-0.659174 -0.952376 1.49606,-0.665934 -0.972126 1.29921,-0.670952 -0.983954 1.49606,-0.681252 -1.00393 1.29921,-0.687104 -1.01354 1.49606,-0.701141 -1.03311 1.29921,-0.707302 -1.04052 1.49606,-0.725155 -1.05899 1.29921,-0.731134 -1.06435 1.49606,-0.752758 -1.081 1.29921,-0.758115 -1.08455 1.49606,-0.783333 -1.09865 1.29921,-0.787696 -1.1007 1.49606,-0.816198 -1.11155 1.29921,-0.819274 -1.11248 1.49606,-0.850618 -1.11941 1.29921,-0.852207 -1.11964 1.49606,-0.885825 -1.12204 1.29921,-0.885825 -1.12204 1.49606]
}}
appearance Appearance{material USE IC-BODY-EPOXY-04 }}
Shape { geometry IndexedFaceSet 
{ creaseAngle 1.00 coordIndex [0,1,2,-1,0,2,3,-1,0,3,4,-1,5,4,6,-1,5,0,4,-1,7,6,8,-1,7,8,9,-1,7,5,6,-1,10,1,0,-1,11,9,12,-1,11,12,13,-1,11,7,9,-1,14,10,0,-1,14,0,5,-1,15,13,16,-1,15,16,17,-1,15,11,13,-1,18,14,5,-1,18,5,7,-1,19,1,10,-1,20,17,21,-1,20,21,22,-1,20,15,17,-1,23,7,11,-1,23,18,7,-1,24,10,14,-1,24,19,10,-1,25,22,26,-1,25,20,22,-1,27,11,15,-1,27,23,11,-1,28,14,18,-1,28,24,14,-1,29,26,30,-1,29,30,31,-1,29,25,26,-1,32,1,19,-1,33,15,20,-1,33,27,15,-1,34,28,18,-1,34,18,23,-1,35,31,36,-1,35,36,37,-1,35,29,31,-1,38,19,24,-1,38,32,19,-1,39,20,25,-1,39,33,20,-1,40,34,23,-1,40,23,27,-1,41,37,42,-1,41,42,43,-1,41,35,37,-1,44,38,24,-1,44,24,28,-1,45,25,29,-1,45,39,25,-1,45,29,35,-1,46,1,32,-1,46,47,1,-1,48,27,33,-1,48,33,39,-1,48,40,27,-1,49,43,50,-1,49,41,43,-1,51,28,34,-1,51,44,28,-1,52,45,35,-1,53,32,38,-1,53,46,32,-1,54,48,39,-1,55,49,50,-1,55,50,56,-1,55,56,57,-1,58,51,34,-1,58,34,40,-1,59,35,41,-1,59,52,35,-1,60,44,51,-1,60,53,38,-1,60,38,44,-1,61,54,39,-1,61,39,45,-1,62,55,57,-1,62,57,63,-1,62,63,64,-1,65,47,46,-1,66,58,40,-1,66,40,48,-1,67,59,41,-1,67,41,49,-1,68,60,51,-1,69,45,52,-1,69,61,45,-1,70,64,71,-1,70,71,72,-1,70,62,64,-1,73,65,46,-1,73,46,53,-1,74,48,54,-1,74,66,48,-1,75,49,55,-1,75,67,49,-1,76,68,51,-1,76,51,58,-1,77,69,52,-1,77,52,59,-1,78,72,79,-1,78,79,80,-1,78,70,72,-1,81,53,60,-1,81,73,53,-1,82,74,54,-1,82,54,61,-1,83,75,55,-1,83,62,70,-1,83,55,62,-1,84,65,73,-1,84,47,65,-1,85,58,66,-1,85,66,74,-1,85,76,58,-1,86,77,59,-1,86,59,67,-1,87,80,88,-1,87,78,80,-1,89,60,68,-1,89,81,60,-1,90,69,77,-1,90,82,61,-1,90,61,69,-1,91,83,70,-1,92,84,73,-1,93,85,74,-1,94,67,75,-1,94,86,67,-1,95,88,96,-1,95,96,97,-1,95,87,88,-1,98,89,68,-1,98,68,76,-1,99,90,77,-1,100,91,70,-1,100,78,87,-1,100,70,78,-1,101,92,73,-1,101,73,81,-1,102,82,90,-1,102,74,82,-1,102,93,74,-1,103,83,91,-1,103,94,75,-1,103,75,83,-1,104,105,106,-1,104,106,107,-1,104,107,47,-1,104,84,92,-1,104,47,84,-1,108,95,97,-1,108,97,109,-1,108,109,110,-1,111,98,76,-1,111,76,85,-1,112,99,77,-1,112,77,86,-1,113,100,87,-1,114,81,89,-1,114,101,81,-1,115,102,90,-1,116,103,91,-1,117,118,119,-1,117,119,105,-1,117,105,104,-1,117,104,92,-1,120,110,121,-1,120,121,122,-1,120,108,110,-1,123,85,93,-1,123,111,85,-1,124,112,86,-1,124,86,94,-1,125,87,95,-1,125,113,87,-1,126,89,98,-1,126,114,89,-1,127,90,99,-1,127,115,90,-1,127,99,112,-1,128,116,91,-1,128,91,100,-1,129,130,131,-1,129,131,118,-1,129,92,101,-1,129,117,92,-1,129,118,117,-1,132,122,133,-1,132,133,134,-1,132,120,122,-1,135,123,93,-1,135,93,102,-1,136,94,103,-1,136,124,94,-1,137,125,95,-1,137,108,120,-1,137,95,108,-1,138,98,111,-1,138,126,98,-1,139,127,112,-1,140,100,113,-1,140,128,100,-1,141,142,143,-1,141,143,130,-1,141,101,114,-1,141,130,129,-1,141,129,101,-1,144,134,145,-1,144,132,134,-1,146,115,127,-1,146,135,102,-1,146,102,115,-1,147,103,116,-1,147,136,103,-1,148,137,120,-1,149,138,111,-1,149,111,123,-1,150,139,112,-1,150,112,124,-1,151,113,125,-1,151,140,113,-1,152,153,154,-1,152,154,142,-1,152,141,114,-1,152,114,126,-1,152,142,141,-1,155,145,156,-1,155,144,145,-1,155,156,157,-1,158,146,127,-1,159,128,140,-1,159,116,128,-1,159,147,116,-1,160,132,144,-1,160,120,132,-1,160,148,120,-1,161,149,123,-1,161,123,135,-1,162,136,147,-1,162,124,136,-1,162,150,124,-1,163,125,137,-1,163,151,125,-1,164,153,152,-1,164,165,166,-1,164,166,153,-1,164,126,138,-1,164,152,126,-1,167,155,157,-1,167,157,168,-1,167,168,169,-1,170,158,127,-1,170,127,139,-1,171,159,140,-1,172,160,144,-1,172,144,155,-1,173,161,135,-1,173,135,146,-1,173,146,158,-1,174,162,147,-1,175,163,137,-1,175,137,148,-1,176,177,178,-1,176,178,165,-1,176,165,164,-1,176,138,149,-1,176,164,138,-1,179,169,180,-1,179,180,181,-1,179,167,169,-1,182,139,150,-1,182,170,139,-1,183,171,140,-1,183,140,151,-1,184,172,155,-1,185,173,158,-1,186,147,159,-1,186,174,147,-1,187,148,160,-1,187,175,148,-1,188,176,149,-1,188,189,177,-1,188,149,161,-1,188,177,176,-1,188,161,173,-1,190,181,191,-1,190,179,181,-1,192,150,162,-1,192,182,150,-1,192,162,174,-1,193,183,151,-1,193,151,163,-1,193,163,175,-1,194,155,167,-1,194,184,155,-1,195,158,170,-1,195,185,158,-1,196,186,159,-1,196,159,171,-1,197,187,160,-1,197,160,172,-1,198,199,200,-1,198,200,189,-1,198,188,173,-1,198,189,188,-1,201,190,191,-1,201,191,202,-1,201,202,203,-1,204,192,174,-1,205,193,175,-1,206,194,167,-1,206,167,179,-1,207,170,182,-1,207,182,192,-1,207,195,170,-1,208,196,171,-1,208,171,183,-1,209,197,172,-1,209,172,184,-1,210,211,212,-1,210,212,199,-1,210,199,198,-1,210,173,185,-1,210,198,173,-1,213,201,203,-1,213,203,214,-1,213,214,215,-1,216,174,186,-1,216,204,174,-1,217,175,187,-1,217,205,175,-1,218,179,190,-1,218,206,179,-1,218,190,201,-1,219,207,192,-1,220,183,193,-1,220,193,205,-1,220,208,183,-1,221,184,194,-1,221,209,184,-1,222,211,210,-1,222,185,195,-1,222,210,185,-1,222,223,224,-1,222,224,211,-1,225,215,226,-1,225,226,227,-1,225,213,215,-1,228,186,196,-1,228,216,186,-1,229,187,197,-1,229,217,187,-1,229,197,209,-1,230,218,201,-1,231,192,204,-1,231,219,192,-1,232,220,205,-1,233,194,206,-1,233,221,194,-1,234,195,207,-1,234,222,195,-1,234,223,222,-1,234,235,236,-1,234,236,223,-1,237,225,227,-1,237,227,238,-1,237,238,239,-1,240,196,208,-1,240,228,196,-1,241,229,209,-1,242,201,213,-1,242,230,201,-1,243,204,216,-1,243,216,228,-1,243,231,204,-1,244,205,217,-1,244,217,229,-1,244,232,205,-1,245,218,230,-1,245,233,206,-1,245,206,218,-1,246,235,234,-1,246,219,231,-1,246,234,207,-1,246,207,219,-1,246,247,248,-1,246,248,235,-1,249,239,250,-1,249,237,239,-1,251,208,220,-1,251,240,208,-1,251,220,232,-1,252,241,209,-1,252,209,221,-1,253,242,213,-1,253,225,237,-1,253,213,225,-1,254,243,228,-1,255,244,229,-1,255,229,241,-1,256,245,230,-1,257,246,231,-1,257,247,246,-1,257,258,259,-1,257,259,247,-1,260,249,250,-1,260,250,261,-1,260,261,262,-1,260,262,263,-1,264,251,232,-1,265,221,233,-1,265,233,245,-1,265,252,221,-1,266,253,237,-1,267,254,228,-1,267,228,240,-1,268,255,241,-1,269,256,230,-1,269,230,242,-1,270,231,243,-1,270,257,231,-1,270,258,257,-1,270,271,272,-1,270,272,258,-1,273,232,244,-1,273,264,232,-1,274,265,245,-1,275,237,249,-1,275,249,260,-1,275,266,237,-1,276,267,240,-1,276,240,251,-1,276,251,264,-1,277,268,241,-1,277,241,252,-1,278,253,266,-1,278,242,253,-1,278,269,242,-1,279,243,254,-1,279,271,270,-1,279,280,281,-1,279,281,271,-1,279,270,243,-1,282,244,255,-1,282,255,268,-1,282,273,244,-1,283,274,245,-1,283,245,256,-1,284,260,263,-1,284,275,260,-1,285,276,264,-1,286,252,265,-1,286,277,252,-1,287,278,266,-1,288,280,279,-1,288,254,267,-1,288,279,254,-1,288,289,290,-1,288,290,280,-1,291,282,268,-1,292,256,269,-1,292,283,256,-1,293,285,264,-1,293,264,273,-1,294,286,265,-1,294,265,274,-1,295,287,266,-1,295,275,284,-1,295,266,275,-1,296,267,276,-1,296,288,267,-1,296,289,288,-1,296,297,298,-1,296,298,289,-1,296,276,285,-1,299,291,268,-1,299,268,277,-1,300,269,278,-1,300,292,269,-1,301,293,273,-1,301,273,282,-1,302,294,274,-1,302,274,283,-1,303,284,263,-1,303,295,284,-1,304,296,285,-1,304,297,296,-1,304,305,306,-1,304,306,297,-1,307,277,286,-1,307,299,277,-1,308,287,295,-1,308,300,278,-1,308,278,287,-1,309,282,291,-1,309,301,282,-1,310,302,283,-1,310,283,292,-1,311,285,293,-1,311,304,285,-1,311,305,304,-1,311,312,313,-1,311,313,305,-1,314,294,302,-1,314,286,294,-1,314,307,286,-1,315,295,303,-1,315,308,295,-1,316,309,291,-1,316,291,299,-1,317,300,308,-1,317,310,292,-1,317,292,300,-1,318,301,309,-1,318,311,293,-1,318,312,311,-1,318,319,320,-1,318,320,312,-1,318,293,301,-1,321,314,302,-1,322,303,263,-1,322,315,303,-1,323,299,307,-1,323,307,314,-1,323,316,299,-1,324,317,308,-1,325,318,309,-1,325,326,327,-1,325,327,319,-1,325,319,318,-1,328,302,310,-1,328,321,302,-1,329,314,321,-1,329,323,314,-1,330,315,322,-1,330,308,315,-1,330,324,308,-1,331,326,325,-1,331,325,309,-1,331,309,316,-1,331,332,333,-1,331,333,326,-1,334,317,324,-1,334,310,317,-1,334,328,310,-1,335,329,321,-1,336,263,337,-1,336,330,322,-1,336,322,263,-1,338,332,331,-1,338,339,332,-1,338,331,316,-1,338,316,323,-1,340,334,324,-1,341,321,328,-1,341,335,321,-1,342,329,335,-1,342,323,329,-1,342,338,323,-1,342,339,338,-1,342,343,344,-1,342,344,339,-1,345,324,330,-1,345,340,324,-1,345,330,336,-1,346,328,334,-1,346,341,328,-1,346,334,340,-1,347,343,342,-1,347,342,335,-1,347,348,349,-1,347,349,343,-1,350,336,337,-1,350,345,336,-1,351,346,340,-1,352,347,335,-1,352,348,347,-1,352,353,354,-1,352,354,348,-1,352,335,341,-1,355,340,345,-1,355,351,340,-1,355,345,350,-1,356,346,351,-1,356,353,352,-1,356,352,341,-1,356,357,358,-1,356,358,353,-1,356,341,346,-1,359,355,350,-1,359,350,337,-1,360,357,356,-1,360,361,362,-1,360,362,357,-1,360,356,351,-1,363,351,355,-1,363,360,351,-1,363,364,365,-1,363,365,361,-1,363,361,360,-1,366,363,355,-1,366,355,359,-1,366,359,337,-1,366,337,367,-1,366,367,368,-1,366,368,364,-1,366,364,363,-1]
coord Coordinate { point [-0.063215 -0.641832 2.56027,0 -0.639433 2.7179,-0.0352249 -0.638462 2.7179,-0.0703429 -0.635552 2.7179,-0.105247 -0.630712 2.7179,-0.125821 -0.632545 2.56027,-0.139832 -0.623957 2.7179,-0.187216 -0.617167 2.56027,-0.173992 -0.615306 2.7179,-0.207624 -0.604787 2.7179,-0.0637545 -0.64731 2.40264,-0.246807 -0.595845 2.56027,-0.240625 -0.592431 2.7179,-0.272895 -0.578276 2.7179,-0.126895 -0.637944 2.40264,-0.304022 -0.568784 2.56027,-0.304337 -0.562365 2.7179,-0.334854 -0.544745 2.7179,-0.188813 -0.622435 2.40264,-0.0642941 -0.652789 2.24501,-0.358308 -0.536246 2.56027,-0.364354 -0.525472 2.7179,-0.392748 -0.504603 2.7179,-0.248914 -0.60093 2.40264,-0.127969 -0.643343 2.24501,-0.409144 -0.498544 2.56027,-0.419949 -0.482201 2.7179,-0.306616 -0.573639 2.40264,-0.190411 -0.627702 2.24501,-0.45604 -0.45604 2.56027,-0.445875 -0.458334 2.7179,-0.470446 -0.433076 2.7179,-0.0648336 -0.658267 2.08737,-0.361366 -0.540823 2.40264,-0.25102 -0.606016 2.24501,-0.498544 -0.409144 2.56027,-0.493589 -0.406503 2.7179,-0.515233 -0.378695 2.7179,-0.129043 -0.648742 2.08737,-0.412636 -0.502799 2.40264,-0.309211 -0.578494 2.24501,-0.536246 -0.358308 2.56027,-0.535312 -0.349737 2.7179,-0.553765 -0.319717 2.7179,-0.192009 -0.63297 2.08737,-0.459932 -0.459932 2.40264,-0.0653732 -0.663745 1.92974,0 -0.688975 1.29921,-0.364425 -0.5454 2.24501,-0.568784 -0.304022 2.56027,-0.570537 -0.288725 2.7179,-0.253127 -0.611102 2.08737,-0.502799 -0.412636 2.40264,-0.130117 -0.654141 1.92974,-0.416128 -0.507054 2.24501,-0.595845 -0.246807 2.56027,-0.585576 -0.256857 2.7179,-0.598836 -0.224209 2.7179,-0.311806 -0.583348 2.08737,-0.540823 -0.361366 2.40264,-0.193607 -0.638237 1.92974,-0.463825 -0.463825 2.24501,-0.617167 -0.187216 2.56027,-0.610278 -0.19088 2.7179,-0.619867 -0.156972 2.7179,-0.0659127 -0.669223 1.77211,-0.367483 -0.549977 2.08737,-0.573639 -0.306616 2.40264,-0.255233 -0.616187 1.92974,-0.507054 -0.416128 2.24501,-0.632545 -0.125821 2.56027,-0.627573 -0.122586 2.7179,-0.633373 -0.0878284 2.7179,-0.131191 -0.65954 1.77211,-0.419621 -0.511309 2.08737,-0.60093 -0.248914 2.40264,-0.314401 -0.588203 1.92974,-0.5454 -0.364425 2.24501,-0.641832 -0.063215 2.56027,-0.637249 -0.052804 2.7179,-0.63919 -0.0176192 2.7179,-0.195205 -0.643505 1.77211,-0.467717 -0.467717 2.08737,-0.622435 -0.188813 2.40264,-0.0664523 -0.674701 1.61448,-0.370541 -0.554554 1.92974,-0.578494 -0.309211 2.24501,-0.644938 8.15413e-16 2.56027,-0.63919 0.0176192 2.7179,-0.25734 -0.621273 1.77211,-0.511309 -0.419621 2.08737,-0.637944 -0.126895 2.40264,-0.132265 -0.664939 1.61448,-0.423113 -0.515564 1.92974,-0.606016 -0.25102 2.24501,-0.641832 0.063215 2.56027,-0.637249 0.052804 2.7179,-0.633373 0.0878284 2.7179,-0.316996 -0.593058 1.77211,-0.549977 -0.367483 2.08737,-0.64731 -0.0637545 2.40264,-0.196803 -0.648773 1.61448,-0.471609 -0.471609 1.92974,-0.627702 -0.190411 2.24501,-0.0669918 -0.680179 1.45684,-0.10433 -0.68103 1.29921,-0.0697024 -0.68544 1.29921,-0.034896 -0.688091 1.29921,-0.632545 0.125821 2.56027,-0.627573 0.122586 2.7179,-0.619867 0.156972 2.7179,-0.373599 -0.559131 1.77211,-0.583348 -0.311806 2.08737,-0.650442 7.82519e-16 2.40264,-0.259446 -0.626359 1.61448,-0.515564 -0.423113 1.92974,-0.643343 -0.127969 2.24501,-0.133338 -0.670338 1.45684,-0.172693 -0.666981 1.29921,-0.13869 -0.674872 1.29921,-0.617167 0.187216 2.56027,-0.610278 0.19088 2.7179,-0.598836 0.224209 2.7179,-0.426605 -0.519819 1.77211,-0.611102 -0.253127 2.08737,-0.64731 0.0637545 2.40264,-0.319591 -0.597912 1.61448,-0.554554 -0.370541 1.92974,-0.652789 -0.0642941 2.24501,-0.198401 -0.65404 1.45684,-0.239285 -0.646088 1.29921,-0.206254 -0.657378 1.29921,-0.595845 0.246807 2.56027,-0.585576 0.256857 2.7179,-0.570537 0.288725 2.7179,-0.475502 -0.475502 1.77211,-0.63297 -0.192009 2.08737,-0.637944 0.126895 2.40264,-0.376658 -0.563708 1.61448,-0.588203 -0.314401 1.92974,-0.655947 7.49625e-16 2.24501,-0.261553 -0.631444 1.45684,-0.303421 -0.618565 1.29921,-0.271701 -0.633139 1.29921,-0.568784 0.304022 2.56027,-0.553765 0.319717 2.7179,-0.519819 -0.426605 1.77211,-0.648742 -0.129043 2.08737,-0.622435 0.188813 2.40264,-0.430097 -0.524075 1.61448,-0.616187 -0.255233 1.92974,-0.652789 0.0642941 2.24501,-0.322186 -0.602767 1.45684,-0.364443 -0.584695 1.29921,-0.334361 -0.602403 1.29921,-0.536246 0.358308 2.56027,-0.535312 0.349737 2.7179,-0.515233 0.378695 2.7179,-0.559131 -0.373599 1.77211,-0.658267 -0.0648336 2.08737,-0.60093 0.248914 2.40264,-0.479394 -0.479394 1.61448,-0.638237 -0.193607 1.92974,-0.643343 0.127969 2.24501,-0.379716 -0.568285 1.45684,-0.421726 -0.544825 1.29921,-0.39359 -0.565485 1.29921,-0.498544 0.409144 2.56027,-0.493589 0.406503 2.7179,-0.470446 0.433076 2.7179,-0.593058 -0.316996 1.77211,-0.661452 7.16731e-16 2.08737,-0.573639 0.306616 2.40264,-0.524075 -0.430097 1.61448,-0.654141 -0.130117 1.92974,-0.627702 0.190411 2.24501,-0.433589 -0.52833 1.45684,-0.474681 -0.499364 1.29921,-0.448779 -0.522765 1.29921,-0.45604 0.45604 2.56027,-0.445875 0.458334 2.7179,-0.419949 0.482201 2.7179,-0.621273 -0.25734 1.77211,-0.658267 0.0648336 2.08737,-0.540823 0.361366 2.40264,-0.563708 -0.376658 1.61448,-0.663745 -0.0653732 1.92974,-0.606016 0.25102 2.24501,-0.483287 -0.483287 1.45684,-0.499364 -0.474681 1.29921,-0.409144 0.498544 2.56027,-0.392748 0.504603 2.7179,-0.643505 -0.195205 1.77211,-0.648742 0.129043 2.08737,-0.502799 0.412636 2.40264,-0.597912 -0.319591 1.61448,-0.666956 6.83837e-16 1.92974,-0.578494 0.309211 2.24501,-0.52833 -0.433589 1.45684,-0.544825 -0.421726 1.29921,-0.522765 -0.448779 1.29921,-0.358308 0.536246 2.56027,-0.364354 0.525472 2.7179,-0.334854 0.544745 2.7179,-0.65954 -0.131191 1.77211,-0.63297 0.192009 2.08737,-0.459932 0.459932 2.40264,-0.626359 -0.259446 1.61448,-0.663745 0.0653732 1.92974,-0.5454 0.364425 2.24501,-0.568285 -0.379716 1.45684,-0.584695 -0.364443 1.29921,-0.565485 -0.39359 1.29921,-0.304022 0.568784 2.56027,-0.304337 0.562365 2.7179,-0.272895 0.578276 2.7179,-0.669223 -0.0659127 1.77211,-0.611102 0.253127 2.08737,-0.412636 0.502799 2.40264,-0.648773 -0.196803 1.61448,-0.654141 0.130117 1.92974,-0.507054 0.416128 2.24501,-0.602767 -0.322186 1.45684,-0.618565 -0.303421 1.29921,-0.602403 -0.334361 1.29921,-0.246807 0.595845 2.56027,-0.240625 0.592431 2.7179,-0.207624 0.604787 2.7179,-0.672461 6.50943e-16 1.77211,-0.583348 0.311806 2.08737,-0.361366 0.540823 2.40264,-0.664939 -0.132265 1.61448,-0.638237 0.193607 1.92974,-0.463825 0.463825 2.24501,-0.631444 -0.261553 1.45684,-0.646088 -0.239285 1.29921,-0.633139 -0.271701 1.29921,-0.187216 0.617167 2.56027,-0.173992 0.615306 2.7179,-0.139832 0.623957 2.7179,-0.669223 0.0659127 1.77211,-0.549977 0.367483 2.08737,-0.306616 0.573639 2.40264,-0.674701 -0.0664523 1.61448,-0.616187 0.255233 1.92974,-0.416128 0.507054 2.24501,-0.65404 -0.198401 1.45684,-0.666981 -0.172693 1.29921,-0.657378 -0.206254 1.29921,-0.125821 0.632545 2.56027,-0.105247 0.630712 2.7179,-0.65954 0.131191 1.77211,-0.511309 0.419621 2.08737,-0.248914 0.60093 2.40264,-0.677966 6.18049e-16 1.61448,-0.588203 0.314401 1.92974,-0.364425 0.5454 2.24501,-0.670338 -0.133338 1.45684,-0.68103 -0.10433 1.29921,-0.674872 -0.13869 1.29921,-0.063215 0.641832 2.56027,-0.0703429 0.635552 2.7179,-0.0352249 0.638462 2.7179,8.7419e-17 0.639433 2.7179,-0.643505 0.195205 1.77211,-0.467717 0.467717 2.08737,-0.188813 0.622435 2.40264,-0.674701 0.0664523 1.61448,-0.554554 0.370541 1.92974,-0.309211 0.578494 2.24501,-0.680179 -0.0669918 1.45684,-0.688091 -0.034896 1.29921,-0.68544 -0.0697024 1.29921,-0.621273 0.25734 1.77211,-0.419621 0.511309 2.08737,-0.126895 0.637944 2.40264,-0.664939 0.132265 1.61448,-0.515564 0.423113 1.92974,-0.25102 0.606016 2.24501,-0.68347 5.85155e-16 1.45684,-0.688091 0.034896 1.29921,-0.688975 4.15045e-16 1.29921,-0.593058 0.316996 1.77211,-0.367483 0.549977 2.08737,-0.0637545 0.64731 2.40264,-0.648773 0.196803 1.61448,-0.471609 0.471609 1.92974,-0.190411 0.627702 2.24501,-0.680179 0.0669918 1.45684,-0.68103 0.10433 1.29921,-0.68544 0.0697024 1.29921,-0.559131 0.373599 1.77211,-0.311806 0.583348 2.08737,-0.626359 0.259446 1.61448,-0.423113 0.515564 1.92974,-0.127969 0.643343 2.24501,-0.670338 0.133338 1.45684,-0.666981 0.172693 1.29921,-0.674872 0.13869 1.29921,-0.519819 0.426605 1.77211,-0.253127 0.611102 2.08737,-0.597912 0.319591 1.61448,-0.370541 0.554554 1.92974,-0.0642941 0.652789 2.24501,-0.65404 0.198401 1.45684,-0.646088 0.239285 1.29921,-0.657378 0.206254 1.29921,-0.475502 0.475502 1.77211,-0.192009 0.63297 2.08737,-0.563708 0.376658 1.61448,-0.314401 0.588203 1.92974,-0.631444 0.261553 1.45684,-0.618565 0.303421 1.29921,-0.633139 0.271701 1.29921,-0.426605 0.519819 1.77211,-0.129043 0.648742 2.08737,-0.524075 0.430097 1.61448,-0.255233 0.616187 1.92974,-0.602767 0.322186 1.45684,-0.584695 0.364443 1.29921,-0.602403 0.334361 1.29921,-0.373599 0.559131 1.77211,-0.0648336 0.658267 2.08737,-0.479394 0.479394 1.61448,-0.193607 0.638237 1.92974,-0.568285 0.379716 1.45684,-0.544825 0.421726 1.29921,-0.565485 0.39359 1.29921,-0.316996 0.593058 1.77211,-0.430097 0.524075 1.61448,-0.130117 0.654141 1.92974,-0.52833 0.433589 1.45684,-0.499364 0.474681 1.29921,-0.522765 0.448779 1.29921,-0.25734 0.621273 1.77211,-0.376658 0.563708 1.61448,-0.0653732 0.663745 1.92974,-8.7419e-17 0.688975 1.29921,-0.483287 0.483287 1.45684,-0.474681 0.499364 1.29921,-0.195205 0.643505 1.77211,-0.319591 0.597912 1.61448,-0.433589 0.52833 1.45684,-0.421726 0.544825 1.29921,-0.448779 0.522765 1.29921,-0.131191 0.65954 1.77211,-0.259446 0.626359 1.61448,-0.379716 0.568285 1.45684,-0.364443 0.584695 1.29921,-0.39359 0.565485 1.29921,-0.0659127 0.669223 1.77211,-0.196803 0.648773 1.61448,-0.322186 0.602767 1.45684,-0.303421 0.618565 1.29921,-0.334361 0.602403 1.29921,-0.132265 0.664939 1.61448,-0.261553 0.631444 1.45684,-0.239285 0.646088 1.29921,-0.271701 0.633139 1.29921,-0.0664523 0.674701 1.61448,-0.198401 0.65404 1.45684,-0.172693 0.666981 1.29921,-0.206254 0.657378 1.29921,-0.133338 0.670338 1.45684,-0.10433 0.68103 1.29921,-0.13869 0.674872 1.29921,-0.0669918 0.680179 1.45684,-0.034896 0.688091 1.29921,-0.0697024 0.68544 1.29921]
}}
appearance Appearance{material USE IC-BODY-EPOXY-04 }}
Shape { geometry IndexedFaceSet 
{ creaseAngle 1.00 coordIndex [0,1,2,-1,3,4,5,-1,3,5,6,-1,7,8,4,-1,7,9,8,-1,7,4,3,-1,7,10,9,-1,11,3,6,-1,11,6,12,-1,13,14,10,-1,13,3,11,-1,13,10,7,-1,13,7,3,-1,15,12,16,-1,15,11,12,-1,17,11,15,-1,17,13,11,-1,17,14,13,-1,17,18,14,-1,19,15,16,-1,19,16,20,-1,21,22,18,-1,21,15,19,-1,21,18,17,-1,21,17,15,-1,23,20,24,-1,23,19,20,-1,25,23,24,-1,25,24,26,-1,27,19,23,-1,27,22,21,-1,27,21,19,-1,27,28,22,-1,29,23,25,-1,29,27,23,-1,29,28,27,-1,30,25,26,-1,31,30,26,-1,31,26,32,-1,33,29,25,-1,33,28,29,-1,33,25,30,-1,33,34,28,-1,35,30,31,-1,35,33,30,-1,35,34,33,-1,36,31,32,-1,37,36,32,-1,37,32,38,-1,39,35,31,-1,39,34,35,-1,39,31,36,-1,39,40,34,-1,41,39,36,-1,41,40,39,-1,41,36,37,-1,42,37,38,-1,43,42,38,-1,43,38,44,-1,45,42,43,-1,45,37,42,-1,45,40,41,-1,45,41,37,-1,45,46,40,-1,47,43,44,-1,48,45,43,-1,48,46,45,-1,49,47,44,-1,49,44,50,-1,51,48,43,-1,51,43,47,-1,51,46,48,-1,51,52,46,-1,53,49,50,-1,54,52,51,-1,54,47,49,-1,54,51,47,-1,55,50,56,-1,55,53,50,-1,57,54,49,-1,57,58,52,-1,57,52,54,-1,57,49,53,-1,59,55,56,-1,60,53,55,-1,60,58,57,-1,60,57,53,-1,61,58,60,-1,61,55,59,-1,61,60,55,-1,61,62,58,-1,63,59,56,-1,63,56,64,-1,65,63,64,-1,66,59,63,-1,66,61,59,-1,66,62,61,-1,67,62,66,-1,67,63,65,-1,67,68,62,-1,67,66,63,-1,69,65,64,-1,69,64,70,-1,71,69,70,-1,72,67,65,-1,72,65,69,-1,72,68,67,-1,73,72,69,-1,73,69,71,-1,73,74,68,-1,73,68,72,-1,75,71,70,-1,75,70,76,-1,77,75,76,-1,78,73,71,-1,78,74,73,-1,78,71,75,-1,79,74,78,-1,79,75,77,-1,79,78,75,-1,79,80,74,-1,81,76,82,-1,81,77,76,-1,83,79,77,-1,83,80,79,-1,83,77,81,-1,84,82,85,-1,84,81,82,-1,86,80,83,-1,86,83,81,-1,86,87,80,-1,86,81,84,-1,88,85,89,-1,88,84,85,-1,90,87,86,-1,90,91,87,-1,90,86,84,-1,90,84,88,-1,92,89,93,-1,92,88,89,-1,94,95,91,-1,94,91,90,-1,94,90,88,-1,94,88,92,-1,96,93,97,-1,96,94,92,-1,96,92,93,-1,98,99,95,-1,98,95,94,-1,98,94,96,-1,100,96,97,-1,100,101,102,-1,100,97,101,-1,103,104,99,-1,103,99,98,-1,103,96,100,-1,103,98,96,-1,105,100,102,-1,105,103,100,-1,106,103,105,-1,106,104,103,-1,106,107,104,-1,108,105,102,-1,108,102,109,-1,110,105,108,-1,110,106,105,-1,110,107,106,-1,110,111,107,-1,112,108,109,-1,112,113,114,-1,112,109,113,-1,115,108,112,-1,115,110,108,-1,115,111,110,-1,115,116,111,-1,117,112,114,-1,118,117,114,-1,118,114,119,-1,120,115,112,-1,120,112,117,-1,120,116,115,-1,120,121,116,-1,122,120,117,-1,122,117,118,-1,122,121,120,-1,123,118,119,-1,124,123,119,-1,124,119,125,-1,126,122,118,-1,126,118,123,-1,126,121,122,-1,126,127,121,-1,128,126,123,-1,128,123,124,-1,128,127,126,-1,129,124,125,-1,130,125,131,-1,130,129,125,-1,132,128,124,-1,132,127,128,-1,132,124,129,-1,132,129,130,-1,132,133,127,-1,134,132,130,-1,134,133,132,-1,135,130,131,-1,136,131,137,-1,136,135,131,-1,138,134,130,-1,138,133,134,-1,138,130,135,-1,138,139,133,-1,140,136,137,-1,141,135,136,-1,141,138,135,-1,141,139,138,-1,142,137,143,-1,142,140,137,-1,144,141,136,-1,144,136,140,-1,144,139,141,-1,144,145,139,-1,146,142,143,-1,147,144,140,-1,147,140,142,-1,147,145,144,-1,147,142,146,-1,148,143,149,-1,148,146,143,-1,150,145,147,-1,150,147,146,-1,150,151,145,-1,152,148,149,-1,153,146,148,-1,153,150,146,-1,153,151,150,-1,153,148,152,-1,154,155,151,-1,154,151,153,-1,154,153,152,-1,156,149,157,-1,156,152,149,-1,158,156,157,-1,159,155,154,-1,159,154,152,-1,159,152,156,-1,160,156,158,-1,160,155,159,-1,160,161,155,-1,160,159,156,-1,162,160,158,-1,162,157,163,-1,162,158,157,-1,164,162,163,-1,165,160,162,-1,165,161,160,-1,166,162,164,-1,166,161,165,-1,166,165,162,-1,166,167,161,-1,168,164,163,-1,168,166,164,-1,168,163,169,-1,170,168,169,-1,171,167,166,-1,171,166,168,-1,172,168,170,-1,172,167,171,-1,172,171,168,-1,172,173,167,-1,174,170,169,-1,174,169,175,-1,176,170,174,-1,176,172,170,-1,176,173,172,-1,177,175,178,-1,177,174,175,-1,179,176,174,-1,179,173,176,-1,179,174,177,-1,179,180,173,-1,179,181,180,-1,182,178,183,-1,182,177,178,-1,184,179,177,-1,184,181,179,-1,184,177,182,-1,184,185,181,-1,186,183,187,-1,186,182,183,-1,188,184,182,-1,188,185,184,-1,188,182,186,-1,189,187,190,-1,189,186,187,-1,191,185,188,-1,191,188,186,-1,191,186,189,-1,191,192,185,-1,193,194,195,-1,193,190,194,-1,193,189,190,-1,196,191,189,-1,196,192,191,-1,196,189,193,-1,196,197,192,-1,198,193,195,-1,199,196,193,-1,199,197,196,-1,199,193,198,-1,199,200,197,-1,201,202,203,-1,201,195,202,-1,201,198,195,-1,204,199,198,-1,204,200,199,-1,204,198,201,-1,204,205,200,-1,206,203,207,-1,206,201,203,-1,208,204,201,-1,208,205,204,-1,208,201,206,-1,208,209,205,-1,210,206,207,-1,211,207,212,-1,211,210,207,-1,213,214,209,-1,213,208,206,-1,213,206,210,-1,213,209,208,-1,215,214,213,-1,215,210,211,-1,215,213,210,-1,216,211,212,-1,217,212,218,-1,217,216,212,-1,219,220,214,-1,219,214,215,-1,219,215,211,-1,219,211,216,-1,221,216,217,-1,221,219,216,-1,221,220,219,-1,222,217,218,-1,223,222,218,-1,223,218,224,-1,225,226,220,-1,225,221,217,-1,225,220,221,-1,225,217,222,-1,227,222,223,-1,227,225,222,-1,227,226,225,-1,228,223,224,-1,229,224,230,-1,229,228,224,-1,231,232,226,-1,231,226,227,-1,231,227,223,-1,231,223,228,-1,231,228,229,-1,233,229,230,-1,234,232,231,-1,234,231,229,-1,235,230,236,-1,235,233,230,-1,237,238,232,-1,237,232,234,-1,237,229,233,-1,237,234,229,-1,239,235,236,-1,240,238,237,-1,240,233,235,-1,240,237,233,-1,240,235,239,-1,241,236,242,-1,241,239,236,-1,243,244,238,-1,243,238,240,-1,243,240,239,-1,245,241,242,-1,246,244,243,-1,246,239,241,-1,246,243,239,-1,246,241,245,-1,247,248,244,-1,247,244,246,-1,247,246,245,-1,249,242,250,-1,249,245,242,-1,251,249,250,-1,252,248,247,-1,252,247,245,-1,252,245,249,-1,253,254,248,-1,253,248,252,-1,253,249,251,-1,253,252,249,-1,255,250,256,-1,255,251,250,-1,257,255,256,-1,258,254,253,-1,258,253,251,-1,258,251,255,-1,259,260,254,-1,259,254,258,-1,259,255,257,-1,259,258,255,-1,261,256,262,-1,261,257,256,-1,261,259,257,-1,263,261,262,-1,264,260,259,-1,264,259,261,-1,265,266,260,-1,265,260,264,-1,265,261,263,-1,265,264,261,-1,267,262,268,-1,267,263,262,-1,269,263,267,-1,269,266,265,-1,269,265,263,-1,270,268,271,-1,270,267,268,-1,272,266,269,-1,272,267,270,-1,272,273,266,-1,272,269,267,-1,274,271,275,-1,274,270,271,-1,276,272,270,-1,276,273,272,-1,276,277,273,-1,276,270,274,-1,278,275,1,-1,278,274,275,-1,278,1,0,-1,279,280,277,-1,279,281,280,-1,279,277,276,-1,279,276,274,-1,279,278,0,-1,279,274,278,-1,279,0,282,-1,279,282,281,-1]
coord Coordinate { point [7.76077e-17 0.633715 2.737,0.0352249 0.638462 2.7179,8.7419e-17 0.639433 2.7179,0.03491 -0.632753 2.737,0 -0.633715 2.737,0 -0.639433 2.7179,0.0352249 -0.638462 2.7179,0.0341199 -0.618434 2.75085,0 -0.619374 2.75085,0 -0.600087 2.7559,0.034892 -0.599072 2.7559,0.0697139 -0.629869 2.737,0.0703429 -0.635552 2.7179,0.0681362 -0.615615 2.75085,0.0696659 -0.59603 2.7559,0.104306 -0.625072 2.737,0.105247 -0.630712 2.7179,0.101946 -0.610927 2.75085,0.104204 -0.59097 2.7559,0.138582 -0.618377 2.737,0.139832 -0.623957 2.7179,0.135445 -0.604383 2.75085,0.13839 -0.583912 2.7559,0.172436 -0.609804 2.737,0.173992 -0.615306 2.7179,0.181752 -0.607093 2.737,0.207624 -0.604787 2.7179,0.168534 -0.596004 2.75085,0.172107 -0.574877 2.7559,0.177638 -0.593354 2.75085,0.205767 -0.599379 2.737,0.216743 -0.595498 2.737,0.240625 -0.592431 2.7179,0.20111 -0.585815 2.75085,0.205242 -0.563897 2.7559,0.211838 -0.582021 2.75085,0.238473 -0.587133 2.737,0.251002 -0.581888 2.737,0.272895 -0.578276 2.7179,0.233076 -0.573846 2.75085,0.237682 -0.55101 2.7559,0.245322 -0.568719 2.75085,0.270455 -0.573105 2.737,0.284411 -0.566309 2.737,0.304337 -0.562365 2.7179,0.264334 -0.560135 2.75085,0.269319 -0.536257 2.7559,0.301615 -0.557336 2.737,0.277975 -0.553493 2.75085,0.316858 -0.548813 2.737,0.334854 -0.544745 2.7179,0.294789 -0.544723 2.75085,0.300044 -0.519691 2.7559,0.33186 -0.539874 2.737,0.309687 -0.536394 2.75085,0.348232 -0.529461 2.737,0.364354 -0.525472 2.7179,0.324349 -0.527657 2.75085,0.329753 -0.501365 2.7559,0.361096 -0.520773 2.737,0.340352 -0.517479 2.75085,0.352924 -0.508988 2.75085,0.358347 -0.481344 2.7559,0.378428 -0.508318 2.737,0.392748 -0.504603 2.7179,0.389236 -0.50009 2.737,0.369865 -0.496814 2.75085,0.380427 -0.488773 2.75085,0.385729 -0.459693 2.7559,0.407344 -0.485454 2.737,0.419949 -0.482201 2.7179,0.416194 -0.477889 2.737,0.398126 -0.474468 2.75085,0.406775 -0.467074 2.75085,0.411805 -0.436488 2.7559,0.434882 -0.460948 2.737,0.445875 -0.458334 2.7179,0.441888 -0.454236 2.737,0.42504 -0.450516 2.75085,0.431888 -0.443956 2.75085,0.436488 -0.411805 2.7559,0.460948 -0.434882 2.737,0.470446 -0.433076 2.7179,0.450516 -0.42504 2.75085,0.485454 -0.407344 2.737,0.493589 -0.406503 2.7179,0.474468 -0.398126 2.75085,0.459693 -0.385729 2.7559,0.508318 -0.378428 2.737,0.515233 -0.378695 2.7179,0.496814 -0.369865 2.75085,0.481344 -0.358347 2.7559,0.529461 -0.348232 2.737,0.535312 -0.349737 2.7179,0.517479 -0.340352 2.75085,0.501365 -0.329753 2.7559,0.548813 -0.316858 2.737,0.553765 -0.319717 2.7179,0.536394 -0.309687 2.75085,0.519691 -0.300044 2.7559,0.565435 -0.286144 2.737,0.570537 -0.288725 2.7179,0.585576 -0.256857 2.7179,0.552639 -0.279668 2.75085,0.536257 -0.269319 2.7559,0.58034 -0.254561 2.737,0.567206 -0.2488 2.75085,0.55101 -0.237682 2.7559,0.593481 -0.222204 2.737,0.598836 -0.224209 2.7179,0.580051 -0.217176 2.75085,0.563897 -0.205242 2.7559,0.604821 -0.189173 2.737,0.610278 -0.19088 2.7179,0.619867 -0.156972 2.7179,0.591134 -0.184892 2.75085,0.574877 -0.172107 2.7559,0.614324 -0.155568 2.737,0.616633 -0.146145 2.737,0.627573 -0.122586 2.7179,0.600421 -0.152047 2.75085,0.583912 -0.13839 2.7559,0.602679 -0.142837 2.75085,0.621961 -0.12149 2.737,0.624088 -0.110043 2.737,0.633373 -0.0878284 2.7179,0.607886 -0.118741 2.75085,0.59097 -0.104204 2.7559,0.609964 -0.107553 2.75085,0.627709 -0.087043 2.737,0.62943 -0.0735698 2.737,0.637249 -0.052804 2.7179,0.613504 -0.0850732 2.75085,0.59603 -0.0696659 2.7559,0.615186 -0.0719049 2.75085,0.631551 -0.0523318 2.737,0.632643 -0.0368473 2.737,0.63919 -0.0176192 2.7179,0.617259 -0.0511475 2.75085,0.599072 -0.034892 2.7559,0.633475 -0.0174616 2.737,0.618326 -0.0360134 2.75085,0.633715 6.07737e-16 2.737,0.63919 0.0176192 2.7179,0.619139 -0.0170664 2.75085,0.600087 5.75188e-16 2.7559,0.633475 0.0174616 2.737,0.619374 6.10812e-16 2.75085,0.632643 0.0368473 2.737,0.637249 0.052804 2.7179,0.619139 0.0170664 2.75085,0.599072 0.034892 2.7559,0.631551 0.0523318 2.737,0.618326 0.0360134 2.75085,0.617259 0.0511475 2.75085,0.59603 0.0696659 2.7559,0.62943 0.0735698 2.737,0.633373 0.0878284 2.7179,0.627709 0.087043 2.737,0.615186 0.0719049 2.75085,0.613504 0.0850732 2.75085,0.59097 0.104204 2.7559,0.624088 0.110043 2.737,0.627573 0.122586 2.7179,0.621961 0.12149 2.737,0.609964 0.107553 2.75085,0.607886 0.118741 2.75085,0.583912 0.13839 2.7559,0.616633 0.146145 2.737,0.619867 0.156972 2.7179,0.614324 0.155568 2.737,0.602679 0.142837 2.75085,0.600421 0.152047 2.75085,0.574877 0.172107 2.7559,0.607093 0.181752 2.737,0.610278 0.19088 2.7179,0.593354 0.177638 2.75085,0.595498 0.216743 2.737,0.598836 0.224209 2.7179,0.582021 0.211838 2.75085,0.563897 0.205242 2.7559,0.55101 0.237682 2.7559,0.581888 0.251002 2.737,0.585576 0.256857 2.7179,0.568719 0.245322 2.75085,0.536257 0.269319 2.7559,0.566309 0.284411 2.737,0.570537 0.288725 2.7179,0.553493 0.277975 2.75085,0.548813 0.316858 2.737,0.553765 0.319717 2.7179,0.536394 0.309687 2.75085,0.519691 0.300044 2.7559,0.530525 0.346609 2.737,0.535312 0.349737 2.7179,0.515233 0.378695 2.7179,0.518519 0.338765 2.75085,0.501365 0.329753 2.7559,0.510626 0.375309 2.737,0.49907 0.366815 2.75085,0.481344 0.358347 2.7559,0.489175 0.402868 2.737,0.493589 0.406503 2.7179,0.470446 0.433076 2.7179,0.478105 0.393751 2.75085,0.459693 0.385729 2.7559,0.466239 0.429204 2.737,0.445875 0.458334 2.7179,0.455688 0.419491 2.75085,0.436488 0.411805 2.7559,0.441888 0.454236 2.737,0.434882 0.460948 2.737,0.419949 0.482201 2.7179,0.431888 0.443956 2.75085,0.411805 0.436488 2.7559,0.42504 0.450516 2.75085,0.416194 0.477889 2.737,0.407344 0.485454 2.737,0.392748 0.504603 2.7179,0.406775 0.467074 2.75085,0.385729 0.459693 2.7559,0.398126 0.474468 2.75085,0.389236 0.50009 2.737,0.378428 0.508318 2.737,0.364354 0.525472 2.7179,0.380427 0.488773 2.75085,0.358347 0.481344 2.7559,0.369865 0.496814 2.75085,0.361096 0.520773 2.737,0.348232 0.529461 2.737,0.334854 0.544745 2.7179,0.352924 0.508988 2.75085,0.329753 0.501365 2.7559,0.33186 0.539874 2.737,0.340352 0.517479 2.75085,0.316858 0.548813 2.737,0.304337 0.562365 2.7179,0.324349 0.527657 2.75085,0.300044 0.519691 2.7559,0.301615 0.557336 2.737,0.309687 0.536394 2.75085,0.284411 0.566309 2.737,0.272895 0.578276 2.7179,0.294789 0.544723 2.75085,0.269319 0.536257 2.7559,0.270455 0.573105 2.737,0.277975 0.553493 2.75085,0.264334 0.560135 2.75085,0.237682 0.55101 2.7559,0.251002 0.581888 2.737,0.240625 0.592431 2.7179,0.238473 0.587133 2.737,0.245322 0.568719 2.75085,0.233076 0.573846 2.75085,0.205242 0.563897 2.7559,0.216743 0.595498 2.737,0.207624 0.604787 2.7179,0.205767 0.599379 2.737,0.211838 0.582021 2.75085,0.20111 0.585815 2.75085,0.172107 0.574877 2.7559,0.181752 0.607093 2.737,0.173992 0.615306 2.7179,0.172436 0.609804 2.737,0.177638 0.593354 2.75085,0.168534 0.596004 2.75085,0.13839 0.583912 2.7559,0.146145 0.616633 2.737,0.139832 0.623957 2.7179,0.142837 0.602679 2.75085,0.110043 0.624088 2.737,0.105247 0.630712 2.7179,0.107553 0.609964 2.75085,0.104204 0.59097 2.7559,0.0735698 0.62943 2.737,0.0703429 0.635552 2.7179,0.0719049 0.615186 2.75085,0.0696659 0.59603 2.7559,0.0368473 0.632643 2.737,0.0360134 0.618326 2.75085,0.034892 0.599072 2.7559,8.7419e-17 0.600087 2.7559,7.58514e-17 0.619374 2.75085]
}}
appearance Appearance{material USE IC-BODY-EPOXY-04 }}
Shape { geometry IndexedFaceSet 
{ creaseAngle 1.00 coordIndex [0,1,2,-1,3,4,5,-1,3,5,6,-1,7,8,4,-1,7,9,8,-1,7,4,3,-1,7,10,9,-1,11,3,6,-1,11,6,12,-1,13,7,3,-1,13,14,10,-1,13,3,11,-1,13,10,7,-1,15,12,16,-1,15,11,12,-1,17,11,15,-1,17,13,11,-1,17,14,13,-1,17,18,14,-1,19,15,16,-1,19,16,20,-1,21,17,15,-1,21,22,18,-1,21,15,19,-1,21,18,17,-1,23,20,24,-1,23,19,20,-1,25,23,24,-1,25,24,26,-1,27,22,21,-1,27,21,19,-1,27,19,23,-1,27,28,22,-1,29,23,25,-1,29,27,23,-1,29,28,27,-1,30,25,26,-1,31,30,26,-1,31,26,32,-1,33,28,29,-1,33,25,30,-1,33,30,31,-1,33,34,28,-1,33,29,25,-1,35,33,31,-1,35,34,33,-1,36,31,32,-1,36,35,31,-1,37,36,32,-1,37,32,38,-1,39,35,36,-1,39,40,34,-1,39,34,35,-1,41,39,36,-1,41,40,39,-1,41,36,37,-1,42,37,38,-1,43,42,38,-1,43,38,44,-1,45,40,41,-1,45,37,42,-1,45,41,37,-1,45,42,43,-1,45,46,40,-1,47,43,44,-1,48,45,43,-1,48,46,45,-1,49,44,50,-1,49,47,44,-1,51,46,48,-1,51,48,43,-1,51,43,47,-1,51,52,46,-1,53,49,50,-1,54,47,49,-1,54,52,51,-1,54,51,47,-1,55,53,50,-1,55,50,56,-1,57,49,53,-1,57,52,54,-1,57,54,49,-1,57,58,52,-1,59,55,56,-1,60,53,55,-1,60,57,53,-1,60,58,57,-1,60,55,59,-1,61,58,60,-1,61,60,59,-1,61,62,58,-1,63,56,64,-1,63,59,56,-1,65,63,64,-1,66,59,63,-1,66,61,59,-1,66,62,61,-1,67,62,66,-1,67,63,65,-1,67,68,62,-1,67,66,63,-1,69,64,70,-1,69,65,64,-1,71,69,70,-1,72,65,69,-1,72,67,65,-1,72,68,67,-1,73,68,72,-1,73,69,71,-1,73,72,69,-1,73,74,68,-1,75,70,76,-1,75,71,70,-1,77,75,76,-1,78,73,71,-1,78,74,73,-1,78,71,75,-1,79,75,77,-1,79,78,75,-1,79,80,74,-1,79,74,78,-1,81,76,82,-1,81,77,76,-1,83,79,77,-1,83,80,79,-1,83,77,81,-1,84,82,85,-1,84,81,82,-1,86,80,83,-1,86,83,81,-1,86,87,80,-1,86,81,84,-1,88,85,89,-1,88,84,85,-1,90,86,84,-1,90,87,86,-1,90,91,87,-1,90,84,88,-1,92,89,93,-1,92,88,89,-1,94,95,91,-1,94,96,95,-1,94,91,90,-1,94,90,88,-1,94,88,92,-1,97,93,98,-1,97,94,92,-1,97,92,93,-1,99,96,94,-1,99,94,97,-1,100,97,98,-1,100,101,102,-1,100,98,101,-1,100,99,97,-1,103,104,96,-1,103,96,99,-1,103,99,100,-1,105,100,102,-1,105,102,106,-1,107,100,105,-1,107,108,104,-1,107,103,100,-1,107,104,103,-1,109,105,106,-1,109,106,110,-1,111,107,105,-1,111,108,107,-1,111,105,109,-1,111,112,108,-1,113,109,110,-1,113,110,114,-1,113,111,109,-1,115,112,111,-1,115,111,113,-1,115,116,112,-1,117,113,114,-1,118,117,114,-1,118,114,119,-1,120,115,113,-1,120,113,117,-1,120,116,115,-1,120,117,118,-1,120,121,116,-1,122,120,118,-1,122,121,120,-1,123,118,119,-1,124,123,119,-1,124,119,125,-1,126,118,123,-1,126,122,118,-1,126,121,122,-1,126,127,121,-1,128,126,123,-1,128,123,124,-1,128,127,126,-1,129,124,125,-1,129,128,124,-1,130,125,131,-1,130,129,125,-1,132,127,128,-1,132,128,129,-1,132,133,127,-1,134,132,129,-1,134,129,130,-1,134,133,132,-1,135,130,131,-1,136,131,137,-1,136,135,131,-1,138,134,130,-1,138,133,134,-1,138,130,135,-1,138,139,133,-1,140,136,137,-1,141,135,136,-1,141,138,135,-1,141,139,138,-1,142,137,143,-1,142,140,137,-1,144,141,136,-1,144,136,140,-1,144,139,141,-1,144,145,139,-1,146,142,143,-1,147,144,140,-1,147,140,142,-1,147,145,144,-1,147,142,146,-1,148,143,149,-1,148,146,143,-1,150,145,147,-1,150,147,146,-1,150,151,145,-1,152,148,149,-1,153,146,148,-1,153,150,146,-1,153,151,150,-1,154,153,148,-1,154,148,152,-1,154,151,153,-1,154,155,151,-1,156,149,157,-1,156,152,149,-1,158,156,157,-1,159,154,152,-1,159,155,154,-1,159,152,156,-1,160,156,158,-1,160,155,159,-1,160,161,155,-1,160,159,156,-1,162,157,163,-1,162,158,157,-1,164,162,163,-1,165,160,158,-1,165,161,160,-1,165,158,162,-1,166,161,165,-1,166,162,164,-1,166,165,162,-1,166,167,161,-1,168,164,163,-1,168,163,169,-1,170,168,169,-1,171,164,168,-1,171,166,164,-1,171,167,166,-1,172,168,170,-1,172,167,171,-1,172,171,168,-1,172,173,167,-1,174,170,169,-1,174,169,175,-1,176,170,174,-1,176,172,170,-1,176,173,172,-1,176,177,173,-1,178,175,179,-1,178,174,175,-1,180,176,174,-1,180,177,176,-1,180,174,178,-1,181,179,182,-1,181,178,179,-1,183,177,180,-1,183,180,178,-1,183,178,181,-1,183,184,177,-1,183,185,184,-1,186,182,187,-1,186,181,182,-1,188,183,181,-1,188,185,183,-1,188,181,186,-1,188,189,185,-1,190,187,191,-1,190,186,187,-1,192,188,186,-1,192,189,188,-1,192,186,190,-1,193,194,195,-1,193,191,194,-1,193,190,191,-1,196,189,192,-1,196,192,190,-1,196,190,193,-1,196,197,189,-1,198,193,195,-1,199,200,197,-1,199,197,196,-1,199,196,193,-1,199,193,198,-1,201,202,203,-1,201,195,202,-1,201,198,195,-1,204,205,200,-1,204,200,199,-1,204,199,198,-1,204,198,201,-1,206,203,207,-1,206,201,203,-1,208,209,205,-1,208,205,204,-1,208,204,201,-1,208,201,206,-1,210,206,207,-1,211,207,212,-1,211,210,207,-1,213,214,209,-1,213,209,208,-1,213,208,206,-1,213,206,210,-1,215,214,213,-1,215,210,211,-1,215,213,210,-1,216,211,212,-1,217,212,218,-1,217,216,212,-1,219,220,214,-1,219,214,215,-1,219,215,211,-1,219,211,216,-1,221,220,219,-1,221,219,216,-1,221,216,217,-1,222,217,218,-1,223,222,218,-1,223,218,224,-1,225,221,217,-1,225,226,220,-1,225,220,221,-1,225,217,222,-1,227,226,225,-1,227,222,223,-1,227,225,222,-1,228,223,224,-1,229,224,230,-1,229,228,224,-1,231,232,226,-1,231,226,227,-1,231,227,223,-1,231,223,228,-1,233,229,230,-1,234,232,231,-1,234,228,229,-1,234,231,228,-1,234,229,233,-1,235,230,236,-1,235,233,230,-1,237,238,232,-1,237,232,234,-1,237,234,233,-1,239,235,236,-1,240,238,237,-1,240,233,235,-1,240,237,233,-1,240,235,239,-1,241,236,242,-1,241,239,236,-1,243,244,238,-1,243,238,240,-1,243,240,239,-1,243,239,241,-1,245,241,242,-1,246,244,243,-1,246,243,241,-1,247,248,244,-1,247,244,246,-1,247,241,245,-1,247,246,241,-1,249,242,250,-1,249,245,242,-1,251,249,250,-1,252,248,247,-1,252,247,245,-1,252,245,249,-1,253,254,248,-1,253,248,252,-1,253,249,251,-1,253,252,249,-1,255,250,256,-1,255,251,250,-1,255,253,251,-1,257,255,256,-1,258,254,253,-1,258,253,255,-1,259,260,254,-1,259,254,258,-1,259,255,257,-1,259,258,255,-1,261,256,262,-1,261,257,256,-1,263,261,262,-1,264,260,259,-1,264,259,257,-1,264,257,261,-1,264,261,263,-1,265,266,260,-1,265,260,264,-1,265,264,263,-1,267,262,268,-1,267,263,262,-1,269,263,267,-1,269,266,265,-1,269,265,263,-1,270,268,271,-1,270,267,268,-1,272,266,269,-1,272,267,270,-1,272,273,266,-1,272,269,267,-1,274,271,275,-1,274,270,271,-1,276,272,270,-1,276,273,272,-1,276,277,273,-1,276,270,274,-1,278,275,1,-1,278,274,275,-1,278,1,0,-1,279,276,274,-1,279,280,277,-1,279,281,280,-1,279,277,276,-1,279,278,0,-1,279,274,278,-1,279,0,282,-1,279,282,281,-1]
coord Coordinate { point [0 -0.633715 2.737,-0.0352249 -0.638462 2.7179,0 -0.639433 2.7179,-0.03491 0.632753 2.737,7.76077e-17 0.633715 2.737,8.7419e-17 0.639433 2.7179,-0.0352249 0.638462 2.7179,-0.0341199 0.618434 2.75085,7.58514e-17 0.619374 2.75085,8.7419e-17 0.600087 2.7559,-0.034892 0.599072 2.7559,-0.0697139 0.629869 2.737,-0.0703429 0.635552 2.7179,-0.0681362 0.615615 2.75085,-0.0696659 0.59603 2.7559,-0.104306 0.625072 2.737,-0.105247 0.630712 2.7179,-0.101946 0.610927 2.75085,-0.104204 0.59097 2.7559,-0.138582 0.618377 2.737,-0.139832 0.623957 2.7179,-0.135445 0.604383 2.75085,-0.13839 0.583912 2.7559,-0.172436 0.609804 2.737,-0.173992 0.615306 2.7179,-0.181752 0.607093 2.737,-0.207624 0.604787 2.7179,-0.168534 0.596004 2.75085,-0.172107 0.574877 2.7559,-0.177638 0.593354 2.75085,-0.205767 0.599379 2.737,-0.216743 0.595498 2.737,-0.240625 0.592431 2.7179,-0.20111 0.585815 2.75085,-0.205242 0.563897 2.7559,-0.211838 0.582021 2.75085,-0.238473 0.587133 2.737,-0.251002 0.581888 2.737,-0.272895 0.578276 2.7179,-0.233076 0.573846 2.75085,-0.237682 0.55101 2.7559,-0.245322 0.568719 2.75085,-0.270455 0.573105 2.737,-0.284411 0.566309 2.737,-0.304337 0.562365 2.7179,-0.264334 0.560135 2.75085,-0.269319 0.536257 2.7559,-0.301615 0.557336 2.737,-0.277975 0.553493 2.75085,-0.316858 0.548813 2.737,-0.334854 0.544745 2.7179,-0.294789 0.544723 2.75085,-0.300044 0.519691 2.7559,-0.33186 0.539874 2.737,-0.309687 0.536394 2.75085,-0.348232 0.529461 2.737,-0.364354 0.525472 2.7179,-0.324349 0.527657 2.75085,-0.329753 0.501365 2.7559,-0.361096 0.520773 2.737,-0.340352 0.517479 2.75085,-0.352924 0.508988 2.75085,-0.358347 0.481344 2.7559,-0.378428 0.508318 2.737,-0.392748 0.504603 2.7179,-0.389236 0.50009 2.737,-0.369865 0.496814 2.75085,-0.380427 0.488773 2.75085,-0.385729 0.459693 2.7559,-0.407344 0.485454 2.737,-0.419949 0.482201 2.7179,-0.416194 0.477889 2.737,-0.398126 0.474468 2.75085,-0.406775 0.467074 2.75085,-0.411805 0.436488 2.7559,-0.434882 0.460948 2.737,-0.445875 0.458334 2.7179,-0.441888 0.454236 2.737,-0.42504 0.450516 2.75085,-0.431888 0.443956 2.75085,-0.436488 0.411805 2.7559,-0.460948 0.434882 2.737,-0.470446 0.433076 2.7179,-0.450516 0.42504 2.75085,-0.485454 0.407344 2.737,-0.493589 0.406503 2.7179,-0.474468 0.398126 2.75085,-0.459693 0.385729 2.7559,-0.508318 0.378428 2.737,-0.515233 0.378695 2.7179,-0.496814 0.369865 2.75085,-0.481344 0.358347 2.7559,-0.529461 0.348232 2.737,-0.535312 0.349737 2.7179,-0.517479 0.340352 2.75085,-0.501365 0.329753 2.7559,-0.519691 0.300044 2.7559,-0.548813 0.316858 2.737,-0.553765 0.319717 2.7179,-0.536394 0.309687 2.75085,-0.565435 0.286144 2.737,-0.570537 0.288725 2.7179,-0.585576 0.256857 2.7179,-0.552639 0.279668 2.75085,-0.536257 0.269319 2.7559,-0.58034 0.254561 2.737,-0.598836 0.224209 2.7179,-0.567206 0.2488 2.75085,-0.55101 0.237682 2.7559,-0.593481 0.222204 2.737,-0.610278 0.19088 2.7179,-0.580051 0.217176 2.75085,-0.563897 0.205242 2.7559,-0.604821 0.189173 2.737,-0.619867 0.156972 2.7179,-0.591134 0.184892 2.75085,-0.574877 0.172107 2.7559,-0.614324 0.155568 2.737,-0.616633 0.146145 2.737,-0.627573 0.122586 2.7179,-0.600421 0.152047 2.75085,-0.583912 0.13839 2.7559,-0.602679 0.142837 2.75085,-0.621961 0.12149 2.737,-0.624088 0.110043 2.737,-0.633373 0.0878284 2.7179,-0.607886 0.118741 2.75085,-0.59097 0.104204 2.7559,-0.609964 0.107553 2.75085,-0.627709 0.087043 2.737,-0.62943 0.0735698 2.737,-0.637249 0.052804 2.7179,-0.613504 0.0850732 2.75085,-0.59603 0.0696659 2.7559,-0.615186 0.0719049 2.75085,-0.631551 0.0523318 2.737,-0.632643 0.0368473 2.737,-0.63919 0.0176192 2.7179,-0.617259 0.0511475 2.75085,-0.599072 0.034892 2.7559,-0.633475 0.0174616 2.737,-0.618326 0.0360134 2.75085,-0.633715 6.07737e-16 2.737,-0.63919 -0.0176192 2.7179,-0.619139 0.0170664 2.75085,-0.600087 7.22167e-16 2.7559,-0.633475 -0.0174616 2.737,-0.619374 6.10812e-16 2.75085,-0.632643 -0.0368473 2.737,-0.637249 -0.052804 2.7179,-0.619139 -0.0170664 2.75085,-0.599072 -0.034892 2.7559,-0.631551 -0.0523318 2.737,-0.618326 -0.0360134 2.75085,-0.617259 -0.0511475 2.75085,-0.59603 -0.0696659 2.7559,-0.62943 -0.0735698 2.737,-0.633373 -0.0878284 2.7179,-0.627709 -0.087043 2.737,-0.615186 -0.0719049 2.75085,-0.613504 -0.0850732 2.75085,-0.59097 -0.104204 2.7559,-0.624088 -0.110043 2.737,-0.627573 -0.122586 2.7179,-0.621961 -0.12149 2.737,-0.609964 -0.107553 2.75085,-0.607886 -0.118741 2.75085,-0.583912 -0.13839 2.7559,-0.616633 -0.146145 2.737,-0.619867 -0.156972 2.7179,-0.614324 -0.155568 2.737,-0.602679 -0.142837 2.75085,-0.600421 -0.152047 2.75085,-0.574877 -0.172107 2.7559,-0.607093 -0.181752 2.737,-0.610278 -0.19088 2.7179,-0.593354 -0.177638 2.75085,-0.563897 -0.205242 2.7559,-0.595498 -0.216743 2.737,-0.598836 -0.224209 2.7179,-0.582021 -0.211838 2.75085,-0.581888 -0.251002 2.737,-0.585576 -0.256857 2.7179,-0.568719 -0.245322 2.75085,-0.55101 -0.237682 2.7559,-0.536257 -0.269319 2.7559,-0.566309 -0.284411 2.737,-0.570537 -0.288725 2.7179,-0.553493 -0.277975 2.75085,-0.519691 -0.300044 2.7559,-0.548813 -0.316858 2.737,-0.553765 -0.319717 2.7179,-0.536394 -0.309687 2.75085,-0.530525 -0.346609 2.737,-0.535312 -0.349737 2.7179,-0.515233 -0.378695 2.7179,-0.518519 -0.338765 2.75085,-0.501365 -0.329753 2.7559,-0.510626 -0.375309 2.737,-0.49907 -0.366815 2.75085,-0.481344 -0.358347 2.7559,-0.489175 -0.402868 2.737,-0.493589 -0.406503 2.7179,-0.470446 -0.433076 2.7179,-0.478105 -0.393751 2.75085,-0.459693 -0.385729 2.7559,-0.466239 -0.429204 2.737,-0.445875 -0.458334 2.7179,-0.455688 -0.419491 2.75085,-0.436488 -0.411805 2.7559,-0.441888 -0.454236 2.737,-0.434882 -0.460948 2.737,-0.419949 -0.482201 2.7179,-0.431888 -0.443956 2.75085,-0.411805 -0.436488 2.7559,-0.42504 -0.450516 2.75085,-0.416194 -0.477889 2.737,-0.407344 -0.485454 2.737,-0.392748 -0.504603 2.7179,-0.406775 -0.467074 2.75085,-0.385729 -0.459693 2.7559,-0.398126 -0.474468 2.75085,-0.389236 -0.50009 2.737,-0.378428 -0.508318 2.737,-0.364354 -0.525472 2.7179,-0.380427 -0.488773 2.75085,-0.358347 -0.481344 2.7559,-0.369865 -0.496814 2.75085,-0.361096 -0.520773 2.737,-0.348232 -0.529461 2.737,-0.334854 -0.544745 2.7179,-0.352924 -0.508988 2.75085,-0.329753 -0.501365 2.7559,-0.33186 -0.539874 2.737,-0.340352 -0.517479 2.75085,-0.316858 -0.548813 2.737,-0.304337 -0.562365 2.7179,-0.324349 -0.527657 2.75085,-0.300044 -0.519691 2.7559,-0.301615 -0.557336 2.737,-0.309687 -0.536394 2.75085,-0.284411 -0.566309 2.737,-0.272895 -0.578276 2.7179,-0.294789 -0.544723 2.75085,-0.269319 -0.536257 2.7559,-0.270455 -0.573105 2.737,-0.277975 -0.553493 2.75085,-0.264334 -0.560135 2.75085,-0.237682 -0.55101 2.7559,-0.251002 -0.581888 2.737,-0.240625 -0.592431 2.7179,-0.238473 -0.587133 2.737,-0.245322 -0.568719 2.75085,-0.233076 -0.573846 2.75085,-0.205242 -0.563897 2.7559,-0.216743 -0.595498 2.737,-0.207624 -0.604787 2.7179,-0.205767 -0.599379 2.737,-0.211838 -0.582021 2.75085,-0.20111 -0.585815 2.75085,-0.172107 -0.574877 2.7559,-0.181752 -0.607093 2.737,-0.173992 -0.615306 2.7179,-0.172436 -0.609804 2.737,-0.177638 -0.593354 2.75085,-0.168534 -0.596004 2.75085,-0.13839 -0.583912 2.7559,-0.146145 -0.616633 2.737,-0.139832 -0.623957 2.7179,-0.142837 -0.602679 2.75085,-0.110043 -0.624088 2.737,-0.105247 -0.630712 2.7179,-0.107553 -0.609964 2.75085,-0.104204 -0.59097 2.7559,-0.0735698 -0.62943 2.737,-0.0703429 -0.635552 2.7179,-0.0719049 -0.615186 2.75085,-0.0696659 -0.59603 2.7559,-0.0368473 -0.632643 2.737,-0.0360134 -0.618326 2.75085,-0.034892 -0.599072 2.7559,0 -0.600087 2.7559,0 -0.619374 2.75085]
}}
appearance Appearance{material USE IC-BODY-EPOXY-04 }}
Shape { geometry IndexedFaceSet 
{ creaseAngle 1.00 coordIndex [0,1,2,-1,0,2,3,-1,0,3,4,-1,5,4,6,-1,5,0,4,-1,7,6,8,-1,7,8,9,-1,7,5,6,-1,10,1,0,-1,11,9,12,-1,11,12,13,-1,11,7,9,-1,14,0,5,-1,14,10,0,-1,15,13,16,-1,15,16,17,-1,15,11,13,-1,18,14,5,-1,18,5,7,-1,19,1,10,-1,20,17,21,-1,20,21,22,-1,20,15,17,-1,23,7,11,-1,23,18,7,-1,24,10,14,-1,24,19,10,-1,25,22,26,-1,25,20,22,-1,27,23,11,-1,27,11,15,-1,28,24,14,-1,28,14,18,-1,29,26,30,-1,29,30,31,-1,29,25,26,-1,32,1,19,-1,33,27,15,-1,33,15,20,-1,34,28,18,-1,34,18,23,-1,35,31,36,-1,35,36,37,-1,35,29,31,-1,38,32,19,-1,38,19,24,-1,39,20,25,-1,39,33,20,-1,40,34,23,-1,40,23,27,-1,41,37,42,-1,41,42,43,-1,41,35,37,-1,44,24,28,-1,44,38,24,-1,45,39,25,-1,45,25,29,-1,46,47,1,-1,46,1,32,-1,48,40,27,-1,48,27,33,-1,49,43,50,-1,49,41,43,-1,51,28,34,-1,51,44,28,-1,52,45,29,-1,52,29,35,-1,53,32,38,-1,53,46,32,-1,54,48,33,-1,54,33,39,-1,55,50,56,-1,55,56,57,-1,55,49,50,-1,58,34,40,-1,58,51,34,-1,59,41,49,-1,59,35,41,-1,59,52,35,-1,60,38,44,-1,60,53,38,-1,61,54,39,-1,61,39,45,-1,62,57,63,-1,62,63,64,-1,62,55,57,-1,65,47,46,-1,66,48,54,-1,66,58,40,-1,66,40,48,-1,67,59,49,-1,68,44,51,-1,68,60,44,-1,69,61,45,-1,69,45,52,-1,70,64,71,-1,70,71,72,-1,70,62,64,-1,73,46,53,-1,73,65,46,-1,74,66,54,-1,75,67,49,-1,75,49,55,-1,76,51,58,-1,76,68,51,-1,77,52,59,-1,77,69,52,-1,78,72,79,-1,78,79,80,-1,78,70,72,-1,81,53,60,-1,81,73,53,-1,82,54,61,-1,82,74,54,-1,83,75,55,-1,83,55,62,-1,84,47,65,-1,84,65,73,-1,85,76,58,-1,85,58,66,-1,86,59,67,-1,86,77,59,-1,87,80,88,-1,87,78,80,-1,89,81,60,-1,89,60,68,-1,90,61,69,-1,90,82,61,-1,91,62,70,-1,91,83,62,-1,92,84,73,-1,93,66,74,-1,93,85,66,-1,94,67,75,-1,94,86,67,-1,95,88,96,-1,95,96,97,-1,95,87,88,-1,98,89,68,-1,98,68,76,-1,99,90,69,-1,99,69,77,-1,99,77,86,-1,100,91,70,-1,100,70,78,-1,101,92,73,-1,101,73,81,-1,102,93,74,-1,102,74,82,-1,103,75,83,-1,103,94,75,-1,104,47,84,-1,104,105,106,-1,104,106,107,-1,104,107,47,-1,108,97,109,-1,108,95,97,-1,108,109,110,-1,111,98,76,-1,111,76,85,-1,112,86,94,-1,112,99,86,-1,113,100,78,-1,113,78,87,-1,114,101,81,-1,114,81,89,-1,115,82,90,-1,115,102,82,-1,116,91,100,-1,116,83,91,-1,116,103,83,-1,117,92,101,-1,117,118,119,-1,117,119,105,-1,117,104,84,-1,117,105,104,-1,117,84,92,-1,120,108,110,-1,120,110,121,-1,120,121,122,-1,123,111,85,-1,123,85,93,-1,124,112,94,-1,125,87,95,-1,125,113,87,-1,126,89,98,-1,126,114,89,-1,127,99,112,-1,127,90,99,-1,127,115,90,-1,128,116,100,-1,129,130,131,-1,129,131,118,-1,129,117,101,-1,129,118,117,-1,132,120,122,-1,132,122,133,-1,132,133,134,-1,135,93,102,-1,135,123,93,-1,136,94,103,-1,136,124,94,-1,137,125,95,-1,137,95,108,-1,138,98,111,-1,138,126,98,-1,139,127,112,-1,140,100,113,-1,140,128,100,-1,140,113,125,-1,141,142,143,-1,141,143,130,-1,141,130,129,-1,141,101,114,-1,141,114,126,-1,141,129,101,-1,144,132,134,-1,144,134,145,-1,146,135,102,-1,146,102,115,-1,147,103,116,-1,147,136,103,-1,148,108,120,-1,148,137,108,-1,149,138,111,-1,149,123,135,-1,149,111,123,-1,150,112,124,-1,150,139,112,-1,151,140,125,-1,152,153,154,-1,152,154,142,-1,152,141,126,-1,152,142,141,-1,155,145,156,-1,155,144,145,-1,155,156,157,-1,158,146,115,-1,158,127,139,-1,158,115,127,-1,159,116,128,-1,159,147,116,-1,160,148,120,-1,160,120,132,-1,160,132,144,-1,161,149,135,-1,162,150,124,-1,162,136,147,-1,162,124,136,-1,163,125,137,-1,163,151,125,-1,164,165,166,-1,164,166,153,-1,164,153,152,-1,164,152,126,-1,164,126,138,-1,167,157,168,-1,167,168,169,-1,167,155,157,-1,170,158,139,-1,171,128,140,-1,171,140,151,-1,171,159,128,-1,172,160,144,-1,173,135,146,-1,173,161,135,-1,174,162,147,-1,175,137,148,-1,175,163,137,-1,176,177,178,-1,176,178,165,-1,176,165,164,-1,176,138,149,-1,176,164,138,-1,179,169,180,-1,179,180,181,-1,179,167,169,-1,182,170,139,-1,182,139,150,-1,183,171,151,-1,184,144,155,-1,184,172,144,-1,184,155,167,-1,185,173,146,-1,185,158,170,-1,185,146,158,-1,186,147,159,-1,186,174,147,-1,187,160,172,-1,187,148,160,-1,187,175,148,-1,188,189,177,-1,188,177,176,-1,188,149,161,-1,188,176,149,-1,190,181,191,-1,190,179,181,-1,192,150,162,-1,192,182,150,-1,193,151,163,-1,193,183,151,-1,194,167,179,-1,194,184,167,-1,195,185,170,-1,196,159,171,-1,196,171,183,-1,196,186,159,-1,197,187,172,-1,198,199,200,-1,198,200,189,-1,198,161,173,-1,198,188,161,-1,198,189,188,-1,201,191,202,-1,201,202,203,-1,201,190,191,-1,204,192,162,-1,204,162,174,-1,205,163,175,-1,205,175,187,-1,205,193,163,-1,206,194,179,-1,207,195,170,-1,207,170,182,-1,208,183,193,-1,208,196,183,-1,209,197,172,-1,209,172,184,-1,209,184,194,-1,210,211,212,-1,210,212,199,-1,210,199,198,-1,210,198,173,-1,210,173,185,-1,213,203,214,-1,213,214,215,-1,213,201,203,-1,216,174,186,-1,216,204,174,-1,217,187,197,-1,217,205,187,-1,218,179,190,-1,218,206,179,-1,219,182,192,-1,219,207,182,-1,220,208,193,-1,221,209,194,-1,222,223,211,-1,222,185,195,-1,222,211,210,-1,222,210,185,-1,222,224,223,-1,225,213,215,-1,225,215,226,-1,225,226,227,-1,228,216,186,-1,228,186,196,-1,229,217,197,-1,230,190,201,-1,230,218,190,-1,231,219,192,-1,231,192,204,-1,232,193,205,-1,232,220,193,-1,233,221,194,-1,233,194,206,-1,234,195,207,-1,234,222,195,-1,234,224,222,-1,234,235,236,-1,234,236,224,-1,237,225,227,-1,237,227,238,-1,237,238,239,-1,240,196,208,-1,240,208,220,-1,240,228,196,-1,241,197,209,-1,241,209,221,-1,241,229,197,-1,242,201,213,-1,242,230,201,-1,243,231,204,-1,243,204,216,-1,244,205,217,-1,244,217,229,-1,244,232,205,-1,245,206,218,-1,245,233,206,-1,246,235,234,-1,246,234,207,-1,246,207,219,-1,246,247,248,-1,246,248,235,-1,249,237,239,-1,249,239,250,-1,251,240,220,-1,252,221,233,-1,252,241,221,-1,253,213,225,-1,253,242,213,-1,254,228,240,-1,254,216,228,-1,254,243,216,-1,255,244,229,-1,256,245,218,-1,256,218,230,-1,257,247,246,-1,257,219,231,-1,257,246,219,-1,257,258,259,-1,257,259,247,-1,260,249,250,-1,260,250,261,-1,260,261,262,-1,260,262,263,-1,264,251,220,-1,264,232,244,-1,264,220,232,-1,265,252,233,-1,266,253,225,-1,266,225,237,-1,267,254,240,-1,267,240,251,-1,268,229,241,-1,268,255,229,-1,269,256,230,-1,269,230,242,-1,270,257,231,-1,270,258,257,-1,270,231,243,-1,270,271,272,-1,270,272,258,-1,273,244,255,-1,273,264,244,-1,274,233,245,-1,274,265,233,-1,275,237,249,-1,275,249,260,-1,275,266,237,-1,276,267,251,-1,277,241,252,-1,277,252,265,-1,277,268,241,-1,278,269,242,-1,278,242,253,-1,278,253,266,-1,279,243,254,-1,279,254,267,-1,279,270,243,-1,279,271,270,-1,279,280,281,-1,279,281,271,-1,282,273,255,-1,283,274,245,-1,283,245,256,-1,284,275,260,-1,284,260,263,-1,285,251,264,-1,285,276,251,-1,285,264,273,-1,286,277,265,-1,287,278,266,-1,288,280,279,-1,288,267,276,-1,288,289,290,-1,288,290,280,-1,288,279,267,-1,291,268,277,-1,291,255,268,-1,291,282,255,-1,292,283,256,-1,292,256,269,-1,293,285,273,-1,293,273,282,-1,294,286,265,-1,294,265,274,-1,295,287,266,-1,295,275,284,-1,295,266,275,-1,296,288,276,-1,296,289,288,-1,296,297,298,-1,296,298,289,-1,299,291,277,-1,300,292,269,-1,300,269,278,-1,301,293,282,-1,302,294,274,-1,302,274,283,-1,303,284,263,-1,303,295,284,-1,304,296,276,-1,304,297,296,-1,304,276,285,-1,304,285,293,-1,304,305,306,-1,304,306,297,-1,307,277,286,-1,307,299,277,-1,308,300,278,-1,308,278,287,-1,309,301,282,-1,309,282,291,-1,309,291,299,-1,310,302,283,-1,310,283,292,-1,311,293,301,-1,311,304,293,-1,311,305,304,-1,311,312,313,-1,311,313,305,-1,314,294,302,-1,314,307,286,-1,314,286,294,-1,315,287,295,-1,315,308,287,-1,316,299,307,-1,316,309,299,-1,317,300,308,-1,317,310,292,-1,317,292,300,-1,318,312,311,-1,318,311,301,-1,318,319,320,-1,318,320,312,-1,321,314,302,-1,322,295,303,-1,322,303,263,-1,322,315,295,-1,323,316,307,-1,324,317,308,-1,325,309,316,-1,325,301,309,-1,325,318,301,-1,325,326,327,-1,325,327,319,-1,325,319,318,-1,328,302,310,-1,328,321,302,-1,329,307,314,-1,329,323,307,-1,330,308,315,-1,330,324,308,-1,330,315,322,-1,331,332,333,-1,331,333,326,-1,331,325,316,-1,331,326,325,-1,334,328,310,-1,334,310,317,-1,335,314,321,-1,335,329,314,-1,336,330,322,-1,336,263,337,-1,336,322,263,-1,338,331,316,-1,338,339,332,-1,338,332,331,-1,338,316,323,-1,340,334,317,-1,340,317,324,-1,341,335,321,-1,341,321,328,-1,342,323,329,-1,342,339,338,-1,342,338,323,-1,342,343,344,-1,342,344,339,-1,345,340,324,-1,345,324,330,-1,346,328,334,-1,346,341,328,-1,347,343,342,-1,347,329,335,-1,347,342,329,-1,347,348,349,-1,347,349,343,-1,350,345,330,-1,350,330,336,-1,350,336,337,-1,351,346,334,-1,351,334,340,-1,352,348,347,-1,352,347,335,-1,352,353,354,-1,352,354,348,-1,352,335,341,-1,355,345,350,-1,355,340,345,-1,355,351,340,-1,356,341,346,-1,356,352,341,-1,356,353,352,-1,356,357,358,-1,356,358,353,-1,359,355,350,-1,359,350,337,-1,360,346,351,-1,360,356,346,-1,360,357,356,-1,360,361,362,-1,360,362,357,-1,363,351,355,-1,363,360,351,-1,363,364,365,-1,363,365,361,-1,363,361,360,-1,366,355,359,-1,366,359,337,-1,366,363,355,-1,366,337,367,-1,366,367,368,-1,366,368,364,-1,366,364,363,-1]
coord Coordinate { point [0.063215 0.641832 2.56027,8.7419e-17 0.639433 2.7179,0.0352249 0.638462 2.7179,0.0703429 0.635552 2.7179,0.105247 0.630712 2.7179,0.125821 0.632545 2.56027,0.139832 0.623957 2.7179,0.187216 0.617167 2.56027,0.173992 0.615306 2.7179,0.207624 0.604787 2.7179,0.0637545 0.64731 2.40264,0.246807 0.595845 2.56027,0.240625 0.592431 2.7179,0.272895 0.578276 2.7179,0.126895 0.637944 2.40264,0.304022 0.568784 2.56027,0.304337 0.562365 2.7179,0.334854 0.544745 2.7179,0.188813 0.622435 2.40264,0.0642941 0.652789 2.24501,0.358308 0.536246 2.56027,0.364354 0.525472 2.7179,0.392748 0.504603 2.7179,0.248914 0.60093 2.40264,0.127969 0.643343 2.24501,0.409144 0.498544 2.56027,0.419949 0.482201 2.7179,0.306616 0.573639 2.40264,0.190411 0.627702 2.24501,0.45604 0.45604 2.56027,0.445875 0.458334 2.7179,0.470446 0.433076 2.7179,0.0648336 0.658267 2.08737,0.361366 0.540823 2.40264,0.25102 0.606016 2.24501,0.498544 0.409144 2.56027,0.493589 0.406503 2.7179,0.515233 0.378695 2.7179,0.129043 0.648742 2.08737,0.412636 0.502799 2.40264,0.309211 0.578494 2.24501,0.536246 0.358308 2.56027,0.535312 0.349737 2.7179,0.553765 0.319717 2.7179,0.192009 0.63297 2.08737,0.459932 0.459932 2.40264,0.0653732 0.663745 1.92974,-8.7419e-17 0.688975 1.29921,0.364425 0.5454 2.24501,0.568784 0.304022 2.56027,0.570537 0.288725 2.7179,0.253127 0.611102 2.08737,0.502799 0.412636 2.40264,0.130117 0.654141 1.92974,0.416128 0.507054 2.24501,0.595845 0.246807 2.56027,0.585576 0.256857 2.7179,0.598836 0.224209 2.7179,0.311806 0.583348 2.08737,0.540823 0.361366 2.40264,0.193607 0.638237 1.92974,0.463825 0.463825 2.24501,0.617167 0.187216 2.56027,0.610278 0.19088 2.7179,0.619867 0.156972 2.7179,0.0659127 0.669223 1.77211,0.367483 0.549977 2.08737,0.573639 0.306616 2.40264,0.255233 0.616187 1.92974,0.507054 0.416128 2.24501,0.632545 0.125821 2.56027,0.627573 0.122586 2.7179,0.633373 0.0878284 2.7179,0.131191 0.65954 1.77211,0.419621 0.511309 2.08737,0.60093 0.248914 2.40264,0.314401 0.588203 1.92974,0.5454 0.364425 2.24501,0.641832 0.063215 2.56027,0.637249 0.052804 2.7179,0.63919 0.0176192 2.7179,0.195205 0.643505 1.77211,0.467717 0.467717 2.08737,0.622435 0.188813 2.40264,0.0664523 0.674701 1.61448,0.370541 0.554554 1.92974,0.578494 0.309211 2.24501,0.644938 1.83261e-15 2.56027,0.63919 -0.0176192 2.7179,0.25734 0.621273 1.77211,0.511309 0.419621 2.08737,0.637944 0.126895 2.40264,0.132265 0.664939 1.61448,0.423113 0.515564 1.92974,0.606016 0.25102 2.24501,0.641832 -0.063215 2.56027,0.637249 -0.052804 2.7179,0.633373 -0.0878284 2.7179,0.316996 0.593058 1.77211,0.549977 0.367483 2.08737,0.64731 0.0637545 2.40264,0.196803 0.648773 1.61448,0.471609 0.471609 1.92974,0.627702 0.190411 2.24501,0.0669918 0.680179 1.45684,0.10433 0.68103 1.29921,0.0697024 0.68544 1.29921,0.034896 0.688091 1.29921,0.632545 -0.125821 2.56027,0.627573 -0.122586 2.7179,0.619867 -0.156972 2.7179,0.373599 0.559131 1.77211,0.583348 0.311806 2.08737,0.650442 1.8084e-15 2.40264,0.259446 0.626359 1.61448,0.515564 0.423113 1.92974,0.643343 0.127969 2.24501,0.133338 0.670338 1.45684,0.172693 0.666981 1.29921,0.13869 0.674872 1.29921,0.617167 -0.187216 2.56027,0.610278 -0.19088 2.7179,0.598836 -0.224209 2.7179,0.426605 0.519819 1.77211,0.611102 0.253127 2.08737,0.64731 -0.0637545 2.40264,0.319591 0.597912 1.61448,0.554554 0.370541 1.92974,0.652789 0.0642941 2.24501,0.198401 0.65404 1.45684,0.239285 0.646088 1.29921,0.206254 0.657378 1.29921,0.595845 -0.246807 2.56027,0.585576 -0.256857 2.7179,0.570537 -0.288725 2.7179,0.475502 0.475502 1.77211,0.63297 0.192009 2.08737,0.637944 -0.126895 2.40264,0.376658 0.563708 1.61448,0.588203 0.314401 1.92974,0.655947 1.78418e-15 2.24501,0.261553 0.631444 1.45684,0.303421 0.618565 1.29921,0.271701 0.633139 1.29921,0.568784 -0.304022 2.56027,0.553765 -0.319717 2.7179,0.519819 0.426605 1.77211,0.648742 0.129043 2.08737,0.622435 -0.188813 2.40264,0.430097 0.524075 1.61448,0.616187 0.255233 1.92974,0.652789 -0.0642941 2.24501,0.322186 0.602767 1.45684,0.364443 0.584695 1.29921,0.334361 0.602403 1.29921,0.536246 -0.358308 2.56027,0.535312 -0.349737 2.7179,0.515233 -0.378695 2.7179,0.559131 0.373599 1.77211,0.658267 0.0648336 2.08737,0.60093 -0.248914 2.40264,0.479394 0.479394 1.61448,0.638237 0.193607 1.92974,0.643343 -0.127969 2.24501,0.379716 0.568285 1.45684,0.421726 0.544825 1.29921,0.39359 0.565485 1.29921,0.498544 -0.409144 2.56027,0.493589 -0.406503 2.7179,0.470446 -0.433076 2.7179,0.593058 0.316996 1.77211,0.661452 1.75997e-15 2.08737,0.573639 -0.306616 2.40264,0.524075 0.430097 1.61448,0.654141 0.130117 1.92974,0.627702 -0.190411 2.24501,0.433589 0.52833 1.45684,0.474681 0.499364 1.29921,0.448779 0.522765 1.29921,0.45604 -0.45604 2.56027,0.445875 -0.458334 2.7179,0.419949 -0.482201 2.7179,0.621273 0.25734 1.77211,0.658267 -0.0648336 2.08737,0.540823 -0.361366 2.40264,0.563708 0.376658 1.61448,0.663745 0.0653732 1.92974,0.606016 -0.25102 2.24501,0.483287 0.483287 1.45684,0.499364 0.474681 1.29921,0.409144 -0.498544 2.56027,0.392748 -0.504603 2.7179,0.643505 0.195205 1.77211,0.648742 -0.129043 2.08737,0.502799 -0.412636 2.40264,0.597912 0.319591 1.61448,0.666956 1.73576e-15 1.92974,0.578494 -0.309211 2.24501,0.52833 0.433589 1.45684,0.544825 0.421726 1.29921,0.522765 0.448779 1.29921,0.358308 -0.536246 2.56027,0.364354 -0.525472 2.7179,0.334854 -0.544745 2.7179,0.65954 0.131191 1.77211,0.63297 -0.192009 2.08737,0.459932 -0.459932 2.40264,0.626359 0.259446 1.61448,0.663745 -0.0653732 1.92974,0.5454 -0.364425 2.24501,0.568285 0.379716 1.45684,0.584695 0.364443 1.29921,0.565485 0.39359 1.29921,0.304022 -0.568784 2.56027,0.304337 -0.562365 2.7179,0.272895 -0.578276 2.7179,0.669223 0.0659127 1.77211,0.611102 -0.253127 2.08737,0.412636 -0.502799 2.40264,0.648773 0.196803 1.61448,0.654141 -0.130117 1.92974,0.507054 -0.416128 2.24501,0.602767 0.322186 1.45684,0.602403 0.334361 1.29921,0.618565 0.303421 1.29921,0.246807 -0.595845 2.56027,0.240625 -0.592431 2.7179,0.207624 -0.604787 2.7179,0.672461 1.71155e-15 1.77211,0.583348 -0.311806 2.08737,0.361366 -0.540823 2.40264,0.664939 0.132265 1.61448,0.638237 -0.193607 1.92974,0.463825 -0.463825 2.24501,0.631444 0.261553 1.45684,0.646088 0.239285 1.29921,0.633139 0.271701 1.29921,0.187216 -0.617167 2.56027,0.173992 -0.615306 2.7179,0.139832 -0.623957 2.7179,0.669223 -0.0659127 1.77211,0.549977 -0.367483 2.08737,0.306616 -0.573639 2.40264,0.674701 0.0664523 1.61448,0.616187 -0.255233 1.92974,0.416128 -0.507054 2.24501,0.65404 0.198401 1.45684,0.666981 0.172693 1.29921,0.657378 0.206254 1.29921,0.125821 -0.632545 2.56027,0.105247 -0.630712 2.7179,0.65954 -0.131191 1.77211,0.511309 -0.419621 2.08737,0.248914 -0.60093 2.40264,0.677966 1.68733e-15 1.61448,0.588203 -0.314401 1.92974,0.364425 -0.5454 2.24501,0.670338 0.133338 1.45684,0.68103 0.10433 1.29921,0.674872 0.13869 1.29921,0.063215 -0.641832 2.56027,0.0703429 -0.635552 2.7179,0.0352249 -0.638462 2.7179,0 -0.639433 2.7179,0.643505 -0.195205 1.77211,0.467717 -0.467717 2.08737,0.188813 -0.622435 2.40264,0.674701 -0.0664523 1.61448,0.554554 -0.370541 1.92974,0.309211 -0.578494 2.24501,0.680179 0.0669918 1.45684,0.688091 0.034896 1.29921,0.68544 0.0697024 1.29921,0.621273 -0.25734 1.77211,0.419621 -0.511309 2.08737,0.126895 -0.637944 2.40264,0.664939 -0.132265 1.61448,0.515564 -0.423113 1.92974,0.25102 -0.606016 2.24501,0.68347 1.66312e-15 1.45684,0.688091 -0.034896 1.29921,0.688975 2.46295e-16 1.29921,0.593058 -0.316996 1.77211,0.367483 -0.549977 2.08737,0.0637545 -0.64731 2.40264,0.648773 -0.196803 1.61448,0.471609 -0.471609 1.92974,0.190411 -0.627702 2.24501,0.680179 -0.0669918 1.45684,0.68103 -0.10433 1.29921,0.68544 -0.0697024 1.29921,0.559131 -0.373599 1.77211,0.311806 -0.583348 2.08737,0.626359 -0.259446 1.61448,0.423113 -0.515564 1.92974,0.127969 -0.643343 2.24501,0.670338 -0.133338 1.45684,0.666981 -0.172693 1.29921,0.674872 -0.13869 1.29921,0.519819 -0.426605 1.77211,0.253127 -0.611102 2.08737,0.597912 -0.319591 1.61448,0.370541 -0.554554 1.92974,0.0642941 -0.652789 2.24501,0.65404 -0.198401 1.45684,0.646088 -0.239285 1.29921,0.657378 -0.206254 1.29921,0.475502 -0.475502 1.77211,0.192009 -0.63297 2.08737,0.563708 -0.376658 1.61448,0.314401 -0.588203 1.92974,0.631444 -0.261553 1.45684,0.618565 -0.303421 1.29921,0.633139 -0.271701 1.29921,0.426605 -0.519819 1.77211,0.129043 -0.648742 2.08737,0.524075 -0.430097 1.61448,0.255233 -0.616187 1.92974,0.602767 -0.322186 1.45684,0.584695 -0.364443 1.29921,0.602403 -0.334361 1.29921,0.373599 -0.559131 1.77211,0.0648336 -0.658267 2.08737,0.479394 -0.479394 1.61448,0.193607 -0.638237 1.92974,0.568285 -0.379716 1.45684,0.544825 -0.421726 1.29921,0.565485 -0.39359 1.29921,0.316996 -0.593058 1.77211,0.430097 -0.524075 1.61448,0.130117 -0.654141 1.92974,0.52833 -0.433589 1.45684,0.499364 -0.474681 1.29921,0.522765 -0.448779 1.29921,0.25734 -0.621273 1.77211,0.376658 -0.563708 1.61448,0.0653732 -0.663745 1.92974,0 -0.688975 1.29921,0.483287 -0.483287 1.45684,0.474681 -0.499364 1.29921,0.195205 -0.643505 1.77211,0.319591 -0.597912 1.61448,0.433589 -0.52833 1.45684,0.421726 -0.544825 1.29921,0.448779 -0.522765 1.29921,0.131191 -0.65954 1.77211,0.259446 -0.626359 1.61448,0.379716 -0.568285 1.45684,0.364443 -0.584695 1.29921,0.39359 -0.565485 1.29921,0.0659127 -0.669223 1.77211,0.196803 -0.648773 1.61448,0.322186 -0.602767 1.45684,0.303421 -0.618565 1.29921,0.334361 -0.602403 1.29921,0.132265 -0.664939 1.61448,0.261553 -0.631444 1.45684,0.239285 -0.646088 1.29921,0.271701 -0.633139 1.29921,0.0664523 -0.674701 1.61448,0.198401 -0.65404 1.45684,0.172693 -0.666981 1.29921,0.206254 -0.657378 1.29921,0.133338 -0.670338 1.45684,0.10433 -0.68103 1.29921,0.13869 -0.674872 1.29921,0.0669918 -0.680179 1.45684,0.034896 -0.688091 1.29921,0.0697024 -0.68544 1.29921]
}}
appearance Appearance{material USE IC-BODY-EPOXY-04 }}
Shape { geometry IndexedFaceSet 
{ creaseAngle 1.00 coordIndex [0,1,2,-1,3,0,2,-1,4,3,2,-1,5,1,0,-1,6,4,2,-1,7,5,0,-1,7,0,3,-1,8,6,2,-1,9,7,3,-1,9,3,4,-1,10,8,2,-1,11,12,1,-1,13,4,6,-1,13,9,4,-1,14,10,2,-1,15,5,7,-1,15,11,1,-1,15,12,11,-1,15,1,5,-1,16,6,8,-1,16,13,6,-1,17,14,2,-1,18,15,7,-1,18,7,9,-1,19,8,10,-1,19,16,8,-1,20,17,2,-1,21,9,13,-1,21,18,9,-1,22,19,10,-1,22,10,14,-1,23,20,2,-1,24,13,16,-1,24,21,13,-1,25,22,14,-1,25,14,17,-1,26,12,15,-1,26,15,18,-1,27,23,2,-1,28,16,19,-1,28,24,16,-1,29,17,20,-1,29,25,17,-1,30,18,21,-1,30,26,18,-1,31,27,2,-1,32,28,19,-1,32,19,22,-1,33,34,12,-1,33,12,26,-1,35,20,23,-1,35,29,20,-1,36,30,21,-1,36,21,24,-1,37,31,2,-1,38,22,25,-1,38,32,22,-1,39,34,33,-1,39,33,26,-1,40,23,27,-1,40,35,23,-1,41,24,28,-1,41,36,24,-1,42,37,2,-1,43,25,29,-1,43,38,25,-1,44,39,26,-1,44,26,30,-1,45,40,27,-1,45,27,31,-1,46,41,28,-1,46,28,32,-1,47,42,2,-1,48,43,29,-1,48,29,35,-1,49,44,30,-1,49,30,36,-1,50,31,37,-1,50,45,31,-1,51,46,32,-1,51,32,38,-1,52,47,2,-1,53,48,35,-1,53,35,40,-1,54,49,36,-1,54,36,41,-1,55,37,42,-1,55,50,37,-1,56,38,43,-1,56,51,38,-1,57,39,44,-1,57,34,39,-1,58,52,2,-1,59,53,40,-1,59,40,45,-1,60,41,46,-1,60,54,41,-1,61,55,42,-1,61,42,47,-1,62,43,48,-1,62,56,43,-1,63,44,49,-1,63,57,44,-1,64,58,2,-1,65,45,50,-1,65,59,45,-1,66,60,46,-1,66,46,51,-1,67,68,34,-1,67,34,57,-1,69,47,52,-1,69,61,47,-1,70,48,53,-1,70,62,48,-1,71,49,54,-1,71,63,49,-1,72,64,2,-1,73,65,50,-1,73,50,55,-1,74,66,51,-1,74,51,56,-1,75,67,57,-1,76,52,58,-1,76,69,52,-1,77,53,59,-1,77,70,53,-1,78,54,60,-1,78,71,54,-1,79,72,2,-1,80,55,61,-1,80,73,55,-1,81,74,56,-1,81,56,62,-1,82,75,57,-1,82,57,63,-1,83,76,58,-1,83,58,64,-1,84,77,59,-1,84,59,65,-1,85,60,66,-1,85,78,60,-1,86,79,2,-1,87,80,61,-1,87,61,69,-1,88,81,62,-1,88,62,70,-1,89,63,71,-1,89,82,63,-1,90,64,72,-1,90,83,64,-1,91,84,65,-1,91,65,73,-1,92,85,66,-1,92,66,74,-1,93,67,75,-1,93,68,67,-1,94,86,2,-1,95,87,69,-1,95,69,76,-1,96,70,77,-1,96,88,70,-1,97,71,78,-1,97,89,71,-1,98,90,72,-1,98,72,79,-1,99,73,80,-1,99,91,73,-1,100,92,74,-1,100,74,81,-1,101,75,82,-1,101,93,75,-1,102,94,2,-1,103,76,83,-1,103,95,76,-1,104,96,77,-1,104,77,84,-1,105,97,78,-1,105,78,85,-1,106,79,86,-1,106,98,79,-1,107,99,80,-1,107,80,87,-1,108,81,88,-1,108,100,81,-1,109,82,89,-1,109,101,82,-1,110,102,2,-1,111,103,83,-1,111,83,90,-1,112,84,91,-1,112,104,84,-1,113,105,85,-1,113,85,92,-1,114,115,68,-1,114,68,93,-1,116,106,86,-1,116,86,94,-1,117,107,87,-1,117,87,95,-1,118,108,88,-1,118,88,96,-1,119,109,89,-1,119,89,97,-1,120,110,2,-1,121,111,90,-1,121,90,98,-1,122,112,91,-1,122,91,99,-1,123,113,92,-1,123,92,100,-1,124,114,93,-1,124,125,115,-1,124,115,114,-1,124,93,101,-1,126,116,94,-1,126,94,102,-1,127,117,95,-1,127,95,103,-1,128,118,96,-1,128,96,104,-1,129,119,97,-1,129,97,105,-1,130,120,2,-1,131,98,106,-1,131,121,98,-1,132,122,99,-1,132,99,107,-1,133,100,108,-1,133,123,100,-1,134,125,124,-1,134,101,109,-1,134,124,101,-1,135,102,110,-1,135,126,102,-1,136,127,103,-1,136,103,111,-1,137,128,104,-1,137,104,112,-1,138,105,113,-1,138,129,105,-1,139,130,2,-1,140,131,106,-1,140,106,116,-1,141,107,117,-1,141,132,107,-1,142,133,108,-1,142,108,118,-1,143,125,134,-1,143,109,119,-1,143,134,109,-1,143,144,125,-1,145,135,110,-1,145,110,120,-1,146,136,111,-1,146,111,121,-1,147,112,122,-1,147,137,112,-1,148,113,123,-1,148,138,113,-1,149,139,2,-1,150,140,116,-1,150,116,126,-1,151,141,117,-1,151,117,127,-1,152,118,128,-1,152,142,118,-1,153,144,143,-1,153,119,129,-1,153,143,119,-1,154,145,120,-1,154,120,130,-1,155,146,121,-1,155,121,131,-1,156,147,122,-1,156,122,132,-1,157,148,123,-1,157,123,133,-1,158,149,2,-1,159,150,126,-1,159,126,135,-1,160,127,136,-1,160,151,127,-1,161,152,128,-1,161,128,137,-1,162,144,153,-1,162,163,144,-1,162,153,129,-1,162,129,138,-1,164,154,130,-1,164,130,139,-1,165,155,131,-1,165,131,140,-1,166,132,141,-1,166,156,132,-1,167,157,133,-1,167,133,142,-1,168,158,2,-1,169,135,145,-1,169,159,135,-1,170,160,136,-1,170,136,146,-1,171,161,137,-1,171,137,147,-1,172,138,148,-1,172,162,138,-1,172,163,162,-1,173,164,139,-1,173,139,149,-1,174,165,140,-1,174,140,150,-1,175,166,141,-1,175,141,151,-1,176,142,152,-1,176,167,142,-1,177,168,2,-1,178,169,145,-1,178,145,154,-1,179,146,155,-1,179,170,146,-1,180,147,156,-1,180,171,147,-1,181,182,163,-1,181,163,172,-1,181,148,157,-1,181,172,148,-1,183,149,158,-1,183,173,149,-1,184,150,159,-1,184,174,150,-1,185,175,151,-1,185,151,160,-1,186,152,161,-1,186,176,152,-1,187,177,2,-1,188,154,164,-1,188,178,154,-1,189,155,165,-1,189,179,155,-1,190,156,166,-1,190,180,156,-1,191,181,157,-1,191,182,181,-1,191,157,167,-1,192,183,158,-1,192,158,168,-1,193,184,159,-1,193,159,169,-1,194,185,160,-1,194,160,170,-1,195,161,171,-1,195,186,161,-1,196,187,2,-1,197,188,164,-1,197,164,173,-1,198,165,174,-1,198,189,165,-1,199,166,175,-1,199,190,166,-1,200,167,176,-1,200,201,182,-1,200,191,167,-1,200,182,191,-1,202,168,177,-1,202,192,168,-1,203,193,169,-1,203,169,178,-1,204,194,170,-1,204,170,179,-1,205,195,171,-1,205,171,180,-1,206,196,2,-1,207,173,183,-1,207,197,173,-1,208,174,184,-1,208,198,174,-1,209,199,175,-1,209,175,185,-1,210,176,186,-1,210,200,176,-1,210,201,200,-1,211,177,187,-1,211,202,177,-1,212,178,188,-1,212,203,178,-1,213,179,189,-1,213,204,179,-1,214,205,180,-1,214,180,190,-1,215,206,2,-1,216,183,192,-1,216,207,183,-1,217,208,184,-1,217,184,193,-1,218,185,194,-1,218,209,185,-1,219,220,201,-1,219,201,210,-1,219,186,195,-1,219,210,186,-1,221,211,187,-1,221,187,196,-1,222,212,188,-1,222,188,197,-1,223,213,189,-1,223,189,198,-1,224,214,190,-1,224,190,199,-1,225,215,2,-1,226,216,192,-1,226,192,202,-1,227,217,193,-1,227,193,203,-1,228,218,194,-1,228,194,204,-1,229,195,205,-1,229,220,219,-1,229,219,195,-1,230,221,196,-1,230,196,206,-1,231,222,197,-1,231,197,207,-1,232,223,198,-1,232,198,208,-1,233,224,199,-1,233,199,209,-1,234,225,2,-1,235,202,211,-1,235,226,202,-1,236,203,212,-1,236,227,203,-1,237,204,213,-1,237,228,204,-1,238,229,205,-1,238,239,220,-1,238,205,214,-1,238,220,229,-1,240,206,215,-1,240,230,206,-1,241,207,216,-1,241,231,207,-1,242,208,217,-1,242,232,208,-1,243,233,209,-1,243,209,218,-1,244,234,2,-1,245,235,211,-1,245,211,221,-1,246,212,222,-1,246,236,212,-1,247,213,223,-1,247,237,213,-1,248,214,224,-1,248,238,214,-1,248,239,238,-1,249,215,225,-1,249,240,215,-1,250,241,216,-1,250,216,226,-1,251,217,227,-1,251,242,217,-1,252,218,228,-1,252,243,218,-1,253,244,2,-1,254,221,230,-1,254,245,221,-1,255,246,222,-1,255,222,231,-1,256,223,232,-1,256,247,223,-1,257,258,239,-1,257,248,224,-1,257,224,233,-1,257,239,248,-1,259,249,225,-1,259,225,234,-1,260,250,226,-1,260,226,235,-1,261,227,236,-1,261,251,227,-1,262,252,228,-1,262,228,237,-1,263,253,2,-1,264,254,230,-1,264,230,240,-1,265,255,231,-1,265,231,241,-1,266,256,232,-1,266,232,242,-1,267,258,257,-1,267,257,233,-1,267,233,243,-1,268,259,234,-1,268,234,244,-1,269,260,235,-1,269,235,245,-1,270,261,236,-1,270,236,246,-1,271,237,247,-1,271,262,237,-1,272,263,2,-1,273,240,249,-1,273,264,240,-1,274,241,250,-1,274,265,241,-1,275,266,242,-1,275,242,251,-1,276,277,258,-1,276,267,243,-1,276,258,267,-1,276,243,252,-1,278,244,253,-1,278,268,244,-1,279,245,254,-1,279,269,245,-1,280,270,246,-1,280,246,255,-1,281,247,256,-1,281,271,247,-1,282,272,2,-1,283,273,249,-1,283,249,259,-1,284,250,260,-1,284,274,250,-1,285,275,251,-1,285,251,261,-1,286,276,252,-1,286,252,262,-1,286,277,276,-1,287,253,263,-1,287,278,253,-1,288,279,254,-1,288,254,264,-1,289,255,265,-1,289,280,255,-1,290,256,266,-1,290,281,256,-1,291,282,2,-1,292,259,268,-1,292,283,259,-1,293,284,260,-1,293,260,269,-1,294,285,261,-1,294,261,270,-1,295,277,286,-1,295,286,262,-1,295,296,277,-1,295,262,271,-1,297,287,263,-1,297,263,272,-1,298,288,264,-1,298,264,273,-1,299,289,265,-1,299,265,274,-1,300,266,275,-1,300,290,266,-1,301,291,2,-1,302,292,268,-1,302,268,278,-1,303,293,269,-1,303,269,279,-1,304,294,270,-1,304,270,280,-1,305,271,281,-1,305,296,295,-1,305,295,271,-1,306,297,272,-1,306,272,282,-1,307,273,283,-1,307,298,273,-1,308,274,284,-1,308,299,274,-1,309,275,285,-1,309,300,275,-1,310,301,2,-1,311,278,287,-1,311,302,278,-1,312,279,288,-1,312,303,279,-1,313,280,289,-1,313,304,280,-1,314,296,305,-1,314,315,296,-1,314,281,290,-1,314,305,281,-1,316,282,291,-1,316,306,282,-1,317,283,292,-1,317,307,283,-1,318,308,284,-1,318,284,293,-1,319,285,294,-1,319,309,285,-1,320,310,2,-1,321,287,297,-1,321,311,287,-1,322,288,298,-1,322,312,288,-1,323,313,289,-1,323,289,299,-1,324,315,314,-1,324,290,300,-1,324,314,290,-1,325,316,291,-1,325,291,301,-1,326,317,292,-1,326,292,302,-1,327,293,303,-1,327,318,293,-1,328,319,294,-1,328,294,304,-1,329,320,2,-1,330,321,297,-1,330,297,306,-1,331,322,298,-1,331,298,307,-1,332,323,299,-1,332,299,308,-1,333,324,300,-1,333,334,315,-1,333,315,324,-1,333,300,309,-1,335,325,301,-1,335,301,310,-1,336,326,302,-1,336,302,311,-1,337,327,303,-1,337,303,312,-1,338,304,313,-1,338,328,304,-1,339,329,2,-1,340,330,306,-1,340,306,316,-1,341,331,307,-1,341,307,317,-1,342,332,308,-1,342,308,318,-1,343,309,319,-1,343,333,309,-1,343,334,333,-1,344,310,320,-1,344,335,310,-1,345,311,321,-1,345,336,311,-1,346,312,322,-1,346,337,312,-1,347,313,323,-1,347,338,313,-1,348,339,2,-1,349,316,325,-1,349,340,316,-1,350,317,326,-1,350,341,317,-1,351,318,327,-1,351,342,318,-1,352,319,328,-1,352,353,334,-1,352,343,319,-1,352,334,343,-1,354,320,329,-1,354,344,320,-1,355,321,330,-1,355,345,321,-1,356,322,331,-1,356,346,322,-1,357,323,332,-1,357,347,323,-1,358,348,2,-1,359,349,325,-1,359,325,335,-1,360,350,326,-1,360,326,336,-1,361,351,327,-1,361,327,337,-1,362,353,352,-1,362,352,328,-1,362,328,338,-1,363,329,339,-1,363,354,329,-1,364,330,340,-1,364,355,330,-1,365,356,331,-1,365,331,341,-1,366,332,342,-1,366,357,332,-1,367,358,2,-1,368,359,335,-1,368,335,344,-1,369,360,336,-1,369,336,345,-1,370,361,337,-1,370,337,346,-1,371,353,362,-1,371,372,353,-1,371,362,338,-1,371,338,347,-1,373,339,348,-1,373,363,339,-1,374,340,349,-1,374,364,340,-1,375,365,341,-1,375,341,350,-1,376,366,342,-1,376,342,351,-1,377,367,2,-1,378,344,354,-1,378,368,344,-1,379,345,355,-1,379,369,345,-1,380,346,356,-1,380,370,346,-1,381,371,347,-1,381,347,357,-1,381,372,371,-1,382,348,358,-1,382,373,348,-1,383,374,349,-1,383,349,359,-1,384,375,350,-1,384,350,360,-1,385,376,351,-1,385,351,361,-1,386,377,2,-1,387,354,363,-1,387,378,354,-1,388,379,355,-1,388,355,364,-1,389,356,365,-1,389,380,356,-1,390,381,357,-1,390,357,366,-1,390,372,381,-1,391,358,367,-1,391,382,358,-1,392,359,368,-1,392,383,359,-1,393,360,369,-1,393,384,360,-1,394,385,361,-1,394,361,370,-1,395,386,2,-1,396,363,373,-1,396,387,363,-1,397,364,374,-1,397,388,364,-1,398,365,375,-1,398,389,365,-1,399,390,366,-1,399,400,372,-1,399,366,376,-1,399,372,390,-1,401,391,367,-1,401,367,377,-1,402,368,378,-1,402,392,368,-1,403,393,369,-1,403,369,379,-1,404,394,370,-1,404,370,380,-1,405,395,2,-1,406,396,373,-1,406,373,382,-1,407,397,374,-1,407,374,383,-1,408,398,375,-1,408,375,384,-1,409,376,385,-1,409,399,376,-1,409,400,399,-1,410,401,377,-1,410,377,386,-1,411,402,378,-1,411,378,387,-1,412,379,388,-1,412,403,379,-1,413,380,389,-1,413,404,380,-1,414,405,2,-1,415,382,391,-1,415,406,382,-1,416,383,392,-1,416,407,383,-1,417,384,393,-1,417,408,384,-1,418,419,400,-1,418,400,409,-1,418,409,385,-1,418,385,394,-1,420,410,386,-1,420,386,395,-1,421,387,396,-1,421,411,387,-1,422,388,397,-1,422,412,388,-1,423,389,398,-1,423,413,389,-1,424,414,2,-1,425,391,401,-1,425,415,391,-1,426,392,402,-1,426,416,392,-1,427,393,403,-1,427,417,393,-1,428,394,404,-1,428,419,418,-1,428,418,394,-1,429,420,395,-1,429,395,405,-1,430,396,406,-1,430,421,396,-1,431,397,407,-1,431,422,397,-1,432,398,408,-1,432,423,398,-1,433,424,2,-1,434,425,401,-1,434,401,410,-1,435,402,411,-1,435,426,402,-1,436,427,403,-1,436,403,412,-1,437,428,404,-1,437,438,419,-1,437,404,413,-1,437,419,428,-1,439,429,405,-1,439,405,414,-1,440,430,406,-1,440,406,415,-1,441,431,407,-1,441,407,416,-1,442,408,417,-1,442,432,408,-1,443,433,2,-1,444,434,410,-1,444,410,420,-1,445,435,411,-1,445,411,421,-1,446,436,412,-1,446,412,422,-1,447,437,413,-1,447,438,437,-1,447,413,423,-1,448,439,414,-1,448,414,424,-1,449,415,425,-1,449,440,415,-1,450,416,426,-1,450,441,416,-1,451,417,427,-1,451,442,417,-1,452,443,2,-1,453,420,429,-1,453,444,420,-1,454,445,421,-1,454,421,430,-1,455,422,431,-1,455,446,422,-1,456,457,438,-1,456,438,447,-1,456,447,423,-1,456,423,432,-1,458,448,424,-1,458,424,433,-1,459,449,425,-1,459,425,434,-1,460,426,435,-1,460,450,426,-1,461,451,427,-1,461,427,436,-1,462,452,2,-1,463,453,429,-1,463,429,439,-1,464,430,440,-1,464,454,430,-1,465,431,441,-1,465,455,431,-1,466,432,442,-1,466,457,456,-1,466,456,432,-1,467,433,443,-1,467,458,433,-1,468,459,434,-1,468,434,444,-1,469,435,445,-1,469,460,435,-1,470,436,446,-1,470,461,436,-1,471,462,2,-1,472,463,439,-1,472,439,448,-1,473,464,440,-1,473,440,449,-1,474,465,441,-1,474,441,450,-1,475,476,457,-1,475,466,442,-1,475,442,451,-1,475,457,466,-1,477,467,443,-1,477,443,452,-1,478,468,444,-1,478,444,453,-1,479,469,445,-1,479,445,454,-1,480,470,446,-1,480,446,455,-1,481,471,2,-1,482,472,448,-1,482,448,458,-1,483,473,449,-1,483,449,459,-1,484,450,460,-1,484,474,450,-1,485,451,461,-1,485,475,451,-1,485,476,475,-1,486,477,452,-1,486,452,462,-1,487,453,463,-1,487,478,453,-1,488,454,464,-1,488,479,454,-1,489,455,465,-1,489,480,455,-1,490,481,2,-1,491,482,458,-1,491,458,467,-1,492,459,468,-1,492,483,459,-1,493,460,469,-1,493,484,460,-1,494,476,485,-1,494,495,476,-1,494,461,470,-1,494,485,461,-1,496,462,471,-1,496,486,462,-1,497,487,463,-1,497,463,472,-1,498,488,464,-1,498,464,473,-1,499,489,465,-1,499,465,474,-1,500,490,2,-1,501,467,477,-1,501,491,467,-1,502,468,478,-1,502,492,468,-1,503,469,479,-1,503,493,469,-1,504,470,480,-1,504,495,494,-1,504,494,470,-1,505,496,471,-1,505,471,481,-1,506,497,472,-1,506,472,482,-1,507,498,473,-1,507,473,483,-1,508,499,474,-1,508,474,484,-1,509,500,2,-1,510,477,486,-1,510,501,477,-1,511,502,478,-1,511,478,487,-1,512,503,479,-1,512,479,488,-1,513,514,495,-1,513,504,480,-1,513,480,489,-1,513,495,504,-1,515,481,490,-1,515,505,481,-1,516,506,482,-1,516,482,491,-1,517,507,483,-1,517,483,492,-1,518,508,484,-1,518,484,493,-1,519,509,2,-1,520,486,496,-1,520,510,486,-1,521,511,487,-1,521,487,497,-1,522,512,488,-1,522,488,498,-1,523,513,489,-1,523,489,499,-1,523,514,513,-1,524,490,500,-1,524,515,490,-1,525,491,501,-1,525,516,491,-1,526,492,502,-1,526,517,492,-1,527,518,493,-1,527,493,503,-1,528,519,2,-1,529,496,505,-1,529,520,496,-1,530,521,497,-1,530,497,506,-1,531,522,498,-1,531,498,507,-1,532,514,523,-1,532,499,508,-1,532,523,499,-1,533,500,509,-1,533,524,500,-1,534,525,501,-1,534,501,510,-1,535,502,511,-1,535,526,502,-1,536,527,503,-1,536,503,512,-1,537,528,2,-1,538,505,515,-1,538,529,505,-1,539,506,516,-1,539,530,506,-1,540,531,507,-1,540,507,517,-1,541,532,508,-1,541,542,514,-1,541,514,532,-1,541,508,518,-1,543,533,509,-1,543,509,519,-1,544,510,520,-1,544,534,510,-1,545,535,511,-1,545,511,521,-1,546,536,512,-1,546,512,522,-1,547,537,2,-1,548,515,524,-1,548,538,515,-1,549,539,516,-1,549,516,525,-1,550,517,526,-1,550,540,517,-1,551,518,527,-1,551,541,518,-1,551,542,541,-1,552,543,519,-1,552,519,528,-1,553,544,520,-1,553,520,529,-1,554,521,530,-1,554,545,521,-1,555,522,531,-1,555,546,522,-1,556,547,2,-1,557,524,533,-1,557,548,524,-1,558,549,525,-1,558,525,534,-1,559,526,535,-1,559,550,526,-1,560,561,542,-1,560,542,551,-1,560,551,527,-1,560,527,536,-1,562,552,528,-1,562,528,537,-1,563,553,529,-1,563,529,538,-1,564,530,539,-1,564,554,530,-1,565,531,540,-1,565,555,531,-1,566,556,2,-1,567,533,543,-1,567,557,533,-1,568,534,544,-1,568,558,534,-1,569,535,545,-1,569,559,535,-1,570,561,560,-1,570,560,536,-1,570,536,546,-1,571,537,547,-1,571,562,537,-1,572,563,538,-1,572,538,548,-1,573,539,549,-1,573,564,539,-1,574,540,550,-1,574,565,540,-1,575,566,2,-1,576,543,552,-1,576,567,543,-1,577,544,553,-1,577,568,544,-1,578,569,545,-1,578,545,554,-1,579,561,570,-1,579,580,561,-1,579,570,546,-1,579,546,555,-1,581,571,547,-1,581,547,556,-1,582,572,548,-1,582,548,557,-1,583,573,549,-1,583,549,558,-1,584,574,550,-1,584,550,559,-1,585,575,2,-1,586,576,552,-1,586,552,562,-1,587,577,553,-1,587,553,563,-1,588,578,554,-1,588,554,564,-1,589,580,579,-1,589,579,555,-1,589,555,565,-1,590,556,566,-1,590,581,556,-1,591,557,567,-1,591,582,557,-1,592,558,568,-1,592,583,558,-1,593,559,569,-1,593,584,559,-1,594,585,2,-1,595,562,571,-1,595,586,562,-1,596,587,563,-1,596,563,572,-1,597,564,573,-1,597,588,564,-1,598,599,580,-1,598,565,574,-1,598,589,565,-1,598,580,589,-1,600,566,575,-1,600,590,566,-1,601,567,576,-1,601,591,567,-1,602,568,577,-1,602,592,568,-1,603,593,569,-1,603,569,578,-1,604,594,2,-1,605,595,571,-1,605,571,581,-1,606,572,582,-1,606,596,572,-1,607,573,583,-1,607,597,573,-1,608,574,584,-1,608,599,598,-1,608,598,574,-1,609,575,585,-1,609,600,575,-1,610,576,586,-1,610,601,576,-1,611,577,587,-1,611,602,577,-1,612,603,578,-1,612,578,588,-1,613,604,2,-1,614,605,581,-1,614,581,590,-1,615,606,582,-1,615,582,591,-1,616,607,583,-1,616,583,592,-1,617,618,599,-1,617,608,584,-1,617,584,593,-1,617,599,608,-1,619,585,594,-1,619,609,585,-1,620,586,595,-1,620,610,586,-1,621,611,587,-1,621,587,596,-1,622,612,588,-1,622,588,597,-1,623,613,2,-1,624,614,590,-1,624,590,600,-1,625,591,601,-1,625,615,591,-1,626,592,602,-1,626,616,592,-1,627,593,603,-1,627,617,593,-1,627,618,617,-1,628,594,604,-1,628,619,594,-1,629,620,595,-1,629,595,605,-1,630,621,596,-1,630,596,606,-1,631,597,607,-1,631,622,597,-1,632,623,2,-1,633,600,609,-1,633,624,600,-1,634,625,601,-1,634,601,610,-1,635,626,602,-1,635,602,611,-1,636,637,618,-1,636,603,612,-1,636,627,603,-1,636,618,627,-1,638,604,613,-1,638,628,604,-1,639,629,605,-1,639,605,614,-1,640,606,615,-1,640,630,606,-1,641,607,616,-1,641,631,607,-1,642,632,2,-1,643,609,619,-1,643,633,609,-1,644,634,610,-1,644,610,620,-1,645,611,621,-1,645,635,611,-1,646,612,622,-1,646,637,636,-1,646,636,612,-1,647,638,613,-1,647,613,623,-1,648,614,624,-1,648,639,614,-1,649,615,625,-1,649,640,615,-1,650,641,616,-1,650,616,626,-1,651,642,2,-1,652,643,619,-1,652,619,628,-1,653,644,620,-1,653,620,629,-1,654,645,621,-1,654,621,630,-1,655,646,622,-1,655,656,637,-1,655,622,631,-1,655,637,646,-1,657,647,623,-1,657,623,632,-1,658,648,624,-1,658,624,633,-1,659,649,625,-1,659,625,634,-1,660,650,626,-1,660,626,635,-1,661,651,2,-1,662,628,638,-1,662,652,628,-1,663,629,639,-1,663,653,629,-1,664,630,640,-1,664,654,630,-1,665,656,655,-1,665,655,631,-1,665,631,641,-1,666,632,642,-1,666,657,632,-1,667,658,633,-1,667,633,643,-1,668,634,644,-1,668,659,634,-1,669,635,645,-1,669,660,635,-1,670,661,2,-1,671,638,647,-1,671,662,638,-1,672,663,639,-1,672,639,648,-1,673,640,649,-1,673,664,640,-1,674,656,665,-1,674,665,641,-1,674,641,650,-1,675,642,651,-1,675,666,642,-1,676,643,652,-1,676,667,643,-1,677,644,653,-1,677,668,644,-1,678,645,654,-1,678,669,645,-1,679,670,2,-1,680,671,647,-1,680,647,657,-1,681,648,658,-1,681,672,648,-1,682,649,659,-1,682,673,649,-1,683,684,656,-1,683,656,674,-1,683,674,650,-1,683,650,660,-1,685,651,661,-1,685,675,651,-1,686,652,662,-1,686,676,652,-1,687,653,663,-1,687,677,653,-1,688,678,654,-1,688,654,664,-1,689,679,2,-1,690,680,657,-1,690,657,666,-1,691,681,658,-1,691,658,667,-1,692,682,659,-1,692,659,668,-1,693,684,683,-1,693,683,660,-1,693,660,669,-1,694,685,661,-1,694,661,670,-1,695,686,662,-1,695,662,671,-1,696,687,663,-1,696,663,672,-1,697,664,673,-1,697,688,664,-1,698,689,2,-1,699,666,675,-1,699,690,666,-1,700,691,667,-1,700,667,676,-1,701,668,677,-1,701,692,668,-1,702,703,684,-1,702,684,693,-1,702,669,678,-1,702,693,669,-1,704,670,679,-1,704,694,670,-1,705,695,671,-1,705,671,680,-1,706,672,681,-1,706,696,672,-1,707,697,673,-1,707,673,682,-1,708,698,2,-1,709,675,685,-1,709,699,675,-1,710,700,676,-1,710,676,686,-1,711,701,677,-1,711,677,687,-1,712,703,702,-1,712,702,678,-1,712,678,688,-1,713,704,679,-1,713,679,689,-1,714,680,690,-1,714,705,680,-1,715,706,681,-1,715,681,691,-1,716,682,692,-1,716,707,682,-1,717,708,2,-1,717,2,1,-1,718,709,685,-1,718,685,694,-1,719,686,695,-1,719,710,686,-1,720,687,696,-1,720,711,687,-1,721,722,703,-1,721,712,688,-1,721,688,697,-1,721,703,712,-1,723,713,689,-1,723,689,698,-1,724,690,699,-1,724,714,690,-1,725,715,691,-1,725,691,700,-1,726,716,692,-1,726,692,701,-1,727,718,694,-1,727,694,704,-1,728,719,695,-1,728,695,705,-1,729,720,696,-1,729,696,706,-1,730,722,721,-1,730,721,697,-1,730,697,707,-1,731,698,708,-1,731,723,698,-1,732,699,709,-1,732,724,699,-1,733,725,700,-1,733,700,710,-1,734,726,701,-1,734,701,711,-1,735,704,713,-1,735,727,704,-1,736,728,705,-1,736,705,714,-1,737,706,715,-1,737,729,706,-1,738,739,722,-1,738,722,730,-1,738,730,707,-1,738,707,716,-1,740,708,717,-1,740,731,708,-1,741,709,718,-1,741,732,709,-1,742,733,710,-1,742,710,719,-1,743,711,720,-1,743,734,711,-1,744,713,723,-1,744,735,713,-1,745,736,714,-1,745,714,724,-1,746,715,725,-1,746,737,715,-1,747,738,716,-1,747,716,726,-1,747,739,738,-1,748,717,1,-1,748,740,717,-1,749,718,727,-1,749,741,718,-1,750,719,728,-1,750,742,719,-1,751,720,729,-1,751,743,720,-1,752,723,731,-1,752,744,723,-1,753,724,732,-1,753,745,724,-1,754,746,725,-1,754,725,733,-1,755,739,747,-1,755,756,739,-1,755,726,734,-1,755,747,726,-1,757,749,727,-1,757,727,735,-1,758,750,728,-1,758,728,736,-1,759,751,729,-1,759,729,737,-1,760,752,731,-1,760,731,740,-1,761,753,732,-1,761,732,741,-1,762,754,733,-1,762,733,742,-1,763,755,734,-1,763,756,755,-1,763,734,743,-1,764,735,744,-1,764,757,735,-1,765,758,736,-1,765,736,745,-1,766,737,746,-1,766,759,737,-1,767,748,1,-1,767,740,748,-1,767,760,740,-1,767,1,12,-1,768,761,741,-1,768,741,749,-1,769,762,742,-1,769,742,750,-1,770,756,763,-1,770,771,756,-1,770,763,743,-1,770,743,751,-1,772,744,752,-1,772,764,744,-1,773,745,753,-1,773,765,745,-1,774,746,754,-1,774,766,746,-1,775,749,757,-1,775,768,749,-1,776,769,750,-1,776,750,758,-1,777,770,751,-1,777,751,759,-1,777,771,770,-1,778,752,760,-1,778,772,752,-1,779,753,761,-1,779,773,753,-1,780,754,762,-1,780,774,754,-1,781,757,764,-1,781,775,757,-1,782,776,758,-1,782,758,765,-1,783,784,771,-1,783,771,777,-1,783,759,766,-1,783,777,759,-1,785,778,760,-1,785,760,767,-1,786,779,761,-1,786,761,768,-1,787,762,769,-1,787,780,762,-1,788,781,764,-1,788,764,772,-1,789,782,765,-1,789,765,773,-1,790,783,766,-1,790,766,774,-1,790,784,783,-1,791,785,767,-1,791,767,12,-1,792,786,768,-1,792,768,775,-1,793,769,776,-1,793,787,769,-1,794,788,772,-1,794,772,778,-1,795,789,773,-1,795,773,779,-1,796,790,774,-1,796,784,790,-1,796,797,784,-1,796,774,780,-1,798,792,775,-1,798,775,781,-1,799,793,776,-1,799,776,782,-1,800,794,778,-1,800,778,785,-1,801,779,786,-1,801,795,779,-1,802,780,787,-1,802,797,796,-1,802,796,780,-1,803,781,788,-1,803,798,781,-1,804,782,789,-1,804,799,782,-1,805,800,785,-1,805,785,791,-1,805,791,12,-1,805,12,34,-1,806,786,792,-1,806,801,786,-1,807,787,793,-1,807,797,802,-1,807,802,787,-1,807,808,797,-1,809,788,794,-1,809,803,788,-1,810,789,795,-1,810,804,789,-1,811,792,798,-1,811,806,792,-1,812,807,793,-1,812,808,807,-1,812,793,799,-1,813,794,800,-1,813,809,794,-1,814,810,795,-1,814,795,801,-1,815,798,803,-1,815,811,798,-1,816,817,808,-1,816,799,804,-1,816,812,799,-1,816,808,812,-1,818,800,805,-1,818,813,800,-1,819,801,806,-1,819,814,801,-1,820,815,803,-1,820,803,809,-1,821,816,804,-1,821,817,816,-1,821,804,810,-1,822,818,805,-1,822,805,34,-1,823,819,806,-1,823,806,811,-1,824,820,809,-1,824,809,813,-1,825,817,821,-1,825,821,810,-1,825,826,817,-1,825,810,814,-1,827,823,811,-1,827,811,815,-1,828,813,818,-1,828,824,813,-1,829,826,825,-1,829,825,814,-1,829,814,819,-1,830,827,815,-1,830,815,820,-1,831,822,34,-1,831,818,822,-1,831,828,818,-1,831,34,68,-1,832,819,823,-1,832,833,826,-1,832,829,819,-1,832,826,829,-1,834,820,824,-1,834,830,820,-1,835,832,823,-1,835,833,832,-1,835,823,827,-1,836,834,824,-1,836,824,828,-1,837,827,830,-1,837,838,833,-1,837,835,827,-1,837,833,835,-1,839,828,831,-1,839,836,828,-1,840,837,830,-1,840,830,834,-1,840,838,837,-1,841,839,831,-1,841,831,68,-1,842,834,836,-1,842,840,834,-1,842,843,838,-1,842,838,840,-1,844,843,842,-1,844,836,839,-1,844,842,836,-1,845,68,115,-1,845,115,843,-1,845,841,68,-1,845,843,844,-1,845,839,841,-1,845,844,839,-1]
coord Coordinate { point [-0.860647 -0.888471 1.57399,-0.829715 -0.885825 1.57078,-0.885825 -0.885825 1.5748,-0.860892 -0.890221 1.57399,-0.86126 -0.89195 1.57399,-0.835419 -0.88935 1.57154,-0.861747 -0.893648 1.57399,-0.835787 -0.892857 1.57154,-0.862351 -0.895309 1.57399,-0.8364 -0.896331 1.57154,-0.86307 -0.896923 1.57399,-0.810338 -0.888461 1.56749,-0.792876 -0.885825 1.56367,-0.837253 -0.899753 1.57154,-0.8639 -0.898484 1.57399,-0.810706 -0.89372 1.56749,-0.838343 -0.903107 1.57154,-0.864836 -0.899982 1.57399,-0.81144 -0.898941 1.56749,-0.839664 -0.906377 1.57154,-0.865875 -0.901412 1.57399,-0.812536 -0.904098 1.56749,-0.84121 -0.909547 1.57154,-0.867011 -0.902765 1.57399,-0.813989 -0.909166 1.56749,-0.842974 -0.912602 1.57154,-0.786577 -0.899773 1.56183,-0.868238 -0.904037 1.57399,-0.815792 -0.91412 1.56749,-0.844946 -0.915526 1.57154,-0.787792 -0.906663 1.56183,-0.869551 -0.905219 1.57399,-0.817937 -0.918936 1.56749,-0.761402 -0.89017 1.5546,-0.742215 -0.885825 1.54767,-0.847117 -0.918305 1.57154,-0.789484 -0.91345 1.56183,-0.870944 -0.906307 1.57399,-0.820412 -0.923591 1.56749,-0.762008 -0.898839 1.5546,-0.849477 -0.920926 1.57154,-0.791646 -0.920103 1.56183,-0.872409 -0.907295 1.57399,-0.823206 -0.928062 1.56749,-0.763218 -0.907444 1.5546,-0.852014 -0.923376 1.57154,-0.794267 -0.926589 1.56183,-0.873939 -0.908179 1.57399,-0.826304 -0.932328 1.56749,-0.765024 -0.915944 1.5546,-0.854716 -0.925643 1.57154,-0.797333 -0.932877 1.56183,-0.875528 -0.908953 1.57399,-0.829693 -0.936366 1.56749,-0.76742 -0.924297 1.5546,-0.857569 -0.927716 1.57154,-0.800831 -0.938935 1.56183,-0.739009 -0.906459 1.54582,-0.877166 -0.909615 1.57399,-0.833356 -0.940159 1.56749,-0.770392 -0.932463 1.5546,-0.86056 -0.929585 1.57154,-0.804743 -0.944735 1.56183,-0.740806 -0.91665 1.54582,-0.878847 -0.910161 1.57399,-0.837274 -0.943686 1.56749,-0.773926 -0.940402 1.5546,-0.714524 -0.891807 1.53553,-0.694167 -0.885825 1.525,-0.863674 -0.931241 1.57154,-0.80905 -0.950247 1.56183,-0.743309 -0.926691 1.54582,-0.880561 -0.910589 1.57399,-0.841428 -0.946932 1.56749,-0.778006 -0.948074 1.5546,-0.715358 -0.903742 1.53553,-0.866896 -0.932675 1.57154,-0.81373 -0.955446 1.56183,-0.746507 -0.936533 1.54582,-0.882302 -0.910896 1.57399,-0.845799 -0.94988 1.56749,-0.782611 -0.955444 1.5546,-0.717023 -0.915589 1.53553,-0.870211 -0.933881 1.57154,-0.818763 -0.960305 1.56183,-0.750384 -0.946127 1.54582,-0.884059 -0.91108 1.57399,-0.850365 -0.952516 1.56749,-0.787719 -0.962474 1.5546,-0.719511 -0.927292 1.53553,-0.873601 -0.934854 1.57154,-0.824121 -0.964802 1.56183,-0.75492 -0.955428 1.54582,-0.692454 -0.899347 1.52377,-0.885825 -0.911142 1.57399,-0.855103 -0.954828 1.56749,-0.793304 -0.969131 1.5546,-0.722808 -0.938792 1.53553,-0.877051 -0.935587 1.57154,-0.829781 -0.968914 1.56183,-0.760094 -0.96439 1.54582,-0.693869 -0.912803 1.52377,-0.887591 -0.91108 1.57399,-0.859991 -0.956803 1.56749,-0.799341 -0.975382 1.5546,-0.7269 -0.950035 1.53553,-0.880543 -0.936078 1.57154,-0.835713 -0.972621 1.56183,-0.765881 -0.97297 1.54582,-0.696218 -0.926127 1.52377,-0.889348 -0.910896 1.57399,-0.865005 -0.958432 1.56749,-0.805799 -0.981197 1.5546,-0.731767 -0.960964 1.53553,-0.670479 -0.893345 1.5106,-0.649605 -0.885825 1.49606,-0.884062 -0.936324 1.57154,-0.84189 -0.975905 1.56183,-0.772252 -0.981124 1.54582,-0.699491 -0.939255 1.52377,-0.891089 -0.910589 1.57399,-0.870121 -0.959707 1.56749,-0.812646 -0.986547 1.5546,-0.737383 -0.971528 1.53553,-0.671528 -0.908349 1.5106,-0.652009 -0.919443 1.49606,-0.887588 -0.936324 1.57154,-0.848281 -0.97875 1.56183,-0.779176 -0.988814 1.54582,-0.703672 -0.952123 1.52377,-0.892803 -0.910161 1.57399,-0.875313 -0.960623 1.56749,-0.819851 -0.991406 1.5546,-0.743723 -0.981674 1.53553,-0.673621 -0.923242 1.5106,-0.891107 -0.936078 1.57154,-0.854854 -0.981143 1.56183,-0.78662 -0.996003 1.54582,-0.708741 -0.964668 1.52377,-0.894484 -0.909615 1.57399,-0.880556 -0.961174 1.56749,-0.827376 -0.995751 1.5546,-0.750755 -0.991353 1.53553,-0.676748 -0.937954 1.5106,-0.659174 -0.952376 1.49606,-0.894599 -0.935587 1.57154,-0.861579 -0.983071 1.56183,-0.794548 -1.00265 1.54582,-0.714672 -0.976829 1.52377,-0.896122 -0.908953 1.57399,-0.885825 -0.961358 1.56749,-0.835187 -0.99956 1.5546,-0.758446 -1.00052 1.53553,-0.680894 -0.952411 1.5106,-0.898049 -0.934854 1.57154,-0.868421 -0.984526 1.56183,-0.80292 -1.00874 1.54582,-0.721437 -0.988546 1.52377,-0.897711 -0.908179 1.57399,-0.891094 -0.961174 1.56749,-0.843244 -1.00282 1.5546,-0.766757 -1.00912 1.53553,-0.686038 -0.966544 1.5106,-0.670952 -0.983954 1.49606,-0.901439 -0.933881 1.57154,-0.875349 -0.985499 1.56183,-0.811695 -1.01422 1.54582,-0.729003 -0.999763 1.52377,-0.899241 -0.907295 1.57399,-0.896337 -0.960623 1.56749,-0.851508 -1.0055 1.5546,-0.775648 -1.01713 1.53553,-0.692155 -0.980284 1.5106,-0.904754 -0.932675 1.57154,-0.882327 -0.985987 1.56183,-0.820832 -1.01908 1.54582,-0.737333 -1.01042 1.52377,-0.900706 -0.906307 1.57399,-0.901529 -0.959707 1.56749,-0.85994 -1.0076 1.5546,-0.785075 -1.0245 1.53553,-0.699216 -0.993564 1.5106,-0.687104 -1.01354 1.49606,-0.907976 -0.931241 1.57154,-0.889323 -0.985987 1.56183,-0.830286 -1.02329 1.54582,-0.746386 -1.02048 1.52377,-0.902099 -0.905219 1.57399,-0.906645 -0.958432 1.56749,-0.868498 -1.00911 1.5546,-0.794994 -1.03119 1.53553,-0.707186 -1.00632 1.5106,-0.91109 -0.929585 1.57154,-0.896301 -0.985499 1.56183,-0.84001 -1.02683 1.54582,-0.756119 -1.02988 1.52377,-0.903412 -0.904037 1.57399,-0.911659 -0.956803 1.56749,-0.87714 -1.01002 1.5546,-0.805355 -1.03717 1.53553,-0.716027 -1.01849 1.5106,-0.707302 -1.04052 1.49606,-0.914081 -0.927716 1.57154,-0.903229 -0.984526 1.56183,-0.849958 -1.02968 1.54582,-0.766483 -1.03858 1.52377,-0.904639 -0.902765 1.57399,-0.916547 -0.954828 1.56749,-0.885825 -1.01032 1.5546,-0.816108 -1.04241 1.53553,-0.725694 -1.03001 1.5106,-0.916934 -0.925643 1.57154,-0.910071 -0.983071 1.56183,-0.86008 -1.03183 1.54582,-0.77743 -1.04653 1.52377,-0.905775 -0.901412 1.57399,-0.921285 -0.952516 1.56749,-0.89451 -1.01002 1.5546,-0.827201 -1.04689 1.53553,-0.736142 -1.04083 1.5106,-0.731134 -1.06435 1.49606,-0.919636 -0.923376 1.57154,-0.916796 -0.981143 1.56183,-0.870328 -1.03327 1.54582,-0.788904 -1.0537 1.52377,-0.906814 -0.899982 1.57399,-0.925851 -0.94988 1.56749,-0.903152 -1.00911 1.5546,-0.838579 -1.05059 1.53553,-0.747319 -1.05089 1.5106,-0.922173 -0.920926 1.57154,-0.923369 -0.97875 1.56183,-0.880651 -1.03399 1.54582,-0.80085 -1.06005 1.52377,-0.90775 -0.898484 1.57399,-0.930222 -0.946932 1.56749,-0.91171 -1.0076 1.5546,-0.850188 -1.05349 1.53553,-0.759171 -1.06015 1.5106,-0.758115 -1.08455 1.49606,-0.924533 -0.918305 1.57154,-0.92976 -0.975905 1.56183,-0.890999 -1.03399 1.54582,-0.81321 -1.06555 1.52377,-0.90858 -0.896923 1.57399,-0.934376 -0.943686 1.56749,-0.920142 -1.0055 1.5546,-0.86197 -1.05556 1.53553,-0.771639 -1.06856 1.5106,-0.926704 -0.915526 1.57154,-0.935937 -0.972621 1.56183,-0.901322 -1.03327 1.54582,-0.825924 -1.07018 1.52377,-0.909299 -0.895309 1.57399,-0.938294 -0.940159 1.56749,-0.928406 -1.00282 1.5546,-0.873868 -1.05681 1.53553,-0.784665 -1.07608 1.5106,-0.787696 -1.1007 1.49606,-0.928676 -0.912602 1.57154,-0.941869 -0.968914 1.56183,-0.91157 -1.03183 1.54582,-0.83893 -1.07391 1.52377,-0.909903 -0.893648 1.57399,-0.941957 -0.936366 1.56749,-0.936463 -0.99956 1.5546,-0.885825 -1.05723 1.53553,-0.798182 -1.08267 1.5106,-0.93044 -0.909547 1.57154,-0.947529 -0.964802 1.56183,-0.921692 -1.02968 1.54582,-0.852165 -1.07672 1.52377,-0.91039 -0.89195 1.57399,-0.945346 -0.932328 1.56749,-0.944274 -0.995751 1.5546,-0.897782 -1.05681 1.53553,-0.812127 -1.08831 1.5106,-0.819274 -1.11248 1.49606,-0.931986 -0.906377 1.57154,-0.952887 -0.960305 1.56183,-0.93164 -1.02683 1.54582,-0.865563 -1.07861 1.52377,-0.910758 -0.890221 1.57399,-0.948444 -0.928062 1.56749,-0.951799 -0.991406 1.5546,-0.90968 -1.05556 1.53553,-0.826431 -1.09296 1.5106,-0.933307 -0.903107 1.57154,-0.95792 -0.955446 1.56183,-0.941364 -1.02329 1.54582,-0.87906 -1.07955 1.52377,-0.911003 -0.888471 1.57399,-0.951238 -0.923591 1.56749,-0.959004 -0.986547 1.5546,-0.921462 -1.05349 1.53553,-0.841025 -1.09659 1.5106,-0.852207 -1.11964 1.49606,-0.934397 -0.899753 1.57154,-0.9626 -0.950247 1.56183,-0.950818 -1.01908 1.54582,-0.89259 -1.07955 1.52377,-0.911127 -0.886709 1.57399,-0.953713 -0.918936 1.56749,-0.965851 -0.981197 1.5546,-0.933071 -1.05059 1.53553,-0.855836 -1.09921 1.5106,-0.93525 -0.896331 1.57154,-0.966907 -0.944735 1.56183,-0.959955 -1.01422 1.54582,-0.906087 -1.07861 1.52377,-0.911127 -0.884941 1.57399,-0.955858 -0.91412 1.56749,-0.972309 -0.975382 1.5546,-0.944449 -1.04689 1.53553,-0.870794 -1.10078 1.5106,-0.885825 -1.12204 1.49606,-0.935863 -0.892857 1.57154,-0.970819 -0.938935 1.56183,-0.96873 -1.00874 1.54582,-0.919485 -1.07672 1.52377,-0.911003 -0.883179 1.57399,-0.957661 -0.909166 1.56749,-0.978346 -0.969131 1.5546,-0.955542 -1.04241 1.53553,-0.885825 -1.1013 1.5106,-0.936231 -0.88935 1.57154,-0.974317 -0.932877 1.56183,-0.977102 -1.00265 1.54582,-0.93272 -1.07391 1.52377,-0.910758 -0.881429 1.57399,-0.959114 -0.904098 1.56749,-0.983931 -0.962474 1.5546,-0.966295 -1.03717 1.53553,-0.900856 -1.10078 1.5106,-0.921032 -1.11941 1.49606,-0.936355 -0.885825 1.57154,-0.977383 -0.926589 1.56183,-0.98503 -0.996003 1.54582,-0.945726 -1.07018 1.52377,-0.91039 -0.8797 1.57399,-0.96021 -0.898941 1.56749,-0.989039 -0.955444 1.5546,-0.976656 -1.03119 1.53553,-0.915814 -1.09921 1.5106,-0.936231 -0.8823 1.57154,-0.980004 -0.920103 1.56183,-0.992474 -0.988814 1.54582,-0.95844 -1.06555 1.52377,-0.909903 -0.878002 1.57399,-0.960944 -0.89372 1.56749,-0.993644 -0.948074 1.5546,-0.986575 -1.0245 1.53553,-0.930625 -1.09659 1.5106,-0.955452 -1.11155 1.49606,-0.935863 -0.878793 1.57154,-0.982166 -0.91345 1.56183,-0.999398 -0.981124 1.54582,-0.9708 -1.06005 1.52377,-0.909299 -0.876341 1.57399,-0.961312 -0.888461 1.56749,-0.997724 -0.940402 1.5546,-0.996002 -1.01713 1.53553,-0.945219 -1.09296 1.5106,-0.93525 -0.875319 1.57154,-0.983858 -0.906663 1.56183,-1.00577 -0.97297 1.54582,-0.982746 -1.0537 1.52377,-0.90858 -0.874727 1.57399,-0.961312 -0.883189 1.56749,-1.00126 -0.932463 1.5546,-1.00489 -1.00912 1.53553,-0.959523 -1.08831 1.5106,-0.988317 -1.09865 1.49606,-0.934397 -0.871897 1.57154,-0.985073 -0.899773 1.56183,-1.01156 -0.96439 1.54582,-0.99422 -1.04653 1.52377,-0.90775 -0.873166 1.57399,-0.960944 -0.87793 1.56749,-1.00423 -0.924297 1.5546,-1.0132 -1.00052 1.53553,-0.973468 -1.08267 1.5106,-0.933307 -0.868543 1.57154,-0.985804 -0.892816 1.56183,-1.01673 -0.955428 1.54582,-1.00517 -1.03858 1.52377,-0.906814 -0.871668 1.57399,-0.96021 -0.872709 1.56749,-1.00663 -0.915944 1.5546,-1.02089 -0.991353 1.53553,-0.986985 -1.07608 1.5106,-0.931986 -0.865273 1.57154,-0.986048 -0.885825 1.56183,-1.02127 -0.946127 1.54582,-1.01553 -1.02988 1.52377,-0.905775 -0.870238 1.57399,-0.959114 -0.867552 1.56749,-1.00843 -0.907444 1.5546,-1.02793 -0.981674 1.53553,-1.00001 -1.06856 1.5106,-1.01889 -1.081 1.49606,-0.93044 -0.862103 1.57154,-0.985804 -0.878834 1.56183,-1.02514 -0.936533 1.54582,-1.02526 -1.02048 1.52377,-0.904639 -0.868885 1.57399,-0.957661 -0.862484 1.56749,-1.00964 -0.898839 1.5546,-1.03427 -0.971528 1.53553,-1.01248 -1.06015 1.5106,-0.928676 -0.859048 1.57154,-0.985073 -0.871877 1.56183,-1.02834 -0.926691 1.54582,-1.03432 -1.01042 1.52377,-0.903412 -0.867613 1.57399,-0.955858 -0.85753 1.56749,-1.01025 -0.89017 1.5546,-1.03988 -0.960964 1.53553,-1.02433 -1.05089 1.5106,-1.0465 -1.05899 1.49606,-0.926704 -0.856124 1.57154,-0.983858 -0.864987 1.56183,-1.03084 -0.91665 1.54582,-1.04265 -0.999763 1.52377,-0.902099 -0.866431 1.57399,-0.953713 -0.852714 1.56749,-1.01025 -0.88148 1.5546,-1.04475 -0.950035 1.53553,-1.03551 -1.04083 1.5106,-0.924533 -0.853345 1.57154,-0.982166 -0.8582 1.56183,-1.03264 -0.906459 1.54582,-1.05021 -0.988546 1.52377,-0.900706 -0.865343 1.57399,-0.951238 -0.848059 1.56749,-1.00964 -0.872811 1.5546,-1.04884 -0.938792 1.53553,-1.04596 -1.03001 1.5106,-1.07051 -1.03311 1.49606,-0.922173 -0.850724 1.57154,-0.980004 -0.851547 1.56183,-1.03372 -0.896167 1.54582,-1.05698 -0.976829 1.52377,-0.899241 -0.864355 1.57399,-0.948444 -0.843588 1.56749,-1.00843 -0.864206 1.5546,-1.05214 -0.927292 1.53553,-1.05562 -1.01849 1.5106,-0.919636 -0.848274 1.57154,-0.977383 -0.845061 1.56183,-1.03408 -0.885825 1.54582,-1.06291 -0.964668 1.52377,-0.897711 -0.863471 1.57399,-0.945346 -0.839322 1.56749,-1.00663 -0.855706 1.5546,-1.05463 -0.915589 1.53553,-1.06446 -1.00632 1.5106,-1.0904 -1.00393 1.49606,-0.916934 -0.846007 1.57154,-0.974317 -0.838773 1.56183,-1.03372 -0.875483 1.54582,-1.06798 -0.952123 1.52377,-0.896122 -0.862697 1.57399,-0.941957 -0.835284 1.56749,-1.00423 -0.847353 1.5546,-1.05629 -0.903742 1.53553,-1.07243 -0.993564 1.5106,-0.914081 -0.843934 1.57154,-0.970819 -0.832715 1.56183,-1.03264 -0.865191 1.54582,-1.07216 -0.939255 1.52377,-0.894484 -0.862035 1.57399,-0.938294 -0.831491 1.56749,-1.00126 -0.839187 1.5546,-1.05713 -0.891807 1.53553,-1.07949 -0.980284 1.5106,-1.10572 -0.972126 1.49606,-0.91109 -0.842065 1.57154,-0.966907 -0.826915 1.56183,-1.03084 -0.855 1.54582,-1.07543 -0.926127 1.52377,-0.892803 -0.861489 1.57399,-0.934376 -0.827964 1.56749,-0.997724 -0.831248 1.5546,-1.05713 -0.879843 1.53553,-1.08561 -0.966544 1.5106,-0.907976 -0.840409 1.57154,-0.9626 -0.821403 1.56183,-1.02834 -0.844959 1.54582,-1.07778 -0.912803 1.52377,-0.891089 -0.861061 1.57399,-0.930222 -0.824718 1.56749,-0.993644 -0.823576 1.5546,-1.05629 -0.867908 1.53553,-1.09076 -0.952411 1.5106,-1.11612 -0.938389 1.49606,-0.904754 -0.838975 1.57154,-0.95792 -0.816204 1.56183,-1.02514 -0.835117 1.54582,-1.0792 -0.899347 1.52377,-0.889348 -0.860754 1.57399,-0.925851 -0.82177 1.56749,-0.989039 -0.816206 1.5546,-1.05463 -0.856061 1.53553,-1.0949 -0.937954 1.5106,-0.901439 -0.837769 1.57154,-0.952887 -0.811345 1.56183,-1.02127 -0.825523 1.54582,-1.07967 -0.885825 1.52377,-0.887591 -0.86057 1.57399,-0.921285 -0.819134 1.56749,-0.983931 -0.809176 1.5546,-1.05214 -0.844358 1.53553,-1.09803 -0.923242 1.5106,-1.12138 -0.903478 1.49606,-0.898049 -0.836796 1.57154,-0.947529 -0.806848 1.56183,-1.01673 -0.816222 1.54582,-1.0792 -0.872303 1.52377,-0.885825 -0.860508 1.57399,-0.916547 -0.816822 1.56749,-0.978346 -0.802519 1.5546,-1.04884 -0.832858 1.53553,-1.10012 -0.908349 1.5106,-0.894599 -0.836063 1.57154,-0.941869 -0.802736 1.56183,-1.01156 -0.80726 1.54582,-1.07778 -0.858847 1.52377,-0.884059 -0.86057 1.57399,-0.911659 -0.814847 1.56749,-0.972309 -0.796268 1.5546,-1.04475 -0.821615 1.53553,-1.10117 -0.893345 1.5106,-0.891107 -0.835572 1.57154,-0.935937 -0.799029 1.56183,-1.00577 -0.79868 1.54582,-1.07543 -0.845523 1.52377,-0.882302 -0.860754 1.57399,-0.906645 -0.813218 1.56749,-0.965851 -0.790453 1.5546,-1.03988 -0.810686 1.53553,-1.10117 -0.878305 1.5106,-1.12138 -0.868172 1.49606,-0.887588 -0.835326 1.57154,-0.92976 -0.795745 1.56183,-0.999398 -0.790526 1.54582,-1.07216 -0.832395 1.52377,-0.880561 -0.861061 1.57399,-0.901529 -0.811943 1.56749,-0.959004 -0.785103 1.5546,-1.03427 -0.800122 1.53553,-1.10012 -0.863301 1.5106,-0.884062 -0.835326 1.57154,-0.923369 -0.7929 1.56183,-0.992474 -0.782836 1.54582,-1.06798 -0.819527 1.52377,-0.878847 -0.861489 1.57399,-0.896337 -0.811027 1.56749,-0.951799 -0.780244 1.5546,-1.02793 -0.789976 1.53553,-1.09803 -0.848408 1.5106,-1.11612 -0.833261 1.49606,-0.880543 -0.835572 1.57154,-0.916796 -0.790507 1.56183,-0.98503 -0.775647 1.54582,-1.06291 -0.806982 1.52377,-0.877166 -0.862035 1.57399,-0.891094 -0.810476 1.56749,-0.944274 -0.775899 1.5546,-1.02089 -0.780297 1.53553,-1.0949 -0.833696 1.5106,-0.877051 -0.836063 1.57154,-0.910071 -0.788579 1.56183,-0.977102 -0.768995 1.54582,-1.05698 -0.794821 1.52377,-0.875528 -0.862697 1.57399,-0.885825 -0.810292 1.56749,-0.936463 -0.77209 1.5546,-1.0132 -0.771132 1.53553,-1.09076 -0.819239 1.5106,-1.10572 -0.799524 1.49606,-0.873601 -0.836796 1.57154,-0.903229 -0.787124 1.56183,-0.96873 -0.762913 1.54582,-1.05021 -0.783104 1.52377,-0.873939 -0.863471 1.57399,-0.880556 -0.810476 1.56749,-0.928406 -0.768834 1.5546,-1.00489 -0.762526 1.53553,-1.08561 -0.805106 1.5106,-0.870211 -0.837769 1.57154,-0.896301 -0.786151 1.56183,-0.959955 -0.757429 1.54582,-1.04265 -0.771887 1.52377,-0.872409 -0.864355 1.57399,-0.875313 -0.811027 1.56749,-0.920142 -0.766149 1.5546,-0.996002 -0.754521 1.53553,-1.07949 -0.791366 1.5106,-1.0904 -0.767715 1.49606,-0.866896 -0.838975 1.57154,-0.889323 -0.785663 1.56183,-0.950818 -0.752571 1.54582,-1.03432 -0.761225 1.52377,-0.870944 -0.865343 1.57399,-0.870121 -0.811943 1.56749,-0.91171 -0.764047 1.5546,-0.986575 -0.747155 1.53553,-1.07243 -0.778086 1.5106,-0.863674 -0.840409 1.57154,-0.882327 -0.785663 1.56183,-0.941364 -0.748362 1.54582,-1.02526 -0.751171 1.52377,-0.869551 -0.866431 1.57399,-0.865005 -0.813218 1.56749,-0.903152 -0.762538 1.5546,-0.976656 -0.740465 1.53553,-1.06446 -0.765332 1.5106,-1.07051 -0.738544 1.49606,-0.86056 -0.842065 1.57154,-0.875349 -0.786151 1.56183,-0.93164 -0.744822 1.54582,-1.01553 -0.741772 1.52377,-0.868238 -0.867613 1.57399,-0.859991 -0.814847 1.56749,-0.89451 -0.761629 1.5546,-0.966295 -0.734483 1.53553,-1.05562 -0.753164 1.5106,-0.857569 -0.843934 1.57154,-0.868421 -0.787124 1.56183,-0.921692 -0.74197 1.54582,-1.00517 -0.733075 1.52377,-0.867011 -0.868885 1.57399,-0.855103 -0.816822 1.56749,-0.885825 -0.761326 1.5546,-0.955542 -0.729238 1.53553,-1.04596 -0.741643 1.5106,-1.0465 -0.712663 1.49606,-0.854716 -0.846007 1.57154,-0.861579 -0.788579 1.56183,-0.91157 -0.739818 1.54582,-0.99422 -0.725122 1.52377,-0.865875 -0.870238 1.57399,-0.850365 -0.819134 1.56749,-0.87714 -0.761629 1.5546,-0.944449 -0.724756 1.53553,-1.03551 -0.730824 1.5106,-0.852014 -0.848274 1.57154,-0.854854 -0.790507 1.56183,-0.901322 -0.738378 1.54582,-0.982746 -0.717952 1.52377,-0.864836 -0.871668 1.57399,-0.845799 -0.82177 1.56749,-0.868498 -0.762538 1.5546,-0.933071 -0.721059 1.53553,-1.02433 -0.72076 1.5106,-1.01889 -0.690651 1.49606,-0.849477 -0.850724 1.57154,-0.848281 -0.7929 1.56183,-0.890999 -0.737656 1.54582,-0.9708 -0.7116 1.52377,-0.8639 -0.873166 1.57399,-0.841428 -0.824718 1.56749,-0.85994 -0.764047 1.5546,-0.921462 -0.718165 1.53553,-1.01248 -0.7115 1.5106,-0.847117 -0.853345 1.57154,-0.84189 -0.795745 1.56183,-0.880651 -0.737656 1.54582,-0.95844 -0.706097 1.52377,-0.86307 -0.874727 1.57399,-0.837274 -0.827964 1.56749,-0.851508 -0.766149 1.5546,-0.90968 -0.716087 1.53553,-1.00001 -0.70309 1.5106,-0.844946 -0.856124 1.57154,-0.835713 -0.799029 1.56183,-0.870328 -0.738378 1.54582,-0.945726 -0.70147 1.52377,-0.862351 -0.876341 1.57399,-0.833356 -0.831491 1.56749,-0.843244 -0.768834 1.5546,-0.897782 -0.714837 1.53553,-0.986985 -0.69557 1.5106,-0.988317 -0.672998 1.49606,-0.842974 -0.859048 1.57154,-0.829781 -0.802736 1.56183,-0.86008 -0.739818 1.54582,-0.93272 -0.69774 1.52377,-0.861747 -0.878002 1.57399,-0.829693 -0.835284 1.56749,-0.835187 -0.77209 1.5546,-0.885825 -0.714419 1.53553,-0.973468 -0.688977 1.5106,-0.84121 -0.862103 1.57154,-0.824121 -0.806848 1.56183,-0.849958 -0.74197 1.54582,-0.919485 -0.694927 1.52377,-0.86126 -0.8797 1.57399,-0.826304 -0.839322 1.56749,-0.827376 -0.775899 1.5546,-0.873868 -0.714837 1.53553,-0.959523 -0.683343 1.5106,-0.955452 -0.6601 1.49606,-0.839664 -0.865273 1.57154,-0.818763 -0.811345 1.56183,-0.84001 -0.744822 1.54582,-0.906087 -0.693044 1.52377,-0.860892 -0.881429 1.57399,-0.823206 -0.843588 1.56749,-0.819851 -0.780244 1.5546,-0.86197 -0.716087 1.53553,-0.945219 -0.678695 1.5106,-0.838343 -0.868543 1.57154,-0.81373 -0.816204 1.56183,-0.830286 -0.748362 1.54582,-0.89259 -0.6921 1.52377,-0.860647 -0.883179 1.57399,-0.820412 -0.848059 1.56749,-0.812646 -0.785103 1.5546,-0.850188 -0.718165 1.53553,-0.930625 -0.675056 1.5106,-0.921032 -0.652243 1.49606,-0.837253 -0.871897 1.57154,-0.80905 -0.821403 1.56183,-0.820832 -0.752571 1.54582,-0.87906 -0.6921 1.52377,-0.817937 -0.852714 1.56749,-0.805799 -0.790453 1.5546,-0.838579 -0.721059 1.53553,-0.915814 -0.672445 1.5106,-0.8364 -0.875319 1.57154,-0.804743 -0.826915 1.56183,-0.811695 -0.757429 1.54582,-0.865563 -0.693044 1.52377,-0.815792 -0.85753 1.56749,-0.799341 -0.796268 1.5546,-0.827201 -0.724756 1.53553,-0.900856 -0.670873 1.5106,-0.885825 -0.649605 1.49606,-0.835787 -0.878793 1.57154,-0.800831 -0.832715 1.56183,-0.80292 -0.762913 1.54582,-0.852165 -0.694927 1.52377,-0.813989 -0.862484 1.56749,-0.793304 -0.802519 1.5546,-0.816108 -0.729238 1.53553,-0.885825 -0.670348 1.5106,-0.835419 -0.8823 1.57154,-0.797333 -0.838773 1.56183,-0.794548 -0.768995 1.54582,-0.83893 -0.69774 1.52377,-0.812536 -0.867552 1.56749,-0.787719 -0.809176 1.5546,-0.805355 -0.734483 1.53553,-0.870794 -0.670873 1.5106,-0.852207 -0.652009 1.49606,-0.794267 -0.845061 1.56183,-0.78662 -0.775647 1.54582,-0.825924 -0.70147 1.52377,-0.81144 -0.872709 1.56749,-0.782611 -0.816206 1.5546,-0.794994 -0.740465 1.53553,-0.855836 -0.672445 1.5106,-0.791646 -0.851547 1.56183,-0.779176 -0.782836 1.54582,-0.81321 -0.706097 1.52377,-0.810706 -0.87793 1.56749,-0.778006 -0.823576 1.5546,-0.785075 -0.747155 1.53553,-0.841025 -0.675056 1.5106,-0.819274 -0.659174 1.49606,-0.789484 -0.8582 1.56183,-0.772252 -0.790526 1.54582,-0.80085 -0.7116 1.52377,-0.773926 -0.831248 1.5546,-0.775648 -0.754521 1.53553,-0.826431 -0.678695 1.5106,-0.787792 -0.864987 1.56183,-0.765881 -0.79868 1.54582,-0.788904 -0.717952 1.52377,-0.770392 -0.839187 1.5546,-0.766757 -0.762526 1.53553,-0.812127 -0.683343 1.5106,-0.787696 -0.670952 1.49606,-0.786577 -0.871877 1.56183,-0.760094 -0.80726 1.54582,-0.77743 -0.725122 1.52377,-0.76742 -0.847353 1.5546,-0.758446 -0.771132 1.53553,-0.798182 -0.688977 1.5106,-0.785846 -0.878834 1.56183,-0.75492 -0.816222 1.54582,-0.766483 -0.733075 1.52377,-0.765024 -0.855706 1.5546,-0.750755 -0.780297 1.53553,-0.784665 -0.69557 1.5106,-0.758115 -0.687104 1.49606,-0.750384 -0.825523 1.54582,-0.756119 -0.741772 1.52377,-0.763218 -0.864206 1.5546,-0.743723 -0.789976 1.53553,-0.771639 -0.70309 1.5106,-0.746507 -0.835117 1.54582,-0.746386 -0.751171 1.52377,-0.762008 -0.872811 1.5546,-0.737383 -0.800122 1.53553,-0.759171 -0.7115 1.5106,-0.731134 -0.707302 1.49606,-0.743309 -0.844959 1.54582,-0.737333 -0.761225 1.52377,-0.731767 -0.810686 1.53553,-0.747319 -0.72076 1.5106,-0.740806 -0.855 1.54582,-0.729003 -0.771887 1.52377,-0.7269 -0.821615 1.53553,-0.736142 -0.730824 1.5106,-0.707302 -0.731134 1.49606,-0.739009 -0.865191 1.54582,-0.721437 -0.783104 1.52377,-0.722808 -0.832858 1.53553,-0.725694 -0.741643 1.5106,-0.737927 -0.875483 1.54582,-0.714672 -0.794821 1.52377,-0.719511 -0.844358 1.53553,-0.716027 -0.753164 1.5106,-0.687104 -0.758115 1.49606,-0.708741 -0.806982 1.52377,-0.717023 -0.856061 1.53553,-0.707186 -0.765332 1.5106,-0.703672 -0.819527 1.52377,-0.715358 -0.867908 1.53553,-0.699216 -0.778086 1.5106,-0.670952 -0.787696 1.49606,-0.699491 -0.832395 1.52377,-0.692155 -0.791366 1.5106,-0.696218 -0.845523 1.52377,-0.686038 -0.805106 1.5106,-0.659174 -0.819274 1.49606,-0.693869 -0.858847 1.52377,-0.680894 -0.819239 1.5106,-0.692454 -0.872303 1.52377,-0.676748 -0.833696 1.5106,-0.652009 -0.852207 1.49606,-0.673621 -0.848408 1.5106,-0.671528 -0.863301 1.5106]
}}
appearance Appearance{material USE IC-BODY-EPOXY-04 }}
Shape { geometry IndexedFaceSet 
{ creaseAngle 1.00 coordIndex [0,1,2,-1,0,2,3,-1,4,3,5,-1,4,0,3,-1,6,5,7,-1,6,4,5,-1,8,7,9,-1,8,6,7,-1,10,9,11,-1,10,8,9,-1,12,11,13,-1,12,10,11,-1,14,13,15,-1,14,12,13,-1,16,15,17,-1,16,14,15,-1,18,19,20,-1,18,17,19,-1,18,16,17,-1,21,18,20,-1,22,23,24,-1,22,20,23,-1,22,21,20,-1,25,22,24,-1,26,24,27,-1,26,25,24,-1,28,26,27,-1,28,27,29,-1,30,29,31,-1,30,28,29,-1,32,31,33,-1,32,30,31,-1,34,35,36,-1,34,33,35,-1,34,32,33,-1,37,34,36,-1,38,36,39,-1,38,37,36,-1,40,39,41,-1,40,38,39,-1,42,41,43,-1,42,40,41,-1]
coord Coordinate { point [-0.921032 -1.11941 1.29921,-0.885825 -1.12204 1.29921,-0.885825 -1.12204 1.49606,-0.921032 -1.11941 1.49606,-0.955452 -1.11155 1.29921,-0.955452 -1.11155 1.49606,-0.988317 -1.09865 1.29921,-0.988317 -1.09865 1.49606,-1.01889 -1.081 1.29921,-1.01889 -1.081 1.49606,-1.0465 -1.05899 1.29921,-1.0465 -1.05899 1.49606,-1.07051 -1.03311 1.29921,-1.07051 -1.03311 1.49606,-1.0904 -1.00393 1.29921,-1.0904 -1.00393 1.49606,-1.10572 -0.972126 1.29921,-1.10572 -0.972126 1.49606,-1.11612 -0.938389 1.29921,-1.11612 -0.938389 1.49606,-1.12138 -0.903478 1.49606,-1.12138 -0.903478 1.29921,-1.12138 -0.868172 1.29921,-1.12138 -0.868172 1.49606,-1.11612 -0.833261 1.49606,-1.11612 -0.833261 1.29921,-1.10572 -0.799524 1.29921,-1.10572 -0.799524 1.49606,-1.0904 -0.767715 1.29921,-1.0904 -0.767715 1.49606,-1.07051 -0.738544 1.29921,-1.07051 -0.738544 1.49606,-1.0465 -0.712663 1.29921,-1.0465 -0.712663 1.49606,-1.01889 -0.690651 1.29921,-1.01889 -0.690651 1.49606,-0.988317 -0.672998 1.49606,-0.988317 -0.672998 1.29921,-0.955452 -0.6601 1.29921,-0.955452 -0.6601 1.49606,-0.921032 -0.652243 1.29921,-0.921032 -0.652243 1.49606,-0.885825 -0.649605 1.29921,-0.885825 -0.649605 1.49606]
}}
appearance Appearance{material USE IC-BODY-EPOXY-04 }}
Shape { geometry IndexedFaceSet 
{ creaseAngle 1.00 coordIndex [0,1,2,-1,3,0,2,-1,4,3,2,-1,5,1,0,-1,6,4,2,-1,7,5,0,-1,7,0,3,-1,8,6,2,-1,9,7,3,-1,9,3,4,-1,10,8,2,-1,11,12,1,-1,13,4,6,-1,13,9,4,-1,14,10,2,-1,15,5,7,-1,15,11,1,-1,15,12,11,-1,15,1,5,-1,16,6,8,-1,16,13,6,-1,17,14,2,-1,18,15,7,-1,18,7,9,-1,19,8,10,-1,19,16,8,-1,20,17,2,-1,21,9,13,-1,21,18,9,-1,22,19,10,-1,22,10,14,-1,23,20,2,-1,24,13,16,-1,24,21,13,-1,25,22,14,-1,25,14,17,-1,26,12,15,-1,26,15,18,-1,27,23,2,-1,28,16,19,-1,28,24,16,-1,29,17,20,-1,29,25,17,-1,30,18,21,-1,30,26,18,-1,31,27,2,-1,32,28,19,-1,32,19,22,-1,33,34,12,-1,33,12,26,-1,35,20,23,-1,35,29,20,-1,36,30,21,-1,36,21,24,-1,37,31,2,-1,38,22,25,-1,38,32,22,-1,39,34,33,-1,39,33,26,-1,40,23,27,-1,40,35,23,-1,41,24,28,-1,41,36,24,-1,42,37,2,-1,43,25,29,-1,43,38,25,-1,44,39,26,-1,44,26,30,-1,45,40,27,-1,45,27,31,-1,46,41,28,-1,46,28,32,-1,47,42,2,-1,48,43,29,-1,48,29,35,-1,49,44,30,-1,49,30,36,-1,50,31,37,-1,50,45,31,-1,51,46,32,-1,51,32,38,-1,52,47,2,-1,53,48,35,-1,53,35,40,-1,54,49,36,-1,54,36,41,-1,55,37,42,-1,55,50,37,-1,56,38,43,-1,56,51,38,-1,57,39,44,-1,57,34,39,-1,58,52,2,-1,59,53,40,-1,59,40,45,-1,60,41,46,-1,60,54,41,-1,61,55,42,-1,61,42,47,-1,62,43,48,-1,62,56,43,-1,63,44,49,-1,63,57,44,-1,64,58,2,-1,65,45,50,-1,65,59,45,-1,66,60,46,-1,66,46,51,-1,67,68,34,-1,67,34,57,-1,69,47,52,-1,69,61,47,-1,70,48,53,-1,70,62,48,-1,71,49,54,-1,71,63,49,-1,72,64,2,-1,73,65,50,-1,73,50,55,-1,74,66,51,-1,74,51,56,-1,75,67,57,-1,76,52,58,-1,76,69,52,-1,77,53,59,-1,77,70,53,-1,78,54,60,-1,78,71,54,-1,79,72,2,-1,80,55,61,-1,80,73,55,-1,81,74,56,-1,81,56,62,-1,82,75,57,-1,82,57,63,-1,83,76,58,-1,83,58,64,-1,84,77,59,-1,84,59,65,-1,85,60,66,-1,85,78,60,-1,86,79,2,-1,87,80,61,-1,87,61,69,-1,88,81,62,-1,88,62,70,-1,89,63,71,-1,89,82,63,-1,90,64,72,-1,90,83,64,-1,91,84,65,-1,91,65,73,-1,92,85,66,-1,92,66,74,-1,93,67,75,-1,93,68,67,-1,94,86,2,-1,95,87,69,-1,95,69,76,-1,96,70,77,-1,96,88,70,-1,97,71,78,-1,97,89,71,-1,98,90,72,-1,98,72,79,-1,99,73,80,-1,99,91,73,-1,100,92,74,-1,100,74,81,-1,101,75,82,-1,101,93,75,-1,102,94,2,-1,103,76,83,-1,103,95,76,-1,104,96,77,-1,104,77,84,-1,105,97,78,-1,105,78,85,-1,106,79,86,-1,106,98,79,-1,107,99,80,-1,107,80,87,-1,108,81,88,-1,108,100,81,-1,109,82,89,-1,109,101,82,-1,110,102,2,-1,111,103,83,-1,111,83,90,-1,112,84,91,-1,112,104,84,-1,113,105,85,-1,113,85,92,-1,114,115,68,-1,114,68,93,-1,116,106,86,-1,116,86,94,-1,117,107,87,-1,117,87,95,-1,118,108,88,-1,118,88,96,-1,119,109,89,-1,119,89,97,-1,120,110,2,-1,121,111,90,-1,121,90,98,-1,122,112,91,-1,122,91,99,-1,123,113,92,-1,123,92,100,-1,124,114,93,-1,124,125,115,-1,124,115,114,-1,124,93,101,-1,126,116,94,-1,126,94,102,-1,127,117,95,-1,127,95,103,-1,128,118,96,-1,128,96,104,-1,129,119,97,-1,129,97,105,-1,130,120,2,-1,131,98,106,-1,131,121,98,-1,132,122,99,-1,132,99,107,-1,133,100,108,-1,133,123,100,-1,134,125,124,-1,134,101,109,-1,134,124,101,-1,135,102,110,-1,135,126,102,-1,136,127,103,-1,136,103,111,-1,137,128,104,-1,137,104,112,-1,138,105,113,-1,138,129,105,-1,139,130,2,-1,140,131,106,-1,140,106,116,-1,141,107,117,-1,141,132,107,-1,142,133,108,-1,142,108,118,-1,143,125,134,-1,143,109,119,-1,143,134,109,-1,143,144,125,-1,145,135,110,-1,145,110,120,-1,146,136,111,-1,146,111,121,-1,147,112,122,-1,147,137,112,-1,148,113,123,-1,148,138,113,-1,149,139,2,-1,150,140,116,-1,150,116,126,-1,151,141,117,-1,151,117,127,-1,152,118,128,-1,152,142,118,-1,153,144,143,-1,153,119,129,-1,153,143,119,-1,154,145,120,-1,154,120,130,-1,155,146,121,-1,155,121,131,-1,156,147,122,-1,156,122,132,-1,157,148,123,-1,157,123,133,-1,158,149,2,-1,159,150,126,-1,159,126,135,-1,160,127,136,-1,160,151,127,-1,161,152,128,-1,161,128,137,-1,162,144,153,-1,162,163,144,-1,162,153,129,-1,162,129,138,-1,164,154,130,-1,164,130,139,-1,165,155,131,-1,165,131,140,-1,166,132,141,-1,166,156,132,-1,167,157,133,-1,167,133,142,-1,168,158,2,-1,169,135,145,-1,169,159,135,-1,170,160,136,-1,170,136,146,-1,171,161,137,-1,171,137,147,-1,172,138,148,-1,172,162,138,-1,172,163,162,-1,173,164,139,-1,173,139,149,-1,174,165,140,-1,174,140,150,-1,175,166,141,-1,175,141,151,-1,176,142,152,-1,176,167,142,-1,177,168,2,-1,178,169,145,-1,178,145,154,-1,179,146,155,-1,179,170,146,-1,180,147,156,-1,180,171,147,-1,181,182,163,-1,181,163,172,-1,181,148,157,-1,181,172,148,-1,183,149,158,-1,183,173,149,-1,184,150,159,-1,184,174,150,-1,185,175,151,-1,185,151,160,-1,186,152,161,-1,186,176,152,-1,187,177,2,-1,188,154,164,-1,188,178,154,-1,189,155,165,-1,189,179,155,-1,190,156,166,-1,190,180,156,-1,191,181,157,-1,191,182,181,-1,191,157,167,-1,192,183,158,-1,192,158,168,-1,193,184,159,-1,193,159,169,-1,194,185,160,-1,194,160,170,-1,195,161,171,-1,195,186,161,-1,196,187,2,-1,197,188,164,-1,197,164,173,-1,198,165,174,-1,198,189,165,-1,199,166,175,-1,199,190,166,-1,200,167,176,-1,200,201,182,-1,200,191,167,-1,200,182,191,-1,202,168,177,-1,202,192,168,-1,203,193,169,-1,203,169,178,-1,204,194,170,-1,204,170,179,-1,205,195,171,-1,205,171,180,-1,206,196,2,-1,207,173,183,-1,207,197,173,-1,208,174,184,-1,208,198,174,-1,209,199,175,-1,209,175,185,-1,210,176,186,-1,210,200,176,-1,210,201,200,-1,211,177,187,-1,211,202,177,-1,212,178,188,-1,212,203,178,-1,213,179,189,-1,213,204,179,-1,214,205,180,-1,214,180,190,-1,215,206,2,-1,216,183,192,-1,216,207,183,-1,217,208,184,-1,217,184,193,-1,218,185,194,-1,218,209,185,-1,219,220,201,-1,219,201,210,-1,219,186,195,-1,219,210,186,-1,221,211,187,-1,221,187,196,-1,222,212,188,-1,222,188,197,-1,223,213,189,-1,223,189,198,-1,224,214,190,-1,224,190,199,-1,225,215,2,-1,226,216,192,-1,226,192,202,-1,227,217,193,-1,227,193,203,-1,228,218,194,-1,228,194,204,-1,229,195,205,-1,229,220,219,-1,229,219,195,-1,230,221,196,-1,230,196,206,-1,231,222,197,-1,231,197,207,-1,232,223,198,-1,232,198,208,-1,233,224,199,-1,233,199,209,-1,234,225,2,-1,235,202,211,-1,235,226,202,-1,236,203,212,-1,236,227,203,-1,237,204,213,-1,237,228,204,-1,238,229,205,-1,238,239,220,-1,238,205,214,-1,238,220,229,-1,240,206,215,-1,240,230,206,-1,241,207,216,-1,241,231,207,-1,242,208,217,-1,242,232,208,-1,243,233,209,-1,243,209,218,-1,244,234,2,-1,245,235,211,-1,245,211,221,-1,246,212,222,-1,246,236,212,-1,247,213,223,-1,247,237,213,-1,248,214,224,-1,248,238,214,-1,248,239,238,-1,249,215,225,-1,249,240,215,-1,250,241,216,-1,250,216,226,-1,251,217,227,-1,251,242,217,-1,252,218,228,-1,252,243,218,-1,253,244,2,-1,254,221,230,-1,254,245,221,-1,255,246,222,-1,255,222,231,-1,256,223,232,-1,256,247,223,-1,257,258,239,-1,257,248,224,-1,257,224,233,-1,257,239,248,-1,259,249,225,-1,259,225,234,-1,260,250,226,-1,260,226,235,-1,261,227,236,-1,261,251,227,-1,262,252,228,-1,262,228,237,-1,263,253,2,-1,264,254,230,-1,264,230,240,-1,265,255,231,-1,265,231,241,-1,266,256,232,-1,266,232,242,-1,267,258,257,-1,267,257,233,-1,267,233,243,-1,268,259,234,-1,268,234,244,-1,269,260,235,-1,269,235,245,-1,270,261,236,-1,270,236,246,-1,271,237,247,-1,271,262,237,-1,272,263,2,-1,273,240,249,-1,273,264,240,-1,274,241,250,-1,274,265,241,-1,275,266,242,-1,275,242,251,-1,276,277,258,-1,276,267,243,-1,276,258,267,-1,276,243,252,-1,278,244,253,-1,278,268,244,-1,279,245,254,-1,279,269,245,-1,280,270,246,-1,280,246,255,-1,281,247,256,-1,281,271,247,-1,282,272,2,-1,283,273,249,-1,283,249,259,-1,284,250,260,-1,284,274,250,-1,285,275,251,-1,285,251,261,-1,286,276,252,-1,286,252,262,-1,286,277,276,-1,287,253,263,-1,287,278,253,-1,288,279,254,-1,288,254,264,-1,289,255,265,-1,289,280,255,-1,290,256,266,-1,290,281,256,-1,291,282,2,-1,292,259,268,-1,292,283,259,-1,293,284,260,-1,293,260,269,-1,294,285,261,-1,294,261,270,-1,295,277,286,-1,295,286,262,-1,295,296,277,-1,295,262,271,-1,297,287,263,-1,297,263,272,-1,298,288,264,-1,298,264,273,-1,299,289,265,-1,299,265,274,-1,300,266,275,-1,300,290,266,-1,301,291,2,-1,302,292,268,-1,302,268,278,-1,303,293,269,-1,303,269,279,-1,304,294,270,-1,304,270,280,-1,305,271,281,-1,305,296,295,-1,305,295,271,-1,306,297,272,-1,306,272,282,-1,307,273,283,-1,307,298,273,-1,308,274,284,-1,308,299,274,-1,309,275,285,-1,309,300,275,-1,310,301,2,-1,311,278,287,-1,311,302,278,-1,312,279,288,-1,312,303,279,-1,313,280,289,-1,313,304,280,-1,314,296,305,-1,314,315,296,-1,314,281,290,-1,314,305,281,-1,316,282,291,-1,316,306,282,-1,317,283,292,-1,317,307,283,-1,318,308,284,-1,318,284,293,-1,319,285,294,-1,319,309,285,-1,320,310,2,-1,321,287,297,-1,321,311,287,-1,322,288,298,-1,322,312,288,-1,323,313,289,-1,323,289,299,-1,324,315,314,-1,324,290,300,-1,324,314,290,-1,325,316,291,-1,325,291,301,-1,326,317,292,-1,326,292,302,-1,327,293,303,-1,327,318,293,-1,328,319,294,-1,328,294,304,-1,329,320,2,-1,330,321,297,-1,330,297,306,-1,331,322,298,-1,331,298,307,-1,332,323,299,-1,332,299,308,-1,333,324,300,-1,333,334,315,-1,333,315,324,-1,333,300,309,-1,335,325,301,-1,335,301,310,-1,336,326,302,-1,336,302,311,-1,337,327,303,-1,337,303,312,-1,338,304,313,-1,338,328,304,-1,339,329,2,-1,340,330,306,-1,340,306,316,-1,341,331,307,-1,341,307,317,-1,342,332,308,-1,342,308,318,-1,343,309,319,-1,343,333,309,-1,343,334,333,-1,344,310,320,-1,344,335,310,-1,345,311,321,-1,345,336,311,-1,346,312,322,-1,346,337,312,-1,347,313,323,-1,347,338,313,-1,348,339,2,-1,349,316,325,-1,349,340,316,-1,350,317,326,-1,350,341,317,-1,351,318,327,-1,351,342,318,-1,352,319,328,-1,352,353,334,-1,352,343,319,-1,352,334,343,-1,354,320,329,-1,354,344,320,-1,355,321,330,-1,355,345,321,-1,356,322,331,-1,356,346,322,-1,357,323,332,-1,357,347,323,-1,358,348,2,-1,359,349,325,-1,359,325,335,-1,360,350,326,-1,360,326,336,-1,361,351,327,-1,361,327,337,-1,362,353,352,-1,362,352,328,-1,362,328,338,-1,363,329,339,-1,363,354,329,-1,364,330,340,-1,364,355,330,-1,365,356,331,-1,365,331,341,-1,366,332,342,-1,366,357,332,-1,367,358,2,-1,368,359,335,-1,368,335,344,-1,369,360,336,-1,369,336,345,-1,370,361,337,-1,370,337,346,-1,371,353,362,-1,371,372,353,-1,371,362,338,-1,371,338,347,-1,373,339,348,-1,373,363,339,-1,374,340,349,-1,374,364,340,-1,375,365,341,-1,375,341,350,-1,376,366,342,-1,376,342,351,-1,377,367,2,-1,378,344,354,-1,378,368,344,-1,379,345,355,-1,379,369,345,-1,380,346,356,-1,380,370,346,-1,381,371,347,-1,381,347,357,-1,381,372,371,-1,382,348,358,-1,382,373,348,-1,383,374,349,-1,383,349,359,-1,384,375,350,-1,384,350,360,-1,385,376,351,-1,385,351,361,-1,386,377,2,-1,387,354,363,-1,387,378,354,-1,388,379,355,-1,388,355,364,-1,389,356,365,-1,389,380,356,-1,390,381,357,-1,390,357,366,-1,390,372,381,-1,391,358,367,-1,391,382,358,-1,392,359,368,-1,392,383,359,-1,393,360,369,-1,393,384,360,-1,394,385,361,-1,394,361,370,-1,395,386,2,-1,396,363,373,-1,396,387,363,-1,397,364,374,-1,397,388,364,-1,398,365,375,-1,398,389,365,-1,399,390,366,-1,399,400,372,-1,399,366,376,-1,399,372,390,-1,401,391,367,-1,401,367,377,-1,402,368,378,-1,402,392,368,-1,403,393,369,-1,403,369,379,-1,404,394,370,-1,404,370,380,-1,405,395,2,-1,406,396,373,-1,406,373,382,-1,407,397,374,-1,407,374,383,-1,408,398,375,-1,408,375,384,-1,409,376,385,-1,409,399,376,-1,409,400,399,-1,410,401,377,-1,410,377,386,-1,411,402,378,-1,411,378,387,-1,412,379,388,-1,412,403,379,-1,413,380,389,-1,413,404,380,-1,414,405,2,-1,415,382,391,-1,415,406,382,-1,416,383,392,-1,416,407,383,-1,417,384,393,-1,417,408,384,-1,418,419,400,-1,418,400,409,-1,418,409,385,-1,418,385,394,-1,420,410,386,-1,420,386,395,-1,421,387,396,-1,421,411,387,-1,422,388,397,-1,422,412,388,-1,423,389,398,-1,423,413,389,-1,424,414,2,-1,425,391,401,-1,425,415,391,-1,426,392,402,-1,426,416,392,-1,427,393,403,-1,427,417,393,-1,428,394,404,-1,428,419,418,-1,428,418,394,-1,429,420,395,-1,429,395,405,-1,430,396,406,-1,430,421,396,-1,431,397,407,-1,431,422,397,-1,432,398,408,-1,432,423,398,-1,433,424,2,-1,434,425,401,-1,434,401,410,-1,435,402,411,-1,435,426,402,-1,436,427,403,-1,436,403,412,-1,437,428,404,-1,437,438,419,-1,437,404,413,-1,437,419,428,-1,439,429,405,-1,439,405,414,-1,440,430,406,-1,440,406,415,-1,441,431,407,-1,441,407,416,-1,442,408,417,-1,442,432,408,-1,443,433,2,-1,444,434,410,-1,444,410,420,-1,445,435,411,-1,445,411,421,-1,446,436,412,-1,446,412,422,-1,447,437,413,-1,447,438,437,-1,447,413,423,-1,448,439,414,-1,448,414,424,-1,449,415,425,-1,449,440,415,-1,450,416,426,-1,450,441,416,-1,451,417,427,-1,451,442,417,-1,452,443,2,-1,453,420,429,-1,453,444,420,-1,454,445,421,-1,454,421,430,-1,455,422,431,-1,455,446,422,-1,456,457,438,-1,456,438,447,-1,456,447,423,-1,456,423,432,-1,458,448,424,-1,458,424,433,-1,459,449,425,-1,459,425,434,-1,460,426,435,-1,460,450,426,-1,461,451,427,-1,461,427,436,-1,462,452,2,-1,463,453,429,-1,463,429,439,-1,464,430,440,-1,464,454,430,-1,465,431,441,-1,465,455,431,-1,466,432,442,-1,466,457,456,-1,466,456,432,-1,467,433,443,-1,467,458,433,-1,468,459,434,-1,468,434,444,-1,469,435,445,-1,469,460,435,-1,470,436,446,-1,470,461,436,-1,471,462,2,-1,472,463,439,-1,472,439,448,-1,473,464,440,-1,473,440,449,-1,474,465,441,-1,474,441,450,-1,475,476,457,-1,475,466,442,-1,475,442,451,-1,475,457,466,-1,477,467,443,-1,477,443,452,-1,478,468,444,-1,478,444,453,-1,479,469,445,-1,479,445,454,-1,480,470,446,-1,480,446,455,-1,481,471,2,-1,482,472,448,-1,482,448,458,-1,483,473,449,-1,483,449,459,-1,484,450,460,-1,484,474,450,-1,485,451,461,-1,485,475,451,-1,485,476,475,-1,486,477,452,-1,486,452,462,-1,487,453,463,-1,487,478,453,-1,488,454,464,-1,488,479,454,-1,489,455,465,-1,489,480,455,-1,490,481,2,-1,491,482,458,-1,491,458,467,-1,492,459,468,-1,492,483,459,-1,493,460,469,-1,493,484,460,-1,494,476,485,-1,494,495,476,-1,494,461,470,-1,494,485,461,-1,496,462,471,-1,496,486,462,-1,497,487,463,-1,497,463,472,-1,498,488,464,-1,498,464,473,-1,499,489,465,-1,499,465,474,-1,500,490,2,-1,501,467,477,-1,501,491,467,-1,502,468,478,-1,502,492,468,-1,503,469,479,-1,503,493,469,-1,504,470,480,-1,504,495,494,-1,504,494,470,-1,505,496,471,-1,505,471,481,-1,506,497,472,-1,506,472,482,-1,507,498,473,-1,507,473,483,-1,508,499,474,-1,508,474,484,-1,509,500,2,-1,510,477,486,-1,510,501,477,-1,511,502,478,-1,511,478,487,-1,512,503,479,-1,512,479,488,-1,513,514,495,-1,513,504,480,-1,513,480,489,-1,513,495,504,-1,515,481,490,-1,515,505,481,-1,516,506,482,-1,516,482,491,-1,517,507,483,-1,517,483,492,-1,518,508,484,-1,518,484,493,-1,519,509,2,-1,520,486,496,-1,520,510,486,-1,521,511,487,-1,521,487,497,-1,522,512,488,-1,522,488,498,-1,523,513,489,-1,523,489,499,-1,523,514,513,-1,524,490,500,-1,524,515,490,-1,525,491,501,-1,525,516,491,-1,526,492,502,-1,526,517,492,-1,527,518,493,-1,527,493,503,-1,528,519,2,-1,529,496,505,-1,529,520,496,-1,530,521,497,-1,530,497,506,-1,531,522,498,-1,531,498,507,-1,532,514,523,-1,532,499,508,-1,532,523,499,-1,533,500,509,-1,533,524,500,-1,534,525,501,-1,534,501,510,-1,535,502,511,-1,535,526,502,-1,536,527,503,-1,536,503,512,-1,537,528,2,-1,538,505,515,-1,538,529,505,-1,539,506,516,-1,539,530,506,-1,540,531,507,-1,540,507,517,-1,541,532,508,-1,541,542,514,-1,541,514,532,-1,541,508,518,-1,543,533,509,-1,543,509,519,-1,544,510,520,-1,544,534,510,-1,545,535,511,-1,545,511,521,-1,546,536,512,-1,546,512,522,-1,547,537,2,-1,548,515,524,-1,548,538,515,-1,549,539,516,-1,549,516,525,-1,550,517,526,-1,550,540,517,-1,551,518,527,-1,551,541,518,-1,551,542,541,-1,552,543,519,-1,552,519,528,-1,553,544,520,-1,553,520,529,-1,554,521,530,-1,554,545,521,-1,555,522,531,-1,555,546,522,-1,556,547,2,-1,557,524,533,-1,557,548,524,-1,558,549,525,-1,558,525,534,-1,559,526,535,-1,559,550,526,-1,560,561,542,-1,560,542,551,-1,560,551,527,-1,560,527,536,-1,562,552,528,-1,562,528,537,-1,563,553,529,-1,563,529,538,-1,564,530,539,-1,564,554,530,-1,565,531,540,-1,565,555,531,-1,566,556,2,-1,567,533,543,-1,567,557,533,-1,568,534,544,-1,568,558,534,-1,569,535,545,-1,569,559,535,-1,570,561,560,-1,570,560,536,-1,570,536,546,-1,571,537,547,-1,571,562,537,-1,572,563,538,-1,572,538,548,-1,573,539,549,-1,573,564,539,-1,574,540,550,-1,574,565,540,-1,575,566,2,-1,576,543,552,-1,576,567,543,-1,577,544,553,-1,577,568,544,-1,578,569,545,-1,578,545,554,-1,579,561,570,-1,579,580,561,-1,579,570,546,-1,579,546,555,-1,581,571,547,-1,581,547,556,-1,582,572,548,-1,582,548,557,-1,583,573,549,-1,583,549,558,-1,584,574,550,-1,584,550,559,-1,585,575,2,-1,586,576,552,-1,586,552,562,-1,587,577,553,-1,587,553,563,-1,588,578,554,-1,588,554,564,-1,589,580,579,-1,589,579,555,-1,589,555,565,-1,590,556,566,-1,590,581,556,-1,591,557,567,-1,591,582,557,-1,592,558,568,-1,592,583,558,-1,593,559,569,-1,593,584,559,-1,594,585,2,-1,595,562,571,-1,595,586,562,-1,596,587,563,-1,596,563,572,-1,597,564,573,-1,597,588,564,-1,598,599,580,-1,598,565,574,-1,598,589,565,-1,598,580,589,-1,600,566,575,-1,600,590,566,-1,601,567,576,-1,601,591,567,-1,602,568,577,-1,602,592,568,-1,603,593,569,-1,603,569,578,-1,604,594,2,-1,605,595,571,-1,605,571,581,-1,606,572,582,-1,606,596,572,-1,607,573,583,-1,607,597,573,-1,608,574,584,-1,608,599,598,-1,608,598,574,-1,609,575,585,-1,609,600,575,-1,610,576,586,-1,610,601,576,-1,611,577,587,-1,611,602,577,-1,612,603,578,-1,612,578,588,-1,613,604,2,-1,614,605,581,-1,614,581,590,-1,615,606,582,-1,615,582,591,-1,616,607,583,-1,616,583,592,-1,617,618,599,-1,617,608,584,-1,617,584,593,-1,617,599,608,-1,619,585,594,-1,619,609,585,-1,620,586,595,-1,620,610,586,-1,621,611,587,-1,621,587,596,-1,622,612,588,-1,622,588,597,-1,623,613,2,-1,624,614,590,-1,624,590,600,-1,625,591,601,-1,625,615,591,-1,626,592,602,-1,626,616,592,-1,627,593,603,-1,627,617,593,-1,627,618,617,-1,628,594,604,-1,628,619,594,-1,629,620,595,-1,629,595,605,-1,630,621,596,-1,630,596,606,-1,631,597,607,-1,631,622,597,-1,632,623,2,-1,633,600,609,-1,633,624,600,-1,634,625,601,-1,634,601,610,-1,635,626,602,-1,635,602,611,-1,636,637,618,-1,636,603,612,-1,636,627,603,-1,636,618,627,-1,638,604,613,-1,638,628,604,-1,639,629,605,-1,639,605,614,-1,640,606,615,-1,640,630,606,-1,641,607,616,-1,641,631,607,-1,642,632,2,-1,643,609,619,-1,643,633,609,-1,644,634,610,-1,644,610,620,-1,645,611,621,-1,645,635,611,-1,646,612,622,-1,646,637,636,-1,646,636,612,-1,647,638,613,-1,647,613,623,-1,648,614,624,-1,648,639,614,-1,649,615,625,-1,649,640,615,-1,650,641,616,-1,650,616,626,-1,651,642,2,-1,652,643,619,-1,652,619,628,-1,653,644,620,-1,653,620,629,-1,654,645,621,-1,654,621,630,-1,655,646,622,-1,655,656,637,-1,655,622,631,-1,655,637,646,-1,657,647,623,-1,657,623,632,-1,658,648,624,-1,658,624,633,-1,659,649,625,-1,659,625,634,-1,660,650,626,-1,660,626,635,-1,661,651,2,-1,662,628,638,-1,662,652,628,-1,663,629,639,-1,663,653,629,-1,664,630,640,-1,664,654,630,-1,665,656,655,-1,665,655,631,-1,665,631,641,-1,666,632,642,-1,666,657,632,-1,667,658,633,-1,667,633,643,-1,668,634,644,-1,668,659,634,-1,669,635,645,-1,669,660,635,-1,670,661,2,-1,671,638,647,-1,671,662,638,-1,672,663,639,-1,672,639,648,-1,673,640,649,-1,673,664,640,-1,674,656,665,-1,674,665,641,-1,674,641,650,-1,675,642,651,-1,675,666,642,-1,676,643,652,-1,676,667,643,-1,677,644,653,-1,677,668,644,-1,678,645,654,-1,678,669,645,-1,679,670,2,-1,680,671,647,-1,680,647,657,-1,681,648,658,-1,681,672,648,-1,682,649,659,-1,682,673,649,-1,683,684,656,-1,683,656,674,-1,683,674,650,-1,683,650,660,-1,685,651,661,-1,685,675,651,-1,686,652,662,-1,686,676,652,-1,687,653,663,-1,687,677,653,-1,688,678,654,-1,688,654,664,-1,689,679,2,-1,690,680,657,-1,690,657,666,-1,691,681,658,-1,691,658,667,-1,692,682,659,-1,692,659,668,-1,693,684,683,-1,693,683,660,-1,693,660,669,-1,694,685,661,-1,694,661,670,-1,695,686,662,-1,695,662,671,-1,696,687,663,-1,696,663,672,-1,697,664,673,-1,697,688,664,-1,698,689,2,-1,699,666,675,-1,699,690,666,-1,700,691,667,-1,700,667,676,-1,701,668,677,-1,701,692,668,-1,702,703,684,-1,702,684,693,-1,702,669,678,-1,702,693,669,-1,704,670,679,-1,704,694,670,-1,705,695,671,-1,705,671,680,-1,706,672,681,-1,706,696,672,-1,707,697,673,-1,707,673,682,-1,708,698,2,-1,709,675,685,-1,709,699,675,-1,710,700,676,-1,710,676,686,-1,711,701,677,-1,711,677,687,-1,712,703,702,-1,712,702,678,-1,712,678,688,-1,713,704,679,-1,713,679,689,-1,714,680,690,-1,714,705,680,-1,715,706,681,-1,715,681,691,-1,716,682,692,-1,716,707,682,-1,717,708,2,-1,717,2,1,-1,718,709,685,-1,718,685,694,-1,719,686,695,-1,719,710,686,-1,720,687,696,-1,720,711,687,-1,721,722,703,-1,721,712,688,-1,721,688,697,-1,721,703,712,-1,723,713,689,-1,723,689,698,-1,724,690,699,-1,724,714,690,-1,725,715,691,-1,725,691,700,-1,726,716,692,-1,726,692,701,-1,727,718,694,-1,727,694,704,-1,728,719,695,-1,728,695,705,-1,729,720,696,-1,729,696,706,-1,730,722,721,-1,730,721,697,-1,730,697,707,-1,731,698,708,-1,731,723,698,-1,732,699,709,-1,732,724,699,-1,733,725,700,-1,733,700,710,-1,734,726,701,-1,734,701,711,-1,735,704,713,-1,735,727,704,-1,736,728,705,-1,736,705,714,-1,737,706,715,-1,737,729,706,-1,738,739,722,-1,738,722,730,-1,738,730,707,-1,738,707,716,-1,740,708,717,-1,740,731,708,-1,741,709,718,-1,741,732,709,-1,742,733,710,-1,742,710,719,-1,743,711,720,-1,743,734,711,-1,744,713,723,-1,744,735,713,-1,745,736,714,-1,745,714,724,-1,746,715,725,-1,746,737,715,-1,747,738,716,-1,747,716,726,-1,747,739,738,-1,748,717,1,-1,748,740,717,-1,749,718,727,-1,749,741,718,-1,750,719,728,-1,750,742,719,-1,751,720,729,-1,751,743,720,-1,752,723,731,-1,752,744,723,-1,753,724,732,-1,753,745,724,-1,754,746,725,-1,754,725,733,-1,755,739,747,-1,755,756,739,-1,755,726,734,-1,755,747,726,-1,757,749,727,-1,757,727,735,-1,758,750,728,-1,758,728,736,-1,759,751,729,-1,759,729,737,-1,760,752,731,-1,760,731,740,-1,761,753,732,-1,761,732,741,-1,762,754,733,-1,762,733,742,-1,763,755,734,-1,763,756,755,-1,763,734,743,-1,764,735,744,-1,764,757,735,-1,765,758,736,-1,765,736,745,-1,766,737,746,-1,766,759,737,-1,767,748,1,-1,767,740,748,-1,767,760,740,-1,767,1,12,-1,768,761,741,-1,768,741,749,-1,769,762,742,-1,769,742,750,-1,770,756,763,-1,770,771,756,-1,770,763,743,-1,770,743,751,-1,772,744,752,-1,772,764,744,-1,773,745,753,-1,773,765,745,-1,774,746,754,-1,774,766,746,-1,775,749,757,-1,775,768,749,-1,776,769,750,-1,776,750,758,-1,777,770,751,-1,777,751,759,-1,777,771,770,-1,778,752,760,-1,778,772,752,-1,779,753,761,-1,779,773,753,-1,780,754,762,-1,780,774,754,-1,781,757,764,-1,781,775,757,-1,782,776,758,-1,782,758,765,-1,783,784,771,-1,783,771,777,-1,783,759,766,-1,783,777,759,-1,785,778,760,-1,785,760,767,-1,786,779,761,-1,786,761,768,-1,787,762,769,-1,787,780,762,-1,788,781,764,-1,788,764,772,-1,789,782,765,-1,789,765,773,-1,790,783,766,-1,790,766,774,-1,790,784,783,-1,791,785,767,-1,791,767,12,-1,792,786,768,-1,792,768,775,-1,793,769,776,-1,793,787,769,-1,794,788,772,-1,794,772,778,-1,795,789,773,-1,795,773,779,-1,796,790,774,-1,796,784,790,-1,796,797,784,-1,796,774,780,-1,798,792,775,-1,798,775,781,-1,799,793,776,-1,799,776,782,-1,800,794,778,-1,800,778,785,-1,801,779,786,-1,801,795,779,-1,802,780,787,-1,802,797,796,-1,802,796,780,-1,803,781,788,-1,803,798,781,-1,804,782,789,-1,804,799,782,-1,805,800,785,-1,805,785,791,-1,805,791,12,-1,805,12,34,-1,806,786,792,-1,806,801,786,-1,807,787,793,-1,807,797,802,-1,807,802,787,-1,807,808,797,-1,809,788,794,-1,809,803,788,-1,810,789,795,-1,810,804,789,-1,811,792,798,-1,811,806,792,-1,812,807,793,-1,812,808,807,-1,812,793,799,-1,813,794,800,-1,813,809,794,-1,814,810,795,-1,814,795,801,-1,815,798,803,-1,815,811,798,-1,816,817,808,-1,816,799,804,-1,816,812,799,-1,816,808,812,-1,818,800,805,-1,818,813,800,-1,819,801,806,-1,819,814,801,-1,820,815,803,-1,820,803,809,-1,821,816,804,-1,821,817,816,-1,821,804,810,-1,822,818,805,-1,822,805,34,-1,823,819,806,-1,823,806,811,-1,824,820,809,-1,824,809,813,-1,825,817,821,-1,825,821,810,-1,825,826,817,-1,825,810,814,-1,827,823,811,-1,827,811,815,-1,828,813,818,-1,828,824,813,-1,829,826,825,-1,829,825,814,-1,829,814,819,-1,830,827,815,-1,830,815,820,-1,831,822,34,-1,831,818,822,-1,831,828,818,-1,831,34,68,-1,832,819,823,-1,832,833,826,-1,832,829,819,-1,832,826,829,-1,834,820,824,-1,834,830,820,-1,835,832,823,-1,835,833,832,-1,835,823,827,-1,836,834,824,-1,836,824,828,-1,837,827,830,-1,837,838,833,-1,837,835,827,-1,837,833,835,-1,839,828,831,-1,839,836,828,-1,840,837,830,-1,840,830,834,-1,840,838,837,-1,841,839,831,-1,841,831,68,-1,842,834,836,-1,842,840,834,-1,842,843,838,-1,842,838,840,-1,844,843,842,-1,844,836,839,-1,844,842,836,-1,845,68,115,-1,845,115,843,-1,845,841,68,-1,845,843,844,-1,845,839,841,-1,845,844,839,-1]
coord Coordinate { point [0.911003 -0.888471 1.57399,0.941935 -0.885825 1.57078,0.885825 -0.885825 1.5748,0.910758 -0.890221 1.57399,0.91039 -0.89195 1.57399,0.936231 -0.88935 1.57154,0.909903 -0.893648 1.57399,0.935863 -0.892857 1.57154,0.909299 -0.895309 1.57399,0.93525 -0.896331 1.57154,0.90858 -0.896923 1.57399,0.961312 -0.888461 1.56749,0.978774 -0.885825 1.56367,0.934397 -0.899753 1.57154,0.90775 -0.898484 1.57399,0.960944 -0.89372 1.56749,0.933307 -0.903107 1.57154,0.906814 -0.899982 1.57399,0.96021 -0.898941 1.56749,0.931986 -0.906377 1.57154,0.905775 -0.901412 1.57399,0.959114 -0.904098 1.56749,0.93044 -0.909547 1.57154,0.904639 -0.902765 1.57399,0.957661 -0.909166 1.56749,0.928676 -0.912602 1.57154,0.985073 -0.899773 1.56183,0.903412 -0.904037 1.57399,0.955858 -0.91412 1.56749,0.926704 -0.915526 1.57154,0.983858 -0.906663 1.56183,0.902099 -0.905219 1.57399,0.953713 -0.918936 1.56749,1.01025 -0.89017 1.5546,1.02943 -0.885825 1.54767,0.924533 -0.918305 1.57154,0.982166 -0.91345 1.56183,0.900706 -0.906307 1.57399,0.951238 -0.923591 1.56749,1.00964 -0.898839 1.5546,0.922173 -0.920926 1.57154,0.980004 -0.920103 1.56183,0.899241 -0.907295 1.57399,0.948444 -0.928062 1.56749,1.00843 -0.907444 1.5546,0.919636 -0.923376 1.57154,0.977383 -0.926589 1.56183,0.897711 -0.908179 1.57399,0.945346 -0.932328 1.56749,1.00663 -0.915944 1.5546,0.916934 -0.925643 1.57154,0.974317 -0.932877 1.56183,0.896122 -0.908953 1.57399,0.941957 -0.936366 1.56749,1.00423 -0.924297 1.5546,0.914081 -0.927716 1.57154,0.970819 -0.938935 1.56183,1.03264 -0.906459 1.54582,0.894484 -0.909615 1.57399,0.938294 -0.940159 1.56749,1.00126 -0.932463 1.5546,0.91109 -0.929585 1.57154,0.966907 -0.944735 1.56183,1.03084 -0.91665 1.54582,0.892803 -0.910161 1.57399,0.934376 -0.943686 1.56749,0.997724 -0.940402 1.5546,1.05713 -0.891807 1.53553,1.07748 -0.885825 1.525,0.907976 -0.931241 1.57154,0.9626 -0.950247 1.56183,1.02834 -0.926691 1.54582,0.891089 -0.910589 1.57399,0.930222 -0.946932 1.56749,0.993644 -0.948074 1.5546,1.05629 -0.903742 1.53553,0.904754 -0.932675 1.57154,0.95792 -0.955446 1.56183,1.02514 -0.936533 1.54582,0.889348 -0.910896 1.57399,0.925851 -0.94988 1.56749,0.989039 -0.955444 1.5546,1.05463 -0.915589 1.53553,0.901439 -0.933881 1.57154,0.952887 -0.960305 1.56183,1.02127 -0.946127 1.54582,0.887591 -0.91108 1.57399,0.921285 -0.952516 1.56749,0.983931 -0.962474 1.5546,1.05214 -0.927292 1.53553,0.898049 -0.934854 1.57154,0.947529 -0.964802 1.56183,1.01673 -0.955428 1.54582,1.0792 -0.899347 1.52377,0.885825 -0.911142 1.57399,0.916547 -0.954828 1.56749,0.978346 -0.969131 1.5546,1.04884 -0.938792 1.53553,0.894599 -0.935587 1.57154,0.941869 -0.968914 1.56183,1.01156 -0.96439 1.54582,1.07778 -0.912803 1.52377,0.884059 -0.91108 1.57399,0.911659 -0.956803 1.56749,0.972309 -0.975382 1.5546,1.04475 -0.950035 1.53553,0.891107 -0.936078 1.57154,0.935937 -0.972621 1.56183,1.00577 -0.97297 1.54582,1.07543 -0.926127 1.52377,0.882302 -0.910896 1.57399,0.906645 -0.958432 1.56749,0.965851 -0.981197 1.5546,1.03988 -0.960964 1.53553,1.10117 -0.893345 1.5106,1.12204 -0.885825 1.49606,0.887588 -0.936324 1.57154,0.92976 -0.975905 1.56183,0.999398 -0.981124 1.54582,1.07216 -0.939255 1.52377,0.880561 -0.910589 1.57399,0.901529 -0.959707 1.56749,0.959004 -0.986547 1.5546,1.03427 -0.971528 1.53553,1.10012 -0.908349 1.5106,1.11964 -0.919443 1.49606,0.884062 -0.936324 1.57154,0.923369 -0.97875 1.56183,0.992474 -0.988814 1.54582,1.06798 -0.952123 1.52377,0.878847 -0.910161 1.57399,0.896337 -0.960623 1.56749,0.951799 -0.991406 1.5546,1.02793 -0.981674 1.53553,1.09803 -0.923242 1.5106,0.880543 -0.936078 1.57154,0.916796 -0.981143 1.56183,0.98503 -0.996003 1.54582,1.06291 -0.964668 1.52377,0.877166 -0.909615 1.57399,0.891094 -0.961174 1.56749,0.944274 -0.995751 1.5546,1.02089 -0.991353 1.53553,1.0949 -0.937954 1.5106,1.11248 -0.952376 1.49606,0.877051 -0.935587 1.57154,0.910071 -0.983071 1.56183,0.977102 -1.00265 1.54582,1.05698 -0.976829 1.52377,0.875528 -0.908953 1.57399,0.885825 -0.961358 1.56749,0.936463 -0.99956 1.5546,1.0132 -1.00052 1.53553,1.09076 -0.952411 1.5106,0.873601 -0.934854 1.57154,0.903229 -0.984526 1.56183,0.96873 -1.00874 1.54582,1.05021 -0.988546 1.52377,0.873939 -0.908179 1.57399,0.880556 -0.961174 1.56749,0.928406 -1.00282 1.5546,1.00489 -1.00912 1.53553,1.08561 -0.966544 1.5106,1.1007 -0.983954 1.49606,0.870211 -0.933881 1.57154,0.896301 -0.985499 1.56183,0.959955 -1.01422 1.54582,1.04265 -0.999763 1.52377,0.872409 -0.907295 1.57399,0.875313 -0.960623 1.56749,0.920142 -1.0055 1.5546,0.996002 -1.01713 1.53553,1.07949 -0.980284 1.5106,0.866896 -0.932675 1.57154,0.889323 -0.985987 1.56183,0.950818 -1.01908 1.54582,1.03432 -1.01042 1.52377,0.870944 -0.906307 1.57399,0.870121 -0.959707 1.56749,0.91171 -1.0076 1.5546,0.986575 -1.0245 1.53553,1.07243 -0.993564 1.5106,1.08455 -1.01354 1.49606,0.863674 -0.931241 1.57154,0.882327 -0.985987 1.56183,0.941364 -1.02329 1.54582,1.02526 -1.02048 1.52377,0.869551 -0.905219 1.57399,0.865005 -0.958432 1.56749,0.903152 -1.00911 1.5546,0.976656 -1.03119 1.53553,1.06446 -1.00632 1.5106,0.86056 -0.929585 1.57154,0.875349 -0.985499 1.56183,0.93164 -1.02683 1.54582,1.01553 -1.02988 1.52377,0.868238 -0.904037 1.57399,0.859991 -0.956803 1.56749,0.89451 -1.01002 1.5546,0.966295 -1.03717 1.53553,1.05562 -1.01849 1.5106,1.06435 -1.04052 1.49606,0.857569 -0.927716 1.57154,0.868421 -0.984526 1.56183,0.921692 -1.02968 1.54582,1.00517 -1.03858 1.52377,0.867011 -0.902765 1.57399,0.855103 -0.954828 1.56749,0.885825 -1.01032 1.5546,0.955542 -1.04241 1.53553,1.04596 -1.03001 1.5106,0.854716 -0.925643 1.57154,0.861579 -0.983071 1.56183,0.91157 -1.03183 1.54582,0.99422 -1.04653 1.52377,0.865875 -0.901412 1.57399,0.850365 -0.952516 1.56749,0.87714 -1.01002 1.5546,0.944449 -1.04689 1.53553,1.03551 -1.04083 1.5106,1.04052 -1.06435 1.49606,0.852014 -0.923376 1.57154,0.854854 -0.981143 1.56183,0.901322 -1.03327 1.54582,0.982746 -1.0537 1.52377,0.864836 -0.899982 1.57399,0.845799 -0.94988 1.56749,0.868498 -1.00911 1.5546,0.933071 -1.05059 1.53553,1.02433 -1.05089 1.5106,0.849477 -0.920926 1.57154,0.848281 -0.97875 1.56183,0.890999 -1.03399 1.54582,0.9708 -1.06005 1.52377,0.8639 -0.898484 1.57399,0.841428 -0.946932 1.56749,0.85994 -1.0076 1.5546,0.921462 -1.05349 1.53553,1.01248 -1.06015 1.5106,1.01354 -1.08455 1.49606,0.847117 -0.918305 1.57154,0.84189 -0.975905 1.56183,0.880651 -1.03399 1.54582,0.95844 -1.06555 1.52377,0.86307 -0.896923 1.57399,0.837274 -0.943686 1.56749,0.851508 -1.0055 1.5546,0.90968 -1.05556 1.53553,1.00001 -1.06856 1.5106,0.844946 -0.915526 1.57154,0.835713 -0.972621 1.56183,0.870328 -1.03327 1.54582,0.945726 -1.07018 1.52377,0.862351 -0.895309 1.57399,0.833356 -0.940159 1.56749,0.843244 -1.00282 1.5546,0.897782 -1.05681 1.53553,0.986985 -1.07608 1.5106,0.983954 -1.1007 1.49606,0.842974 -0.912602 1.57154,0.829781 -0.968914 1.56183,0.86008 -1.03183 1.54582,0.93272 -1.07391 1.52377,0.861747 -0.893648 1.57399,0.829693 -0.936366 1.56749,0.835187 -0.99956 1.5546,0.885825 -1.05723 1.53553,0.973468 -1.08267 1.5106,0.84121 -0.909547 1.57154,0.824121 -0.964802 1.56183,0.849958 -1.02968 1.54582,0.919485 -1.07672 1.52377,0.86126 -0.89195 1.57399,0.826304 -0.932328 1.56749,0.827376 -0.995751 1.5546,0.873868 -1.05681 1.53553,0.959523 -1.08831 1.5106,0.952376 -1.11248 1.49606,0.839664 -0.906377 1.57154,0.818763 -0.960305 1.56183,0.84001 -1.02683 1.54582,0.906087 -1.07861 1.52377,0.860892 -0.890221 1.57399,0.823206 -0.928062 1.56749,0.819851 -0.991406 1.5546,0.86197 -1.05556 1.53553,0.945219 -1.09296 1.5106,0.838343 -0.903107 1.57154,0.81373 -0.955446 1.56183,0.830286 -1.02329 1.54582,0.89259 -1.07955 1.52377,0.860647 -0.888471 1.57399,0.820412 -0.923591 1.56749,0.812646 -0.986547 1.5546,0.850188 -1.05349 1.53553,0.930625 -1.09659 1.5106,0.919443 -1.11964 1.49606,0.837253 -0.899753 1.57154,0.80905 -0.950247 1.56183,0.820832 -1.01908 1.54582,0.87906 -1.07955 1.52377,0.860523 -0.886709 1.57399,0.817937 -0.918936 1.56749,0.805799 -0.981197 1.5546,0.838579 -1.05059 1.53553,0.915814 -1.09921 1.5106,0.8364 -0.896331 1.57154,0.804743 -0.944735 1.56183,0.811695 -1.01422 1.54582,0.865563 -1.07861 1.52377,0.860523 -0.884941 1.57399,0.815792 -0.91412 1.56749,0.799341 -0.975382 1.5546,0.827201 -1.04689 1.53553,0.900856 -1.10078 1.5106,0.885825 -1.12204 1.49606,0.835787 -0.892857 1.57154,0.800831 -0.938935 1.56183,0.80292 -1.00874 1.54582,0.852165 -1.07672 1.52377,0.860647 -0.883179 1.57399,0.813989 -0.909166 1.56749,0.793304 -0.969131 1.5546,0.816108 -1.04241 1.53553,0.885825 -1.1013 1.5106,0.835419 -0.88935 1.57154,0.797333 -0.932877 1.56183,0.794548 -1.00265 1.54582,0.83893 -1.07391 1.52377,0.860892 -0.881429 1.57399,0.812536 -0.904098 1.56749,0.787719 -0.962474 1.5546,0.805355 -1.03717 1.53553,0.870794 -1.10078 1.5106,0.850618 -1.11941 1.49606,0.835295 -0.885825 1.57154,0.794267 -0.926589 1.56183,0.78662 -0.996003 1.54582,0.825924 -1.07018 1.52377,0.86126 -0.8797 1.57399,0.81144 -0.898941 1.56749,0.782611 -0.955444 1.5546,0.794994 -1.03119 1.53553,0.855836 -1.09921 1.5106,0.835419 -0.8823 1.57154,0.791646 -0.920103 1.56183,0.779176 -0.988814 1.54582,0.81321 -1.06555 1.52377,0.861747 -0.878002 1.57399,0.810706 -0.89372 1.56749,0.778006 -0.948074 1.5546,0.785075 -1.0245 1.53553,0.841025 -1.09659 1.5106,0.816198 -1.11155 1.49606,0.835787 -0.878793 1.57154,0.789484 -0.91345 1.56183,0.772252 -0.981124 1.54582,0.80085 -1.06005 1.52377,0.862351 -0.876341 1.57399,0.810338 -0.888461 1.56749,0.773926 -0.940402 1.5546,0.775648 -1.01713 1.53553,0.826431 -1.09296 1.5106,0.8364 -0.875319 1.57154,0.787792 -0.906663 1.56183,0.765881 -0.97297 1.54582,0.788904 -1.0537 1.52377,0.86307 -0.874727 1.57399,0.810338 -0.883189 1.56749,0.770392 -0.932463 1.5546,0.766757 -1.00912 1.53553,0.812127 -1.08831 1.5106,0.783333 -1.09865 1.49606,0.837253 -0.871897 1.57154,0.786577 -0.899773 1.56183,0.760094 -0.96439 1.54582,0.77743 -1.04653 1.52377,0.8639 -0.873166 1.57399,0.810706 -0.87793 1.56749,0.76742 -0.924297 1.5546,0.758446 -1.00052 1.53553,0.798182 -1.08267 1.5106,0.838343 -0.868543 1.57154,0.785846 -0.892816 1.56183,0.75492 -0.955428 1.54582,0.766483 -1.03858 1.52377,0.864836 -0.871668 1.57399,0.81144 -0.872709 1.56749,0.765024 -0.915944 1.5546,0.750755 -0.991353 1.53553,0.784665 -1.07608 1.5106,0.839664 -0.865273 1.57154,0.785602 -0.885825 1.56183,0.750384 -0.946127 1.54582,0.756119 -1.02988 1.52377,0.865875 -0.870238 1.57399,0.812536 -0.867552 1.56749,0.763218 -0.907444 1.5546,0.743723 -0.981674 1.53553,0.771639 -1.06856 1.5106,0.752758 -1.081 1.49606,0.84121 -0.862103 1.57154,0.785846 -0.878834 1.56183,0.746507 -0.936533 1.54582,0.746386 -1.02048 1.52377,0.867011 -0.868885 1.57399,0.813989 -0.862484 1.56749,0.762008 -0.898839 1.5546,0.737383 -0.971528 1.53553,0.759171 -1.06015 1.5106,0.842974 -0.859048 1.57154,0.786577 -0.871877 1.56183,0.743309 -0.926691 1.54582,0.737333 -1.01042 1.52377,0.868238 -0.867613 1.57399,0.815792 -0.85753 1.56749,0.761402 -0.89017 1.5546,0.731767 -0.960964 1.53553,0.747319 -1.05089 1.5106,0.725155 -1.05899 1.49606,0.844946 -0.856124 1.57154,0.787792 -0.864987 1.56183,0.740806 -0.91665 1.54582,0.729003 -0.999763 1.52377,0.869551 -0.866431 1.57399,0.817937 -0.852714 1.56749,0.761402 -0.88148 1.5546,0.7269 -0.950035 1.53553,0.736142 -1.04083 1.5106,0.847117 -0.853345 1.57154,0.789484 -0.8582 1.56183,0.739009 -0.906459 1.54582,0.721437 -0.988546 1.52377,0.870944 -0.865343 1.57399,0.820412 -0.848059 1.56749,0.762008 -0.872811 1.5546,0.722808 -0.938792 1.53553,0.725694 -1.03001 1.5106,0.701141 -1.03311 1.49606,0.849477 -0.850724 1.57154,0.791646 -0.851547 1.56183,0.737927 -0.896167 1.54582,0.714672 -0.976829 1.52377,0.872409 -0.864355 1.57399,0.823206 -0.843588 1.56749,0.763218 -0.864206 1.5546,0.719511 -0.927292 1.53553,0.716027 -1.01849 1.5106,0.852014 -0.848274 1.57154,0.794267 -0.845061 1.56183,0.737566 -0.885825 1.54582,0.708741 -0.964668 1.52377,0.873939 -0.863471 1.57399,0.826304 -0.839322 1.56749,0.765024 -0.855706 1.5546,0.717023 -0.915589 1.53553,0.707186 -1.00632 1.5106,0.681252 -1.00393 1.49606,0.854716 -0.846007 1.57154,0.797333 -0.838773 1.56183,0.737927 -0.875483 1.54582,0.703672 -0.952123 1.52377,0.875528 -0.862697 1.57399,0.829693 -0.835284 1.56749,0.76742 -0.847353 1.5546,0.715358 -0.903742 1.53553,0.699216 -0.993564 1.5106,0.857569 -0.843934 1.57154,0.800831 -0.832715 1.56183,0.739009 -0.865191 1.54582,0.699491 -0.939255 1.52377,0.877166 -0.862035 1.57399,0.833356 -0.831491 1.56749,0.770392 -0.839187 1.5546,0.714524 -0.891807 1.53553,0.692155 -0.980284 1.5106,0.665934 -0.972126 1.49606,0.86056 -0.842065 1.57154,0.804743 -0.826915 1.56183,0.740806 -0.855 1.54582,0.696218 -0.926127 1.52377,0.878847 -0.861489 1.57399,0.837274 -0.827964 1.56749,0.773926 -0.831248 1.5546,0.714524 -0.879843 1.53553,0.686038 -0.966544 1.5106,0.863674 -0.840409 1.57154,0.80905 -0.821403 1.56183,0.743309 -0.844959 1.54582,0.693869 -0.912803 1.52377,0.880561 -0.861061 1.57399,0.841428 -0.824718 1.56749,0.778006 -0.823576 1.5546,0.715358 -0.867908 1.53553,0.680894 -0.952411 1.5106,0.655528 -0.938389 1.49606,0.866896 -0.838975 1.57154,0.81373 -0.816204 1.56183,0.746507 -0.835117 1.54582,0.692454 -0.899347 1.52377,0.882302 -0.860754 1.57399,0.845799 -0.82177 1.56749,0.782611 -0.816206 1.5546,0.717023 -0.856061 1.53553,0.676748 -0.937954 1.5106,0.870211 -0.837769 1.57154,0.818763 -0.811345 1.56183,0.750384 -0.825523 1.54582,0.691982 -0.885825 1.52377,0.884059 -0.86057 1.57399,0.850365 -0.819134 1.56749,0.787719 -0.809176 1.5546,0.719511 -0.844358 1.53553,0.673621 -0.923242 1.5106,0.650266 -0.903478 1.49606,0.873601 -0.836796 1.57154,0.824121 -0.806848 1.56183,0.75492 -0.816222 1.54582,0.692454 -0.872303 1.52377,0.885825 -0.860508 1.57399,0.855103 -0.816822 1.56749,0.793304 -0.802519 1.5546,0.722808 -0.832858 1.53553,0.671528 -0.908349 1.5106,0.877051 -0.836063 1.57154,0.829781 -0.802736 1.56183,0.760094 -0.80726 1.54582,0.693869 -0.858847 1.52377,0.887591 -0.86057 1.57399,0.859991 -0.814847 1.56749,0.799341 -0.796268 1.5546,0.7269 -0.821615 1.53553,0.670479 -0.893345 1.5106,0.880543 -0.835572 1.57154,0.835713 -0.799029 1.56183,0.765881 -0.79868 1.54582,0.696218 -0.845523 1.52377,0.889348 -0.860754 1.57399,0.865005 -0.813218 1.56749,0.805799 -0.790453 1.5546,0.731767 -0.810686 1.53553,0.670479 -0.878305 1.5106,0.650266 -0.868172 1.49606,0.884062 -0.835326 1.57154,0.84189 -0.795745 1.56183,0.772252 -0.790526 1.54582,0.699491 -0.832395 1.52377,0.891089 -0.861061 1.57399,0.870121 -0.811943 1.56749,0.812646 -0.785103 1.5546,0.737383 -0.800122 1.53553,0.671528 -0.863301 1.5106,0.887588 -0.835326 1.57154,0.848281 -0.7929 1.56183,0.779176 -0.782836 1.54582,0.703672 -0.819527 1.52377,0.892803 -0.861489 1.57399,0.875313 -0.811027 1.56749,0.819851 -0.780244 1.5546,0.743723 -0.789976 1.53553,0.673621 -0.848408 1.5106,0.655528 -0.833261 1.49606,0.891107 -0.835572 1.57154,0.854854 -0.790507 1.56183,0.78662 -0.775647 1.54582,0.708741 -0.806982 1.52377,0.894484 -0.862035 1.57399,0.880556 -0.810476 1.56749,0.827376 -0.775899 1.5546,0.750755 -0.780297 1.53553,0.676748 -0.833696 1.5106,0.894599 -0.836063 1.57154,0.861579 -0.788579 1.56183,0.794548 -0.768995 1.54582,0.714672 -0.794821 1.52377,0.896122 -0.862697 1.57399,0.885825 -0.810292 1.56749,0.835187 -0.77209 1.5546,0.758446 -0.771132 1.53553,0.680894 -0.819239 1.5106,0.665934 -0.799524 1.49606,0.898049 -0.836796 1.57154,0.868421 -0.787124 1.56183,0.80292 -0.762913 1.54582,0.721437 -0.783104 1.52377,0.897711 -0.863471 1.57399,0.891094 -0.810476 1.56749,0.843244 -0.768834 1.5546,0.766757 -0.762526 1.53553,0.686038 -0.805106 1.5106,0.901439 -0.837769 1.57154,0.875349 -0.786151 1.56183,0.811695 -0.757429 1.54582,0.729003 -0.771887 1.52377,0.899241 -0.864355 1.57399,0.896337 -0.811027 1.56749,0.851508 -0.766149 1.5546,0.775648 -0.754521 1.53553,0.692155 -0.791366 1.5106,0.681252 -0.767715 1.49606,0.904754 -0.838975 1.57154,0.882327 -0.785663 1.56183,0.820832 -0.752571 1.54582,0.737333 -0.761225 1.52377,0.900706 -0.865343 1.57399,0.901529 -0.811943 1.56749,0.85994 -0.764047 1.5546,0.785075 -0.747155 1.53553,0.699216 -0.778086 1.5106,0.907976 -0.840409 1.57154,0.889323 -0.785663 1.56183,0.830286 -0.748362 1.54582,0.746386 -0.751171 1.52377,0.902099 -0.866431 1.57399,0.906645 -0.813218 1.56749,0.868498 -0.762538 1.5546,0.794994 -0.740465 1.53553,0.707186 -0.765332 1.5106,0.701141 -0.738544 1.49606,0.91109 -0.842065 1.57154,0.896301 -0.786151 1.56183,0.84001 -0.744822 1.54582,0.756119 -0.741772 1.52377,0.903412 -0.867613 1.57399,0.911659 -0.814847 1.56749,0.87714 -0.761629 1.5546,0.805355 -0.734483 1.53553,0.716027 -0.753164 1.5106,0.914081 -0.843934 1.57154,0.903229 -0.787124 1.56183,0.849958 -0.74197 1.54582,0.766483 -0.733075 1.52377,0.904639 -0.868885 1.57399,0.916547 -0.816822 1.56749,0.885825 -0.761326 1.5546,0.816108 -0.729238 1.53553,0.725694 -0.741643 1.5106,0.725155 -0.712663 1.49606,0.916934 -0.846007 1.57154,0.910071 -0.788579 1.56183,0.86008 -0.739818 1.54582,0.77743 -0.725122 1.52377,0.905775 -0.870238 1.57399,0.921285 -0.819134 1.56749,0.89451 -0.761629 1.5546,0.827201 -0.724756 1.53553,0.736142 -0.730824 1.5106,0.919636 -0.848274 1.57154,0.916796 -0.790507 1.56183,0.870328 -0.738378 1.54582,0.788904 -0.717952 1.52377,0.906814 -0.871668 1.57399,0.925851 -0.82177 1.56749,0.903152 -0.762538 1.5546,0.838579 -0.721059 1.53553,0.747319 -0.72076 1.5106,0.752758 -0.690651 1.49606,0.922173 -0.850724 1.57154,0.923369 -0.7929 1.56183,0.880651 -0.737656 1.54582,0.80085 -0.7116 1.52377,0.90775 -0.873166 1.57399,0.930222 -0.824718 1.56749,0.91171 -0.764047 1.5546,0.850188 -0.718165 1.53553,0.759171 -0.7115 1.5106,0.924533 -0.853345 1.57154,0.92976 -0.795745 1.56183,0.890999 -0.737656 1.54582,0.81321 -0.706097 1.52377,0.90858 -0.874727 1.57399,0.934376 -0.827964 1.56749,0.920142 -0.766149 1.5546,0.86197 -0.716087 1.53553,0.771639 -0.70309 1.5106,0.926704 -0.856124 1.57154,0.935937 -0.799029 1.56183,0.901322 -0.738378 1.54582,0.825924 -0.70147 1.52377,0.909299 -0.876341 1.57399,0.938294 -0.831491 1.56749,0.928406 -0.768834 1.5546,0.873868 -0.714837 1.53553,0.784665 -0.69557 1.5106,0.783333 -0.672998 1.49606,0.928676 -0.859048 1.57154,0.941869 -0.802736 1.56183,0.91157 -0.739818 1.54582,0.83893 -0.69774 1.52377,0.909903 -0.878002 1.57399,0.941957 -0.835284 1.56749,0.936463 -0.77209 1.5546,0.885825 -0.714419 1.53553,0.798182 -0.688977 1.5106,0.93044 -0.862103 1.57154,0.947529 -0.806848 1.56183,0.921692 -0.74197 1.54582,0.852165 -0.694927 1.52377,0.91039 -0.8797 1.57399,0.945346 -0.839322 1.56749,0.944274 -0.775899 1.5546,0.897782 -0.714837 1.53553,0.812127 -0.683343 1.5106,0.816198 -0.6601 1.49606,0.931986 -0.865273 1.57154,0.952887 -0.811345 1.56183,0.93164 -0.744822 1.54582,0.865563 -0.693044 1.52377,0.910758 -0.881429 1.57399,0.948444 -0.843588 1.56749,0.951799 -0.780244 1.5546,0.90968 -0.716087 1.53553,0.826431 -0.678695 1.5106,0.933307 -0.868543 1.57154,0.95792 -0.816204 1.56183,0.941364 -0.748362 1.54582,0.87906 -0.6921 1.52377,0.911003 -0.883179 1.57399,0.951238 -0.848059 1.56749,0.959004 -0.785103 1.5546,0.921462 -0.718165 1.53553,0.841025 -0.675056 1.5106,0.850618 -0.652243 1.49606,0.934397 -0.871897 1.57154,0.9626 -0.821403 1.56183,0.950818 -0.752571 1.54582,0.89259 -0.6921 1.52377,0.953713 -0.852714 1.56749,0.965851 -0.790453 1.5546,0.933071 -0.721059 1.53553,0.855836 -0.672445 1.5106,0.93525 -0.875319 1.57154,0.966907 -0.826915 1.56183,0.959955 -0.757429 1.54582,0.906087 -0.693044 1.52377,0.955858 -0.85753 1.56749,0.972309 -0.796268 1.5546,0.944449 -0.724756 1.53553,0.870794 -0.670873 1.5106,0.885825 -0.649605 1.49606,0.935863 -0.878793 1.57154,0.970819 -0.832715 1.56183,0.96873 -0.762913 1.54582,0.919485 -0.694927 1.52377,0.957661 -0.862484 1.56749,0.978346 -0.802519 1.5546,0.955542 -0.729238 1.53553,0.885825 -0.670348 1.5106,0.936231 -0.8823 1.57154,0.974317 -0.838773 1.56183,0.977102 -0.768995 1.54582,0.93272 -0.69774 1.52377,0.959114 -0.867552 1.56749,0.983931 -0.809176 1.5546,0.966295 -0.734483 1.53553,0.900856 -0.670873 1.5106,0.919443 -0.652009 1.49606,0.977383 -0.845061 1.56183,0.98503 -0.775647 1.54582,0.945726 -0.70147 1.52377,0.96021 -0.872709 1.56749,0.989039 -0.816206 1.5546,0.976656 -0.740465 1.53553,0.915814 -0.672445 1.5106,0.980004 -0.851547 1.56183,0.992474 -0.782836 1.54582,0.95844 -0.706097 1.52377,0.960944 -0.87793 1.56749,0.993644 -0.823576 1.5546,0.986575 -0.747155 1.53553,0.930625 -0.675056 1.5106,0.952376 -0.659174 1.49606,0.982166 -0.8582 1.56183,0.999398 -0.790526 1.54582,0.9708 -0.7116 1.52377,0.997724 -0.831248 1.5546,0.996002 -0.754521 1.53553,0.945219 -0.678695 1.5106,0.983858 -0.864987 1.56183,1.00577 -0.79868 1.54582,0.982746 -0.717952 1.52377,1.00126 -0.839187 1.5546,1.00489 -0.762526 1.53553,0.959523 -0.683343 1.5106,0.983954 -0.670952 1.49606,0.985073 -0.871877 1.56183,1.01156 -0.80726 1.54582,0.99422 -0.725122 1.52377,1.00423 -0.847353 1.5546,1.0132 -0.771132 1.53553,0.973468 -0.688977 1.5106,0.985804 -0.878834 1.56183,1.01673 -0.816222 1.54582,1.00517 -0.733075 1.52377,1.00663 -0.855706 1.5546,1.02089 -0.780297 1.53553,0.986985 -0.69557 1.5106,1.01354 -0.687104 1.49606,1.02127 -0.825523 1.54582,1.01553 -0.741772 1.52377,1.00843 -0.864206 1.5546,1.02793 -0.789976 1.53553,1.00001 -0.70309 1.5106,1.02514 -0.835117 1.54582,1.02526 -0.751171 1.52377,1.00964 -0.872811 1.5546,1.03427 -0.800122 1.53553,1.01248 -0.7115 1.5106,1.04052 -0.707302 1.49606,1.02834 -0.844959 1.54582,1.03432 -0.761225 1.52377,1.03988 -0.810686 1.53553,1.02433 -0.72076 1.5106,1.03084 -0.855 1.54582,1.04265 -0.771887 1.52377,1.04475 -0.821615 1.53553,1.03551 -0.730824 1.5106,1.06435 -0.731134 1.49606,1.03264 -0.865191 1.54582,1.05021 -0.783104 1.52377,1.04884 -0.832858 1.53553,1.04596 -0.741643 1.5106,1.03372 -0.875483 1.54582,1.05698 -0.794821 1.52377,1.05214 -0.844358 1.53553,1.05562 -0.753164 1.5106,1.08455 -0.758115 1.49606,1.06291 -0.806982 1.52377,1.05463 -0.856061 1.53553,1.06446 -0.765332 1.5106,1.06798 -0.819527 1.52377,1.05629 -0.867908 1.53553,1.07243 -0.778086 1.5106,1.1007 -0.787696 1.49606,1.07216 -0.832395 1.52377,1.07949 -0.791366 1.5106,1.07543 -0.845523 1.52377,1.08561 -0.805106 1.5106,1.11248 -0.819274 1.49606,1.07778 -0.858847 1.52377,1.09076 -0.819239 1.5106,1.0792 -0.872303 1.52377,1.0949 -0.833696 1.5106,1.11964 -0.852207 1.49606,1.09803 -0.848408 1.5106,1.10012 -0.863301 1.5106]
}}
appearance Appearance{material USE IC-BODY-EPOXY-04 }}
Shape { geometry IndexedFaceSet 
{ creaseAngle 1.00 coordIndex [0,1,2,-1,0,2,3,-1,4,3,5,-1,4,0,3,-1,6,5,7,-1,6,4,5,-1,8,7,9,-1,8,6,7,-1,10,9,11,-1,10,8,9,-1,12,11,13,-1,12,10,11,-1,14,13,15,-1,14,12,13,-1,16,15,17,-1,16,14,15,-1,18,19,20,-1,18,17,19,-1,18,16,17,-1,21,18,20,-1,22,23,24,-1,22,20,23,-1,22,21,20,-1,25,22,24,-1,26,24,27,-1,26,25,24,-1,28,26,27,-1,28,27,29,-1,30,29,31,-1,30,28,29,-1,32,31,33,-1,32,30,31,-1,34,35,36,-1,34,33,35,-1,34,32,33,-1,37,34,36,-1,38,36,39,-1,38,37,36,-1,40,39,41,-1,40,38,39,-1,42,41,43,-1,42,40,41,-1]
coord Coordinate { point [0.850618 -1.11941 1.29921,0.885825 -1.12204 1.29921,0.885825 -1.12204 1.49606,0.850618 -1.11941 1.49606,0.816198 -1.11155 1.29921,0.816198 -1.11155 1.49606,0.783333 -1.09865 1.29921,0.783333 -1.09865 1.49606,0.752758 -1.081 1.29921,0.752758 -1.081 1.49606,0.725155 -1.05899 1.29921,0.725155 -1.05899 1.49606,0.701141 -1.03311 1.29921,0.701141 -1.03311 1.49606,0.681252 -1.00393 1.29921,0.681252 -1.00393 1.49606,0.665934 -0.972126 1.29921,0.665934 -0.972126 1.49606,0.655528 -0.938389 1.29921,0.655528 -0.938389 1.49606,0.650266 -0.903478 1.49606,0.650266 -0.903478 1.29921,0.650266 -0.868172 1.29921,0.650266 -0.868172 1.49606,0.655528 -0.833261 1.49606,0.655528 -0.833261 1.29921,0.665934 -0.799524 1.29921,0.665934 -0.799524 1.49606,0.681252 -0.767715 1.29921,0.681252 -0.767715 1.49606,0.701141 -0.738544 1.29921,0.701141 -0.738544 1.49606,0.725155 -0.712663 1.29921,0.725155 -0.712663 1.49606,0.752758 -0.690651 1.29921,0.752758 -0.690651 1.49606,0.783333 -0.672998 1.49606,0.783333 -0.672998 1.29921,0.816198 -0.6601 1.29921,0.816198 -0.6601 1.49606,0.850618 -0.652243 1.29921,0.850618 -0.652243 1.49606,0.885825 -0.649605 1.29921,0.885825 -0.649605 1.49606]
}}
appearance Appearance{material USE IC-BODY-EPOXY-04 }}
Shape { geometry IndexedFaceSet 
{ creaseAngle 1.00 coordIndex [0,1,2,-1,3,0,2,-1,4,3,2,-1,5,1,0,-1,6,4,2,-1,7,5,0,-1,7,0,3,-1,8,6,2,-1,9,7,3,-1,9,3,4,-1,10,8,2,-1,11,12,1,-1,13,4,6,-1,13,9,4,-1,14,10,2,-1,15,5,7,-1,15,11,1,-1,15,12,11,-1,15,1,5,-1,16,6,8,-1,16,13,6,-1,17,14,2,-1,18,15,7,-1,18,7,9,-1,19,8,10,-1,19,16,8,-1,20,17,2,-1,21,9,13,-1,21,18,9,-1,22,19,10,-1,22,10,14,-1,23,20,2,-1,24,13,16,-1,24,21,13,-1,25,22,14,-1,25,14,17,-1,26,12,15,-1,26,15,18,-1,27,23,2,-1,28,16,19,-1,28,24,16,-1,29,17,20,-1,29,25,17,-1,30,18,21,-1,30,26,18,-1,31,27,2,-1,32,28,19,-1,32,19,22,-1,33,34,12,-1,33,12,26,-1,35,20,23,-1,35,29,20,-1,36,30,21,-1,36,21,24,-1,37,31,2,-1,38,22,25,-1,38,32,22,-1,39,34,33,-1,39,33,26,-1,40,23,27,-1,40,35,23,-1,41,24,28,-1,41,36,24,-1,42,37,2,-1,43,25,29,-1,43,38,25,-1,44,39,26,-1,44,26,30,-1,45,40,27,-1,45,27,31,-1,46,41,28,-1,46,28,32,-1,47,42,2,-1,48,43,29,-1,48,29,35,-1,49,44,30,-1,49,30,36,-1,50,31,37,-1,50,45,31,-1,51,46,32,-1,51,32,38,-1,52,47,2,-1,53,48,35,-1,53,35,40,-1,54,49,36,-1,54,36,41,-1,55,37,42,-1,55,50,37,-1,56,38,43,-1,56,51,38,-1,57,39,44,-1,57,34,39,-1,58,52,2,-1,59,53,40,-1,59,40,45,-1,60,41,46,-1,60,54,41,-1,61,55,42,-1,61,42,47,-1,62,43,48,-1,62,56,43,-1,63,44,49,-1,63,57,44,-1,64,58,2,-1,65,45,50,-1,65,59,45,-1,66,60,46,-1,66,46,51,-1,67,68,34,-1,67,34,57,-1,69,47,52,-1,69,61,47,-1,70,48,53,-1,70,62,48,-1,71,49,54,-1,71,63,49,-1,72,64,2,-1,73,65,50,-1,73,50,55,-1,74,66,51,-1,74,51,56,-1,75,67,57,-1,76,52,58,-1,76,69,52,-1,77,53,59,-1,77,70,53,-1,78,54,60,-1,78,71,54,-1,79,72,2,-1,80,55,61,-1,80,73,55,-1,81,74,56,-1,81,56,62,-1,82,75,57,-1,82,57,63,-1,83,76,58,-1,83,58,64,-1,84,77,59,-1,84,59,65,-1,85,60,66,-1,85,78,60,-1,86,79,2,-1,87,80,61,-1,87,61,69,-1,88,81,62,-1,88,62,70,-1,89,63,71,-1,89,82,63,-1,90,64,72,-1,90,83,64,-1,91,84,65,-1,91,65,73,-1,92,85,66,-1,92,66,74,-1,93,67,75,-1,93,68,67,-1,94,86,2,-1,95,87,69,-1,95,69,76,-1,96,70,77,-1,96,88,70,-1,97,71,78,-1,97,89,71,-1,98,90,72,-1,98,72,79,-1,99,73,80,-1,99,91,73,-1,100,92,74,-1,100,74,81,-1,101,75,82,-1,101,93,75,-1,102,94,2,-1,103,76,83,-1,103,95,76,-1,104,96,77,-1,104,77,84,-1,105,97,78,-1,105,78,85,-1,106,79,86,-1,106,98,79,-1,107,99,80,-1,107,80,87,-1,108,81,88,-1,108,100,81,-1,109,82,89,-1,109,101,82,-1,110,102,2,-1,111,103,83,-1,111,83,90,-1,112,84,91,-1,112,104,84,-1,113,105,85,-1,113,85,92,-1,114,115,68,-1,114,68,93,-1,116,106,86,-1,116,86,94,-1,117,107,87,-1,117,87,95,-1,118,108,88,-1,118,88,96,-1,119,109,89,-1,119,89,97,-1,120,110,2,-1,121,111,90,-1,121,90,98,-1,122,112,91,-1,122,91,99,-1,123,113,92,-1,123,92,100,-1,124,114,93,-1,124,125,115,-1,124,115,114,-1,124,93,101,-1,126,116,94,-1,126,94,102,-1,127,117,95,-1,127,95,103,-1,128,118,96,-1,128,96,104,-1,129,119,97,-1,129,97,105,-1,130,120,2,-1,131,98,106,-1,131,121,98,-1,132,122,99,-1,132,99,107,-1,133,100,108,-1,133,123,100,-1,134,125,124,-1,134,101,109,-1,134,124,101,-1,135,102,110,-1,135,126,102,-1,136,127,103,-1,136,103,111,-1,137,128,104,-1,137,104,112,-1,138,105,113,-1,138,129,105,-1,139,130,2,-1,140,131,106,-1,140,106,116,-1,141,107,117,-1,141,132,107,-1,142,133,108,-1,142,108,118,-1,143,125,134,-1,143,109,119,-1,143,134,109,-1,143,144,125,-1,145,135,110,-1,145,110,120,-1,146,136,111,-1,146,111,121,-1,147,112,122,-1,147,137,112,-1,148,113,123,-1,148,138,113,-1,149,139,2,-1,150,140,116,-1,150,116,126,-1,151,141,117,-1,151,117,127,-1,152,118,128,-1,152,142,118,-1,153,144,143,-1,153,119,129,-1,153,143,119,-1,154,145,120,-1,154,120,130,-1,155,146,121,-1,155,121,131,-1,156,147,122,-1,156,122,132,-1,157,148,123,-1,157,123,133,-1,158,149,2,-1,159,150,126,-1,159,126,135,-1,160,127,136,-1,160,151,127,-1,161,152,128,-1,161,128,137,-1,162,144,153,-1,162,163,144,-1,162,153,129,-1,162,129,138,-1,164,154,130,-1,164,130,139,-1,165,155,131,-1,165,131,140,-1,166,132,141,-1,166,156,132,-1,167,157,133,-1,167,133,142,-1,168,158,2,-1,169,135,145,-1,169,159,135,-1,170,160,136,-1,170,136,146,-1,171,161,137,-1,171,137,147,-1,172,138,148,-1,172,162,138,-1,172,163,162,-1,173,164,139,-1,173,139,149,-1,174,165,140,-1,174,140,150,-1,175,166,141,-1,175,141,151,-1,176,142,152,-1,176,167,142,-1,177,168,2,-1,178,169,145,-1,178,145,154,-1,179,146,155,-1,179,170,146,-1,180,147,156,-1,180,171,147,-1,181,182,163,-1,181,163,172,-1,181,148,157,-1,181,172,148,-1,183,149,158,-1,183,173,149,-1,184,150,159,-1,184,174,150,-1,185,175,151,-1,185,151,160,-1,186,152,161,-1,186,176,152,-1,187,177,2,-1,188,154,164,-1,188,178,154,-1,189,155,165,-1,189,179,155,-1,190,156,166,-1,190,180,156,-1,191,181,157,-1,191,182,181,-1,191,157,167,-1,192,183,158,-1,192,158,168,-1,193,184,159,-1,193,159,169,-1,194,185,160,-1,194,160,170,-1,195,161,171,-1,195,186,161,-1,196,187,2,-1,197,188,164,-1,197,164,173,-1,198,165,174,-1,198,189,165,-1,199,166,175,-1,199,190,166,-1,200,167,176,-1,200,201,182,-1,200,191,167,-1,200,182,191,-1,202,168,177,-1,202,192,168,-1,203,193,169,-1,203,169,178,-1,204,194,170,-1,204,170,179,-1,205,195,171,-1,205,171,180,-1,206,196,2,-1,207,173,183,-1,207,197,173,-1,208,174,184,-1,208,198,174,-1,209,199,175,-1,209,175,185,-1,210,176,186,-1,210,200,176,-1,210,201,200,-1,211,177,187,-1,211,202,177,-1,212,178,188,-1,212,203,178,-1,213,179,189,-1,213,204,179,-1,214,205,180,-1,214,180,190,-1,215,206,2,-1,216,183,192,-1,216,207,183,-1,217,208,184,-1,217,184,193,-1,218,185,194,-1,218,209,185,-1,219,220,201,-1,219,201,210,-1,219,186,195,-1,219,210,186,-1,221,211,187,-1,221,187,196,-1,222,212,188,-1,222,188,197,-1,223,213,189,-1,223,189,198,-1,224,214,190,-1,224,190,199,-1,225,215,2,-1,226,216,192,-1,226,192,202,-1,227,217,193,-1,227,193,203,-1,228,218,194,-1,228,194,204,-1,229,195,205,-1,229,220,219,-1,229,219,195,-1,230,221,196,-1,230,196,206,-1,231,222,197,-1,231,197,207,-1,232,223,198,-1,232,198,208,-1,233,224,199,-1,233,199,209,-1,234,225,2,-1,235,202,211,-1,235,226,202,-1,236,203,212,-1,236,227,203,-1,237,204,213,-1,237,228,204,-1,238,229,205,-1,238,239,220,-1,238,205,214,-1,238,220,229,-1,240,206,215,-1,240,230,206,-1,241,207,216,-1,241,231,207,-1,242,208,217,-1,242,232,208,-1,243,233,209,-1,243,209,218,-1,244,234,2,-1,245,235,211,-1,245,211,221,-1,246,212,222,-1,246,236,212,-1,247,213,223,-1,247,237,213,-1,248,214,224,-1,248,238,214,-1,248,239,238,-1,249,215,225,-1,249,240,215,-1,250,241,216,-1,250,216,226,-1,251,217,227,-1,251,242,217,-1,252,218,228,-1,252,243,218,-1,253,244,2,-1,254,221,230,-1,254,245,221,-1,255,246,222,-1,255,222,231,-1,256,223,232,-1,256,247,223,-1,257,258,239,-1,257,248,224,-1,257,224,233,-1,257,239,248,-1,259,249,225,-1,259,225,234,-1,260,250,226,-1,260,226,235,-1,261,227,236,-1,261,251,227,-1,262,252,228,-1,262,228,237,-1,263,253,2,-1,264,254,230,-1,264,230,240,-1,265,255,231,-1,265,231,241,-1,266,256,232,-1,266,232,242,-1,267,258,257,-1,267,257,233,-1,267,233,243,-1,268,259,234,-1,268,234,244,-1,269,260,235,-1,269,235,245,-1,270,261,236,-1,270,236,246,-1,271,237,247,-1,271,262,237,-1,272,263,2,-1,273,240,249,-1,273,264,240,-1,274,241,250,-1,274,265,241,-1,275,266,242,-1,275,242,251,-1,276,277,258,-1,276,267,243,-1,276,258,267,-1,276,243,252,-1,278,244,253,-1,278,268,244,-1,279,245,254,-1,279,269,245,-1,280,270,246,-1,280,246,255,-1,281,247,256,-1,281,271,247,-1,282,272,2,-1,283,273,249,-1,283,249,259,-1,284,250,260,-1,284,274,250,-1,285,275,251,-1,285,251,261,-1,286,276,252,-1,286,252,262,-1,286,277,276,-1,287,253,263,-1,287,278,253,-1,288,279,254,-1,288,254,264,-1,289,255,265,-1,289,280,255,-1,290,256,266,-1,290,281,256,-1,291,282,2,-1,292,259,268,-1,292,283,259,-1,293,284,260,-1,293,260,269,-1,294,285,261,-1,294,261,270,-1,295,277,286,-1,295,286,262,-1,295,296,277,-1,295,262,271,-1,297,287,263,-1,297,263,272,-1,298,288,264,-1,298,264,273,-1,299,289,265,-1,299,265,274,-1,300,266,275,-1,300,290,266,-1,301,291,2,-1,302,292,268,-1,302,268,278,-1,303,293,269,-1,303,269,279,-1,304,294,270,-1,304,270,280,-1,305,271,281,-1,305,296,295,-1,305,295,271,-1,306,297,272,-1,306,272,282,-1,307,273,283,-1,307,298,273,-1,308,274,284,-1,308,299,274,-1,309,275,285,-1,309,300,275,-1,310,301,2,-1,311,278,287,-1,311,302,278,-1,312,279,288,-1,312,303,279,-1,313,280,289,-1,313,304,280,-1,314,296,305,-1,314,315,296,-1,314,281,290,-1,314,305,281,-1,316,282,291,-1,316,306,282,-1,317,283,292,-1,317,307,283,-1,318,308,284,-1,318,284,293,-1,319,285,294,-1,319,309,285,-1,320,310,2,-1,321,287,297,-1,321,311,287,-1,322,288,298,-1,322,312,288,-1,323,313,289,-1,323,289,299,-1,324,315,314,-1,324,290,300,-1,324,314,290,-1,325,316,291,-1,325,291,301,-1,326,317,292,-1,326,292,302,-1,327,293,303,-1,327,318,293,-1,328,319,294,-1,328,294,304,-1,329,320,2,-1,330,321,297,-1,330,297,306,-1,331,322,298,-1,331,298,307,-1,332,323,299,-1,332,299,308,-1,333,324,300,-1,333,334,315,-1,333,315,324,-1,333,300,309,-1,335,325,301,-1,335,301,310,-1,336,326,302,-1,336,302,311,-1,337,327,303,-1,337,303,312,-1,338,304,313,-1,338,328,304,-1,339,329,2,-1,340,330,306,-1,340,306,316,-1,341,331,307,-1,341,307,317,-1,342,332,308,-1,342,308,318,-1,343,309,319,-1,343,333,309,-1,343,334,333,-1,344,310,320,-1,344,335,310,-1,345,311,321,-1,345,336,311,-1,346,312,322,-1,346,337,312,-1,347,313,323,-1,347,338,313,-1,348,339,2,-1,349,316,325,-1,349,340,316,-1,350,317,326,-1,350,341,317,-1,351,318,327,-1,351,342,318,-1,352,319,328,-1,352,353,334,-1,352,343,319,-1,352,334,343,-1,354,320,329,-1,354,344,320,-1,355,321,330,-1,355,345,321,-1,356,322,331,-1,356,346,322,-1,357,323,332,-1,357,347,323,-1,358,348,2,-1,359,349,325,-1,359,325,335,-1,360,350,326,-1,360,326,336,-1,361,351,327,-1,361,327,337,-1,362,353,352,-1,362,352,328,-1,362,328,338,-1,363,329,339,-1,363,354,329,-1,364,330,340,-1,364,355,330,-1,365,356,331,-1,365,331,341,-1,366,332,342,-1,366,357,332,-1,367,358,2,-1,368,359,335,-1,368,335,344,-1,369,360,336,-1,369,336,345,-1,370,361,337,-1,370,337,346,-1,371,353,362,-1,371,372,353,-1,371,362,338,-1,371,338,347,-1,373,339,348,-1,373,363,339,-1,374,340,349,-1,374,364,340,-1,375,365,341,-1,375,341,350,-1,376,366,342,-1,376,342,351,-1,377,367,2,-1,378,344,354,-1,378,368,344,-1,379,345,355,-1,379,369,345,-1,380,346,356,-1,380,370,346,-1,381,371,347,-1,381,347,357,-1,381,372,371,-1,382,348,358,-1,382,373,348,-1,383,374,349,-1,383,349,359,-1,384,375,350,-1,384,350,360,-1,385,376,351,-1,385,351,361,-1,386,377,2,-1,387,354,363,-1,387,378,354,-1,388,379,355,-1,388,355,364,-1,389,356,365,-1,389,380,356,-1,390,381,357,-1,390,357,366,-1,390,372,381,-1,391,358,367,-1,391,382,358,-1,392,359,368,-1,392,383,359,-1,393,360,369,-1,393,384,360,-1,394,385,361,-1,394,361,370,-1,395,386,2,-1,396,363,373,-1,396,387,363,-1,397,364,374,-1,397,388,364,-1,398,365,375,-1,398,389,365,-1,399,390,366,-1,399,400,372,-1,399,366,376,-1,399,372,390,-1,401,391,367,-1,401,367,377,-1,402,368,378,-1,402,392,368,-1,403,393,369,-1,403,369,379,-1,404,394,370,-1,404,370,380,-1,405,395,2,-1,406,396,373,-1,406,373,382,-1,407,397,374,-1,407,374,383,-1,408,398,375,-1,408,375,384,-1,409,376,385,-1,409,399,376,-1,409,400,399,-1,410,401,377,-1,410,377,386,-1,411,402,378,-1,411,378,387,-1,412,379,388,-1,412,403,379,-1,413,380,389,-1,413,404,380,-1,414,405,2,-1,415,382,391,-1,415,406,382,-1,416,383,392,-1,416,407,383,-1,417,384,393,-1,417,408,384,-1,418,419,400,-1,418,400,409,-1,418,409,385,-1,418,385,394,-1,420,410,386,-1,420,386,395,-1,421,387,396,-1,421,411,387,-1,422,388,397,-1,422,412,388,-1,423,389,398,-1,423,413,389,-1,424,414,2,-1,425,391,401,-1,425,415,391,-1,426,392,402,-1,426,416,392,-1,427,393,403,-1,427,417,393,-1,428,394,404,-1,428,419,418,-1,428,418,394,-1,429,420,395,-1,429,395,405,-1,430,396,406,-1,430,421,396,-1,431,397,407,-1,431,422,397,-1,432,398,408,-1,432,423,398,-1,433,424,2,-1,434,425,401,-1,434,401,410,-1,435,402,411,-1,435,426,402,-1,436,427,403,-1,436,403,412,-1,437,428,404,-1,437,438,419,-1,437,404,413,-1,437,419,428,-1,439,429,405,-1,439,405,414,-1,440,430,406,-1,440,406,415,-1,441,431,407,-1,441,407,416,-1,442,408,417,-1,442,432,408,-1,443,433,2,-1,444,434,410,-1,444,410,420,-1,445,435,411,-1,445,411,421,-1,446,436,412,-1,446,412,422,-1,447,437,413,-1,447,438,437,-1,447,413,423,-1,448,439,414,-1,448,414,424,-1,449,415,425,-1,449,440,415,-1,450,416,426,-1,450,441,416,-1,451,417,427,-1,451,442,417,-1,452,443,2,-1,453,420,429,-1,453,444,420,-1,454,445,421,-1,454,421,430,-1,455,422,431,-1,455,446,422,-1,456,457,438,-1,456,438,447,-1,456,447,423,-1,456,423,432,-1,458,448,424,-1,458,424,433,-1,459,449,425,-1,459,425,434,-1,460,426,435,-1,460,450,426,-1,461,451,427,-1,461,427,436,-1,462,452,2,-1,463,453,429,-1,463,429,439,-1,464,430,440,-1,464,454,430,-1,465,431,441,-1,465,455,431,-1,466,432,442,-1,466,457,456,-1,466,456,432,-1,467,433,443,-1,467,458,433,-1,468,459,434,-1,468,434,444,-1,469,435,445,-1,469,460,435,-1,470,436,446,-1,470,461,436,-1,471,462,2,-1,472,463,439,-1,472,439,448,-1,473,464,440,-1,473,440,449,-1,474,465,441,-1,474,441,450,-1,475,476,457,-1,475,466,442,-1,475,442,451,-1,475,457,466,-1,477,467,443,-1,477,443,452,-1,478,468,444,-1,478,444,453,-1,479,469,445,-1,479,445,454,-1,480,470,446,-1,480,446,455,-1,481,471,2,-1,482,472,448,-1,482,448,458,-1,483,473,449,-1,483,449,459,-1,484,450,460,-1,484,474,450,-1,485,451,461,-1,485,475,451,-1,485,476,475,-1,486,477,452,-1,486,452,462,-1,487,453,463,-1,487,478,453,-1,488,454,464,-1,488,479,454,-1,489,455,465,-1,489,480,455,-1,490,481,2,-1,491,482,458,-1,491,458,467,-1,492,459,468,-1,492,483,459,-1,493,460,469,-1,493,484,460,-1,494,476,485,-1,494,495,476,-1,494,461,470,-1,494,485,461,-1,496,462,471,-1,496,486,462,-1,497,487,463,-1,497,463,472,-1,498,488,464,-1,498,464,473,-1,499,489,465,-1,499,465,474,-1,500,490,2,-1,501,467,477,-1,501,491,467,-1,502,468,478,-1,502,492,468,-1,503,469,479,-1,503,493,469,-1,504,470,480,-1,504,495,494,-1,504,494,470,-1,505,496,471,-1,505,471,481,-1,506,497,472,-1,506,472,482,-1,507,498,473,-1,507,473,483,-1,508,499,474,-1,508,474,484,-1,509,500,2,-1,510,477,486,-1,510,501,477,-1,511,502,478,-1,511,478,487,-1,512,503,479,-1,512,479,488,-1,513,514,495,-1,513,504,480,-1,513,480,489,-1,513,495,504,-1,515,481,490,-1,515,505,481,-1,516,506,482,-1,516,482,491,-1,517,507,483,-1,517,483,492,-1,518,508,484,-1,518,484,493,-1,519,509,2,-1,520,486,496,-1,520,510,486,-1,521,511,487,-1,521,487,497,-1,522,512,488,-1,522,488,498,-1,523,513,489,-1,523,489,499,-1,523,514,513,-1,524,490,500,-1,524,515,490,-1,525,491,501,-1,525,516,491,-1,526,492,502,-1,526,517,492,-1,527,518,493,-1,527,493,503,-1,528,519,2,-1,529,496,505,-1,529,520,496,-1,530,521,497,-1,530,497,506,-1,531,522,498,-1,531,498,507,-1,532,514,523,-1,532,499,508,-1,532,523,499,-1,533,500,509,-1,533,524,500,-1,534,525,501,-1,534,501,510,-1,535,502,511,-1,535,526,502,-1,536,527,503,-1,536,503,512,-1,537,528,2,-1,538,505,515,-1,538,529,505,-1,539,506,516,-1,539,530,506,-1,540,531,507,-1,540,507,517,-1,541,532,508,-1,541,542,514,-1,541,514,532,-1,541,508,518,-1,543,533,509,-1,543,509,519,-1,544,510,520,-1,544,534,510,-1,545,535,511,-1,545,511,521,-1,546,536,512,-1,546,512,522,-1,547,537,2,-1,548,515,524,-1,548,538,515,-1,549,539,516,-1,549,516,525,-1,550,517,526,-1,550,540,517,-1,551,518,527,-1,551,541,518,-1,551,542,541,-1,552,543,519,-1,552,519,528,-1,553,544,520,-1,553,520,529,-1,554,521,530,-1,554,545,521,-1,555,522,531,-1,555,546,522,-1,556,547,2,-1,557,524,533,-1,557,548,524,-1,558,549,525,-1,558,525,534,-1,559,526,535,-1,559,550,526,-1,560,561,542,-1,560,542,551,-1,560,551,527,-1,560,527,536,-1,562,552,528,-1,562,528,537,-1,563,553,529,-1,563,529,538,-1,564,530,539,-1,564,554,530,-1,565,531,540,-1,565,555,531,-1,566,556,2,-1,567,533,543,-1,567,557,533,-1,568,534,544,-1,568,558,534,-1,569,535,545,-1,569,559,535,-1,570,561,560,-1,570,560,536,-1,570,536,546,-1,571,537,547,-1,571,562,537,-1,572,563,538,-1,572,538,548,-1,573,539,549,-1,573,564,539,-1,574,540,550,-1,574,565,540,-1,575,566,2,-1,576,543,552,-1,576,567,543,-1,577,544,553,-1,577,568,544,-1,578,569,545,-1,578,545,554,-1,579,561,570,-1,579,580,561,-1,579,570,546,-1,579,546,555,-1,581,571,547,-1,581,547,556,-1,582,572,548,-1,582,548,557,-1,583,573,549,-1,583,549,558,-1,584,574,550,-1,584,550,559,-1,585,575,2,-1,586,576,552,-1,586,552,562,-1,587,577,553,-1,587,553,563,-1,588,578,554,-1,588,554,564,-1,589,580,579,-1,589,579,555,-1,589,555,565,-1,590,556,566,-1,590,581,556,-1,591,557,567,-1,591,582,557,-1,592,558,568,-1,592,583,558,-1,593,559,569,-1,593,584,559,-1,594,585,2,-1,595,562,571,-1,595,586,562,-1,596,587,563,-1,596,563,572,-1,597,564,573,-1,597,588,564,-1,598,599,580,-1,598,565,574,-1,598,589,565,-1,598,580,589,-1,600,566,575,-1,600,590,566,-1,601,567,576,-1,601,591,567,-1,602,568,577,-1,602,592,568,-1,603,593,569,-1,603,569,578,-1,604,594,2,-1,605,595,571,-1,605,571,581,-1,606,572,582,-1,606,596,572,-1,607,573,583,-1,607,597,573,-1,608,574,584,-1,608,599,598,-1,608,598,574,-1,609,575,585,-1,609,600,575,-1,610,576,586,-1,610,601,576,-1,611,577,587,-1,611,602,577,-1,612,603,578,-1,612,578,588,-1,613,604,2,-1,614,605,581,-1,614,581,590,-1,615,606,582,-1,615,582,591,-1,616,607,583,-1,616,583,592,-1,617,618,599,-1,617,608,584,-1,617,584,593,-1,617,599,608,-1,619,585,594,-1,619,609,585,-1,620,586,595,-1,620,610,586,-1,621,611,587,-1,621,587,596,-1,622,612,588,-1,622,588,597,-1,623,613,2,-1,624,614,590,-1,624,590,600,-1,625,591,601,-1,625,615,591,-1,626,592,602,-1,626,616,592,-1,627,593,603,-1,627,617,593,-1,627,618,617,-1,628,594,604,-1,628,619,594,-1,629,620,595,-1,629,595,605,-1,630,621,596,-1,630,596,606,-1,631,597,607,-1,631,622,597,-1,632,623,2,-1,633,600,609,-1,633,624,600,-1,634,625,601,-1,634,601,610,-1,635,626,602,-1,635,602,611,-1,636,637,618,-1,636,603,612,-1,636,627,603,-1,636,618,627,-1,638,604,613,-1,638,628,604,-1,639,629,605,-1,639,605,614,-1,640,606,615,-1,640,630,606,-1,641,607,616,-1,641,631,607,-1,642,632,2,-1,643,609,619,-1,643,633,609,-1,644,634,610,-1,644,610,620,-1,645,611,621,-1,645,635,611,-1,646,612,622,-1,646,637,636,-1,646,636,612,-1,647,638,613,-1,647,613,623,-1,648,614,624,-1,648,639,614,-1,649,615,625,-1,649,640,615,-1,650,641,616,-1,650,616,626,-1,651,642,2,-1,652,643,619,-1,652,619,628,-1,653,644,620,-1,653,620,629,-1,654,645,621,-1,654,621,630,-1,655,646,622,-1,655,656,637,-1,655,622,631,-1,655,637,646,-1,657,647,623,-1,657,623,632,-1,658,648,624,-1,658,624,633,-1,659,649,625,-1,659,625,634,-1,660,650,626,-1,660,626,635,-1,661,651,2,-1,662,628,638,-1,662,652,628,-1,663,629,639,-1,663,653,629,-1,664,630,640,-1,664,654,630,-1,665,656,655,-1,665,655,631,-1,665,631,641,-1,666,632,642,-1,666,657,632,-1,667,658,633,-1,667,633,643,-1,668,634,644,-1,668,659,634,-1,669,635,645,-1,669,660,635,-1,670,661,2,-1,671,638,647,-1,671,662,638,-1,672,663,639,-1,672,639,648,-1,673,640,649,-1,673,664,640,-1,674,656,665,-1,674,665,641,-1,674,641,650,-1,675,642,651,-1,675,666,642,-1,676,643,652,-1,676,667,643,-1,677,644,653,-1,677,668,644,-1,678,645,654,-1,678,669,645,-1,679,670,2,-1,680,671,647,-1,680,647,657,-1,681,648,658,-1,681,672,648,-1,682,649,659,-1,682,673,649,-1,683,684,656,-1,683,656,674,-1,683,674,650,-1,683,650,660,-1,685,651,661,-1,685,675,651,-1,686,652,662,-1,686,676,652,-1,687,653,663,-1,687,677,653,-1,688,678,654,-1,688,654,664,-1,689,679,2,-1,690,680,657,-1,690,657,666,-1,691,681,658,-1,691,658,667,-1,692,682,659,-1,692,659,668,-1,693,684,683,-1,693,683,660,-1,693,660,669,-1,694,685,661,-1,694,661,670,-1,695,686,662,-1,695,662,671,-1,696,687,663,-1,696,663,672,-1,697,664,673,-1,697,688,664,-1,698,689,2,-1,699,666,675,-1,699,690,666,-1,700,691,667,-1,700,667,676,-1,701,668,677,-1,701,692,668,-1,702,703,684,-1,702,684,693,-1,702,669,678,-1,702,693,669,-1,704,670,679,-1,704,694,670,-1,705,695,671,-1,705,671,680,-1,706,672,681,-1,706,696,672,-1,707,697,673,-1,707,673,682,-1,708,698,2,-1,709,675,685,-1,709,699,675,-1,710,700,676,-1,710,676,686,-1,711,701,677,-1,711,677,687,-1,712,703,702,-1,712,702,678,-1,712,678,688,-1,713,704,679,-1,713,679,689,-1,714,680,690,-1,714,705,680,-1,715,706,681,-1,715,681,691,-1,716,682,692,-1,716,707,682,-1,717,708,2,-1,717,2,1,-1,718,709,685,-1,718,685,694,-1,719,686,695,-1,719,710,686,-1,720,687,696,-1,720,711,687,-1,721,722,703,-1,721,712,688,-1,721,688,697,-1,721,703,712,-1,723,713,689,-1,723,689,698,-1,724,690,699,-1,724,714,690,-1,725,715,691,-1,725,691,700,-1,726,716,692,-1,726,692,701,-1,727,718,694,-1,727,694,704,-1,728,719,695,-1,728,695,705,-1,729,720,696,-1,729,696,706,-1,730,722,721,-1,730,721,697,-1,730,697,707,-1,731,698,708,-1,731,723,698,-1,732,699,709,-1,732,724,699,-1,733,725,700,-1,733,700,710,-1,734,726,701,-1,734,701,711,-1,735,704,713,-1,735,727,704,-1,736,728,705,-1,736,705,714,-1,737,706,715,-1,737,729,706,-1,738,739,722,-1,738,722,730,-1,738,730,707,-1,738,707,716,-1,740,708,717,-1,740,731,708,-1,741,709,718,-1,741,732,709,-1,742,733,710,-1,742,710,719,-1,743,711,720,-1,743,734,711,-1,744,713,723,-1,744,735,713,-1,745,736,714,-1,745,714,724,-1,746,715,725,-1,746,737,715,-1,747,738,716,-1,747,716,726,-1,747,739,738,-1,748,717,1,-1,748,740,717,-1,749,718,727,-1,749,741,718,-1,750,719,728,-1,750,742,719,-1,751,720,729,-1,751,743,720,-1,752,723,731,-1,752,744,723,-1,753,724,732,-1,753,745,724,-1,754,746,725,-1,754,725,733,-1,755,739,747,-1,755,756,739,-1,755,726,734,-1,755,747,726,-1,757,749,727,-1,757,727,735,-1,758,750,728,-1,758,728,736,-1,759,751,729,-1,759,729,737,-1,760,752,731,-1,760,731,740,-1,761,753,732,-1,761,732,741,-1,762,754,733,-1,762,733,742,-1,763,755,734,-1,763,756,755,-1,763,734,743,-1,764,735,744,-1,764,757,735,-1,765,758,736,-1,765,736,745,-1,766,737,746,-1,766,759,737,-1,767,748,1,-1,767,740,748,-1,767,760,740,-1,767,1,12,-1,768,761,741,-1,768,741,749,-1,769,762,742,-1,769,742,750,-1,770,756,763,-1,770,771,756,-1,770,763,743,-1,770,743,751,-1,772,744,752,-1,772,764,744,-1,773,745,753,-1,773,765,745,-1,774,746,754,-1,774,766,746,-1,775,749,757,-1,775,768,749,-1,776,769,750,-1,776,750,758,-1,777,770,751,-1,777,751,759,-1,777,771,770,-1,778,752,760,-1,778,772,752,-1,779,753,761,-1,779,773,753,-1,780,754,762,-1,780,774,754,-1,781,757,764,-1,781,775,757,-1,782,776,758,-1,782,758,765,-1,783,784,771,-1,783,771,777,-1,783,759,766,-1,783,777,759,-1,785,778,760,-1,785,760,767,-1,786,779,761,-1,786,761,768,-1,787,762,769,-1,787,780,762,-1,788,781,764,-1,788,764,772,-1,789,782,765,-1,789,765,773,-1,790,783,766,-1,790,766,774,-1,790,784,783,-1,791,785,767,-1,791,767,12,-1,792,786,768,-1,792,768,775,-1,793,769,776,-1,793,787,769,-1,794,788,772,-1,794,772,778,-1,795,789,773,-1,795,773,779,-1,796,790,774,-1,796,784,790,-1,796,797,784,-1,796,774,780,-1,798,792,775,-1,798,775,781,-1,799,793,776,-1,799,776,782,-1,800,794,778,-1,800,778,785,-1,801,779,786,-1,801,795,779,-1,802,780,787,-1,802,797,796,-1,802,796,780,-1,803,781,788,-1,803,798,781,-1,804,782,789,-1,804,799,782,-1,805,800,785,-1,805,785,791,-1,805,791,12,-1,805,12,34,-1,806,786,792,-1,806,801,786,-1,807,787,793,-1,807,797,802,-1,807,802,787,-1,807,808,797,-1,809,788,794,-1,809,803,788,-1,810,789,795,-1,810,804,789,-1,811,792,798,-1,811,806,792,-1,812,807,793,-1,812,808,807,-1,812,793,799,-1,813,794,800,-1,813,809,794,-1,814,810,795,-1,814,795,801,-1,815,798,803,-1,815,811,798,-1,816,817,808,-1,816,799,804,-1,816,812,799,-1,816,808,812,-1,818,800,805,-1,818,813,800,-1,819,801,806,-1,819,814,801,-1,820,815,803,-1,820,803,809,-1,821,816,804,-1,821,817,816,-1,821,804,810,-1,822,818,805,-1,822,805,34,-1,823,819,806,-1,823,806,811,-1,824,820,809,-1,824,809,813,-1,825,817,821,-1,825,821,810,-1,825,826,817,-1,825,810,814,-1,827,823,811,-1,827,811,815,-1,828,813,818,-1,828,824,813,-1,829,826,825,-1,829,825,814,-1,829,814,819,-1,830,827,815,-1,830,815,820,-1,831,822,34,-1,831,818,822,-1,831,828,818,-1,831,34,68,-1,832,819,823,-1,832,833,826,-1,832,829,819,-1,832,826,829,-1,834,820,824,-1,834,830,820,-1,835,832,823,-1,835,833,832,-1,835,823,827,-1,836,834,824,-1,836,824,828,-1,837,827,830,-1,837,838,833,-1,837,835,827,-1,837,833,835,-1,839,828,831,-1,839,836,828,-1,840,837,830,-1,840,830,834,-1,840,838,837,-1,841,839,831,-1,841,831,68,-1,842,834,836,-1,842,840,834,-1,842,843,838,-1,842,838,840,-1,844,843,842,-1,844,836,839,-1,844,842,836,-1,845,68,115,-1,845,115,843,-1,845,841,68,-1,845,843,844,-1,845,839,841,-1,845,844,839,-1]
coord Coordinate { point [0.911003 0.883179 1.57399,0.941935 0.885825 1.57078,0.885825 0.885825 1.5748,0.910758 0.881429 1.57399,0.91039 0.8797 1.57399,0.936231 0.8823 1.57154,0.909903 0.878002 1.57399,0.935863 0.878793 1.57154,0.909299 0.876341 1.57399,0.93525 0.875319 1.57154,0.90858 0.874727 1.57399,0.961312 0.883189 1.56749,0.978774 0.885825 1.56367,0.934397 0.871897 1.57154,0.90775 0.873166 1.57399,0.960944 0.87793 1.56749,0.933307 0.868543 1.57154,0.906814 0.871668 1.57399,0.96021 0.872709 1.56749,0.931986 0.865273 1.57154,0.905775 0.870238 1.57399,0.959114 0.867552 1.56749,0.93044 0.862103 1.57154,0.904639 0.868885 1.57399,0.957661 0.862484 1.56749,0.928676 0.859048 1.57154,0.985073 0.871877 1.56183,0.903412 0.867613 1.57399,0.955858 0.85753 1.56749,0.926704 0.856124 1.57154,0.983858 0.864987 1.56183,0.902099 0.866431 1.57399,0.953713 0.852714 1.56749,1.01025 0.88148 1.5546,1.02943 0.885825 1.54767,0.924533 0.853345 1.57154,0.982166 0.8582 1.56183,0.900706 0.865343 1.57399,0.951238 0.848059 1.56749,1.00964 0.872811 1.5546,0.922173 0.850724 1.57154,0.980004 0.851547 1.56183,0.899241 0.864355 1.57399,0.948444 0.843588 1.56749,1.00843 0.864206 1.5546,0.919636 0.848274 1.57154,0.977383 0.845061 1.56183,0.897711 0.863471 1.57399,0.945346 0.839322 1.56749,1.00663 0.855706 1.5546,0.916934 0.846007 1.57154,0.974317 0.838773 1.56183,0.896122 0.862697 1.57399,0.941957 0.835284 1.56749,1.00423 0.847353 1.5546,0.914081 0.843934 1.57154,0.970819 0.832715 1.56183,1.03264 0.865191 1.54582,0.894484 0.862035 1.57399,0.938294 0.831491 1.56749,1.00126 0.839187 1.5546,0.91109 0.842065 1.57154,0.966907 0.826915 1.56183,1.03084 0.855 1.54582,0.892803 0.861489 1.57399,0.934376 0.827964 1.56749,0.997724 0.831248 1.5546,1.05713 0.879843 1.53553,1.07748 0.885825 1.525,0.907976 0.840409 1.57154,0.9626 0.821403 1.56183,1.02834 0.844959 1.54582,0.891089 0.861061 1.57399,0.930222 0.824718 1.56749,0.993644 0.823576 1.5546,1.05629 0.867908 1.53553,0.904754 0.838975 1.57154,0.95792 0.816204 1.56183,1.02514 0.835117 1.54582,0.889348 0.860754 1.57399,0.925851 0.82177 1.56749,0.989039 0.816206 1.5546,1.05463 0.856061 1.53553,0.901439 0.837769 1.57154,0.952887 0.811345 1.56183,1.02127 0.825523 1.54582,0.887591 0.86057 1.57399,0.921285 0.819134 1.56749,0.983931 0.809176 1.5546,1.05214 0.844358 1.53553,0.898049 0.836796 1.57154,0.947529 0.806848 1.56183,1.01673 0.816222 1.54582,1.0792 0.872303 1.52377,0.885825 0.860508 1.57399,0.916547 0.816822 1.56749,0.978346 0.802519 1.5546,1.04884 0.832858 1.53553,0.894599 0.836063 1.57154,0.941869 0.802736 1.56183,1.01156 0.80726 1.54582,1.07778 0.858847 1.52377,0.884059 0.86057 1.57399,0.911659 0.814847 1.56749,0.972309 0.796268 1.5546,1.04475 0.821615 1.53553,0.891107 0.835572 1.57154,0.935937 0.799029 1.56183,1.00577 0.79868 1.54582,1.07543 0.845523 1.52377,0.882302 0.860754 1.57399,0.906645 0.813218 1.56749,0.965851 0.790453 1.5546,1.03988 0.810686 1.53553,1.10117 0.878305 1.5106,1.12204 0.885825 1.49606,0.887588 0.835326 1.57154,0.92976 0.795745 1.56183,0.999398 0.790526 1.54582,1.07216 0.832395 1.52377,0.880561 0.861061 1.57399,0.901529 0.811943 1.56749,0.959004 0.785103 1.5546,1.03427 0.800122 1.53553,1.10012 0.863301 1.5106,1.11964 0.852207 1.49606,0.884062 0.835326 1.57154,0.923369 0.7929 1.56183,0.992474 0.782836 1.54582,1.06798 0.819527 1.52377,0.878847 0.861489 1.57399,0.896337 0.811027 1.56749,0.951799 0.780244 1.5546,1.02793 0.789976 1.53553,1.09803 0.848408 1.5106,0.880543 0.835572 1.57154,0.916796 0.790507 1.56183,0.98503 0.775647 1.54582,1.06291 0.806982 1.52377,0.877166 0.862035 1.57399,0.891094 0.810476 1.56749,0.944274 0.775899 1.5546,1.02089 0.780297 1.53553,1.0949 0.833696 1.5106,1.11248 0.819274 1.49606,0.877051 0.836063 1.57154,0.910071 0.788579 1.56183,0.977102 0.768995 1.54582,1.05698 0.794821 1.52377,0.875528 0.862697 1.57399,0.885825 0.810292 1.56749,0.936463 0.77209 1.5546,1.0132 0.771132 1.53553,1.09076 0.819239 1.5106,0.873601 0.836796 1.57154,0.903229 0.787124 1.56183,0.96873 0.762913 1.54582,1.05021 0.783104 1.52377,0.873939 0.863471 1.57399,0.880556 0.810476 1.56749,0.928406 0.768834 1.5546,1.00489 0.762526 1.53553,1.08561 0.805106 1.5106,1.1007 0.787696 1.49606,0.870211 0.837769 1.57154,0.896301 0.786151 1.56183,0.959955 0.757429 1.54582,1.04265 0.771887 1.52377,0.872409 0.864355 1.57399,0.875313 0.811027 1.56749,0.920142 0.766149 1.5546,0.996002 0.754521 1.53553,1.07949 0.791366 1.5106,0.866896 0.838975 1.57154,0.889323 0.785663 1.56183,0.950818 0.752571 1.54582,1.03432 0.761225 1.52377,0.870944 0.865343 1.57399,0.870121 0.811943 1.56749,0.91171 0.764047 1.5546,0.986575 0.747155 1.53553,1.07243 0.778086 1.5106,1.08455 0.758115 1.49606,0.863674 0.840409 1.57154,0.882327 0.785663 1.56183,0.941364 0.748362 1.54582,1.02526 0.751171 1.52377,0.869551 0.866431 1.57399,0.865005 0.813218 1.56749,0.903152 0.762538 1.5546,0.976656 0.740465 1.53553,1.06446 0.765332 1.5106,0.86056 0.842065 1.57154,0.875349 0.786151 1.56183,0.93164 0.744822 1.54582,1.01553 0.741772 1.52377,0.868238 0.867613 1.57399,0.859991 0.814847 1.56749,0.89451 0.761629 1.5546,0.966295 0.734483 1.53553,1.05562 0.753164 1.5106,1.06435 0.731134 1.49606,0.857569 0.843934 1.57154,0.868421 0.787124 1.56183,0.921692 0.74197 1.54582,1.00517 0.733075 1.52377,0.867011 0.868885 1.57399,0.855103 0.816822 1.56749,0.885825 0.761326 1.5546,0.955542 0.729238 1.53553,1.04596 0.741643 1.5106,0.854716 0.846007 1.57154,0.861579 0.788579 1.56183,0.91157 0.739818 1.54582,0.99422 0.725122 1.52377,0.865875 0.870238 1.57399,0.850365 0.819134 1.56749,0.87714 0.761629 1.5546,0.944449 0.724756 1.53553,1.03551 0.730824 1.5106,1.04052 0.707302 1.49606,0.852014 0.848274 1.57154,0.854854 0.790507 1.56183,0.901322 0.738378 1.54582,0.982746 0.717952 1.52377,0.864836 0.871668 1.57399,0.845799 0.82177 1.56749,0.868498 0.762538 1.5546,0.933071 0.721059 1.53553,1.02433 0.72076 1.5106,0.849477 0.850724 1.57154,0.848281 0.7929 1.56183,0.890999 0.737656 1.54582,0.9708 0.7116 1.52377,0.8639 0.873166 1.57399,0.841428 0.824718 1.56749,0.85994 0.764047 1.5546,0.921462 0.718165 1.53553,1.01248 0.7115 1.5106,1.01354 0.687104 1.49606,0.847117 0.853345 1.57154,0.84189 0.795745 1.56183,0.880651 0.737656 1.54582,0.95844 0.706097 1.52377,0.86307 0.874727 1.57399,0.837274 0.827964 1.56749,0.851508 0.766149 1.5546,0.90968 0.716087 1.53553,1.00001 0.70309 1.5106,0.844946 0.856124 1.57154,0.835713 0.799029 1.56183,0.870328 0.738378 1.54582,0.945726 0.70147 1.52377,0.862351 0.876341 1.57399,0.833356 0.831491 1.56749,0.843244 0.768834 1.5546,0.897782 0.714837 1.53553,0.986985 0.69557 1.5106,0.983954 0.670952 1.49606,0.842974 0.859048 1.57154,0.829781 0.802736 1.56183,0.86008 0.739818 1.54582,0.93272 0.69774 1.52377,0.861747 0.878002 1.57399,0.829693 0.835284 1.56749,0.835187 0.77209 1.5546,0.885825 0.714419 1.53553,0.973468 0.688977 1.5106,0.84121 0.862103 1.57154,0.824121 0.806848 1.56183,0.849958 0.74197 1.54582,0.919485 0.694927 1.52377,0.86126 0.8797 1.57399,0.826304 0.839322 1.56749,0.827376 0.775899 1.5546,0.873868 0.714837 1.53553,0.959523 0.683343 1.5106,0.952376 0.659174 1.49606,0.839664 0.865273 1.57154,0.818763 0.811345 1.56183,0.84001 0.744822 1.54582,0.906087 0.693044 1.52377,0.860892 0.881429 1.57399,0.823206 0.843588 1.56749,0.819851 0.780244 1.5546,0.86197 0.716087 1.53553,0.945219 0.678695 1.5106,0.838343 0.868543 1.57154,0.81373 0.816204 1.56183,0.830286 0.748362 1.54582,0.89259 0.6921 1.52377,0.860647 0.883179 1.57399,0.820412 0.848059 1.56749,0.812646 0.785103 1.5546,0.850188 0.718165 1.53553,0.930625 0.675056 1.5106,0.919443 0.652009 1.49606,0.837253 0.871897 1.57154,0.80905 0.821403 1.56183,0.820832 0.752571 1.54582,0.87906 0.6921 1.52377,0.860523 0.884941 1.57399,0.817937 0.852714 1.56749,0.805799 0.790453 1.5546,0.838579 0.721059 1.53553,0.915814 0.672445 1.5106,0.8364 0.875319 1.57154,0.804743 0.826915 1.56183,0.811695 0.757429 1.54582,0.865563 0.693044 1.52377,0.860523 0.886709 1.57399,0.815792 0.85753 1.56749,0.799341 0.796268 1.5546,0.827201 0.724756 1.53553,0.900856 0.670873 1.5106,0.885825 0.649605 1.49606,0.835787 0.878793 1.57154,0.800831 0.832715 1.56183,0.80292 0.762913 1.54582,0.852165 0.694927 1.52377,0.860647 0.888471 1.57399,0.813989 0.862484 1.56749,0.793304 0.802519 1.5546,0.816108 0.729238 1.53553,0.885825 0.670348 1.5106,0.835419 0.8823 1.57154,0.797333 0.838773 1.56183,0.794548 0.768995 1.54582,0.83893 0.69774 1.52377,0.860892 0.890221 1.57399,0.812536 0.867552 1.56749,0.787719 0.809176 1.5546,0.805355 0.734483 1.53553,0.870794 0.670873 1.5106,0.850618 0.652243 1.49606,0.835295 0.885825 1.57154,0.794267 0.845061 1.56183,0.78662 0.775647 1.54582,0.825924 0.70147 1.52377,0.86126 0.89195 1.57399,0.81144 0.872709 1.56749,0.782611 0.816206 1.5546,0.794994 0.740465 1.53553,0.855836 0.672445 1.5106,0.835419 0.88935 1.57154,0.791646 0.851547 1.56183,0.779176 0.782836 1.54582,0.81321 0.706097 1.52377,0.861747 0.893648 1.57399,0.810706 0.87793 1.56749,0.778006 0.823576 1.5546,0.785075 0.747155 1.53553,0.841025 0.675056 1.5106,0.816198 0.6601 1.49606,0.835787 0.892857 1.57154,0.789484 0.8582 1.56183,0.772252 0.790526 1.54582,0.80085 0.7116 1.52377,0.862351 0.895309 1.57399,0.810338 0.883189 1.56749,0.773926 0.831248 1.5546,0.775648 0.754521 1.53553,0.826431 0.678695 1.5106,0.8364 0.896331 1.57154,0.787792 0.864987 1.56183,0.765881 0.79868 1.54582,0.788904 0.717952 1.52377,0.86307 0.896923 1.57399,0.810338 0.888461 1.56749,0.770392 0.839187 1.5546,0.766757 0.762526 1.53553,0.812127 0.683343 1.5106,0.783333 0.672998 1.49606,0.837253 0.899753 1.57154,0.786577 0.871877 1.56183,0.760094 0.80726 1.54582,0.77743 0.725122 1.52377,0.8639 0.898484 1.57399,0.810706 0.89372 1.56749,0.76742 0.847353 1.5546,0.758446 0.771132 1.53553,0.798182 0.688977 1.5106,0.838343 0.903107 1.57154,0.785846 0.878834 1.56183,0.75492 0.816222 1.54582,0.766483 0.733075 1.52377,0.864836 0.899982 1.57399,0.81144 0.898941 1.56749,0.765024 0.855706 1.5546,0.750755 0.780297 1.53553,0.784665 0.69557 1.5106,0.839664 0.906377 1.57154,0.785602 0.885825 1.56183,0.750384 0.825523 1.54582,0.756119 0.741772 1.52377,0.865875 0.901412 1.57399,0.812536 0.904098 1.56749,0.763218 0.864206 1.5546,0.743723 0.789976 1.53553,0.771639 0.70309 1.5106,0.752758 0.690651 1.49606,0.84121 0.909547 1.57154,0.785846 0.892816 1.56183,0.746507 0.835117 1.54582,0.746386 0.751171 1.52377,0.867011 0.902765 1.57399,0.813989 0.909166 1.56749,0.762008 0.872811 1.5546,0.737383 0.800122 1.53553,0.759171 0.7115 1.5106,0.842974 0.912602 1.57154,0.786577 0.899773 1.56183,0.743309 0.844959 1.54582,0.737333 0.761225 1.52377,0.868238 0.904037 1.57399,0.815792 0.91412 1.56749,0.761402 0.88148 1.5546,0.731767 0.810686 1.53553,0.747319 0.72076 1.5106,0.725155 0.712663 1.49606,0.844946 0.915526 1.57154,0.787792 0.906663 1.56183,0.740806 0.855 1.54582,0.729003 0.771887 1.52377,0.869551 0.905219 1.57399,0.817937 0.918936 1.56749,0.761402 0.89017 1.5546,0.7269 0.821615 1.53553,0.736142 0.730824 1.5106,0.847117 0.918305 1.57154,0.789484 0.91345 1.56183,0.739009 0.865191 1.54582,0.721437 0.783104 1.52377,0.870944 0.906307 1.57399,0.820412 0.923591 1.56749,0.762008 0.898839 1.5546,0.722808 0.832858 1.53553,0.725694 0.741643 1.5106,0.701141 0.738544 1.49606,0.849477 0.920926 1.57154,0.791646 0.920103 1.56183,0.737927 0.875483 1.54582,0.714672 0.794821 1.52377,0.872409 0.907295 1.57399,0.823206 0.928062 1.56749,0.763218 0.907444 1.5546,0.719511 0.844358 1.53553,0.716027 0.753164 1.5106,0.852014 0.923376 1.57154,0.794267 0.926589 1.56183,0.737566 0.885825 1.54582,0.708741 0.806982 1.52377,0.873939 0.908179 1.57399,0.826304 0.932328 1.56749,0.765024 0.915944 1.5546,0.717023 0.856061 1.53553,0.707186 0.765332 1.5106,0.681252 0.767715 1.49606,0.854716 0.925643 1.57154,0.797333 0.932877 1.56183,0.737927 0.896167 1.54582,0.703672 0.819527 1.52377,0.875528 0.908953 1.57399,0.829693 0.936366 1.56749,0.76742 0.924297 1.5546,0.715358 0.867908 1.53553,0.699216 0.778086 1.5106,0.857569 0.927716 1.57154,0.800831 0.938935 1.56183,0.739009 0.906459 1.54582,0.699491 0.832395 1.52377,0.877166 0.909615 1.57399,0.833356 0.940159 1.56749,0.770392 0.932463 1.5546,0.714524 0.879843 1.53553,0.692155 0.791366 1.5106,0.665934 0.799524 1.49606,0.86056 0.929585 1.57154,0.804743 0.944735 1.56183,0.740806 0.91665 1.54582,0.696218 0.845523 1.52377,0.878847 0.910161 1.57399,0.837274 0.943686 1.56749,0.773926 0.940402 1.5546,0.714524 0.891807 1.53553,0.686038 0.805106 1.5106,0.863674 0.931241 1.57154,0.80905 0.950247 1.56183,0.743309 0.926691 1.54582,0.693869 0.858847 1.52377,0.880561 0.910589 1.57399,0.841428 0.946932 1.56749,0.778006 0.948074 1.5546,0.715358 0.903742 1.53553,0.680894 0.819239 1.5106,0.655528 0.833261 1.49606,0.866896 0.932675 1.57154,0.81373 0.955446 1.56183,0.746507 0.936533 1.54582,0.692454 0.872303 1.52377,0.882302 0.910896 1.57399,0.845799 0.94988 1.56749,0.782611 0.955444 1.5546,0.717023 0.915589 1.53553,0.676748 0.833696 1.5106,0.870211 0.933881 1.57154,0.818763 0.960305 1.56183,0.750384 0.946127 1.54582,0.691982 0.885825 1.52377,0.884059 0.91108 1.57399,0.850365 0.952516 1.56749,0.787719 0.962474 1.5546,0.719511 0.927292 1.53553,0.673621 0.848408 1.5106,0.650266 0.868172 1.49606,0.873601 0.934854 1.57154,0.824121 0.964802 1.56183,0.75492 0.955428 1.54582,0.692454 0.899347 1.52377,0.885825 0.911142 1.57399,0.855103 0.954828 1.56749,0.793304 0.969131 1.5546,0.722808 0.938792 1.53553,0.671528 0.863301 1.5106,0.877051 0.935587 1.57154,0.829781 0.968914 1.56183,0.760094 0.96439 1.54582,0.693869 0.912803 1.52377,0.887591 0.91108 1.57399,0.859991 0.956803 1.56749,0.799341 0.975382 1.5546,0.7269 0.950035 1.53553,0.670479 0.878305 1.5106,0.880543 0.936078 1.57154,0.835713 0.972621 1.56183,0.765881 0.97297 1.54582,0.696218 0.926127 1.52377,0.889348 0.910896 1.57399,0.865005 0.958432 1.56749,0.805799 0.981197 1.5546,0.731767 0.960964 1.53553,0.670479 0.893345 1.5106,0.650266 0.903478 1.49606,0.884062 0.936324 1.57154,0.84189 0.975905 1.56183,0.772252 0.981124 1.54582,0.699491 0.939255 1.52377,0.891089 0.910589 1.57399,0.870121 0.959707 1.56749,0.812646 0.986547 1.5546,0.737383 0.971528 1.53553,0.671528 0.908349 1.5106,0.887588 0.936324 1.57154,0.848281 0.97875 1.56183,0.779176 0.988814 1.54582,0.703672 0.952123 1.52377,0.892803 0.910161 1.57399,0.875313 0.960623 1.56749,0.819851 0.991406 1.5546,0.743723 0.981674 1.53553,0.673621 0.923242 1.5106,0.655528 0.938389 1.49606,0.891107 0.936078 1.57154,0.854854 0.981143 1.56183,0.78662 0.996003 1.54582,0.708741 0.964668 1.52377,0.894484 0.909615 1.57399,0.880556 0.961174 1.56749,0.827376 0.995751 1.5546,0.750755 0.991353 1.53553,0.676748 0.937954 1.5106,0.894599 0.935587 1.57154,0.861579 0.983071 1.56183,0.794548 1.00265 1.54582,0.714672 0.976829 1.52377,0.896122 0.908953 1.57399,0.885825 0.961358 1.56749,0.835187 0.99956 1.5546,0.758446 1.00052 1.53553,0.680894 0.952411 1.5106,0.665934 0.972126 1.49606,0.898049 0.934854 1.57154,0.868421 0.984526 1.56183,0.80292 1.00874 1.54582,0.721437 0.988546 1.52377,0.897711 0.908179 1.57399,0.891094 0.961174 1.56749,0.843244 1.00282 1.5546,0.766757 1.00912 1.53553,0.686038 0.966544 1.5106,0.901439 0.933881 1.57154,0.875349 0.985499 1.56183,0.811695 1.01422 1.54582,0.729003 0.999763 1.52377,0.899241 0.907295 1.57399,0.896337 0.960623 1.56749,0.851508 1.0055 1.5546,0.775648 1.01713 1.53553,0.692155 0.980284 1.5106,0.681252 1.00394 1.49606,0.904754 0.932675 1.57154,0.882327 0.985987 1.56183,0.820832 1.01908 1.54582,0.737333 1.01042 1.52377,0.900706 0.906307 1.57399,0.901529 0.959707 1.56749,0.85994 1.0076 1.5546,0.785075 1.0245 1.53553,0.699216 0.993564 1.5106,0.907976 0.931241 1.57154,0.889323 0.985987 1.56183,0.830286 1.02329 1.54582,0.746386 1.02048 1.52377,0.902099 0.905219 1.57399,0.906645 0.958432 1.56749,0.868498 1.00911 1.5546,0.794994 1.03119 1.53553,0.707186 1.00632 1.5106,0.701141 1.03311 1.49606,0.91109 0.929585 1.57154,0.896301 0.985499 1.56183,0.84001 1.02683 1.54582,0.756119 1.02988 1.52377,0.903412 0.904037 1.57399,0.911659 0.956803 1.56749,0.87714 1.01002 1.5546,0.805355 1.03717 1.53553,0.716027 1.01849 1.5106,0.914081 0.927716 1.57154,0.903229 0.984526 1.56183,0.849958 1.02968 1.54582,0.766483 1.03858 1.52377,0.904639 0.902765 1.57399,0.916547 0.954828 1.56749,0.885825 1.01032 1.5546,0.816108 1.04241 1.53553,0.725694 1.03001 1.5106,0.725155 1.05899 1.49606,0.916934 0.925643 1.57154,0.910071 0.983071 1.56183,0.86008 1.03183 1.54582,0.77743 1.04653 1.52377,0.905775 0.901412 1.57399,0.921285 0.952516 1.56749,0.89451 1.01002 1.5546,0.827201 1.04689 1.53553,0.736142 1.04083 1.5106,0.919636 0.923376 1.57154,0.916796 0.981143 1.56183,0.870328 1.03327 1.54582,0.788904 1.0537 1.52377,0.906814 0.899982 1.57399,0.925851 0.94988 1.56749,0.903152 1.00911 1.5546,0.838579 1.05059 1.53553,0.747319 1.05089 1.5106,0.752758 1.081 1.49606,0.922173 0.920926 1.57154,0.923369 0.97875 1.56183,0.880651 1.03399 1.54582,0.80085 1.06005 1.52377,0.90775 0.898484 1.57399,0.930222 0.946932 1.56749,0.91171 1.0076 1.5546,0.850188 1.05349 1.53553,0.759171 1.06015 1.5106,0.924533 0.918305 1.57154,0.92976 0.975905 1.56183,0.890999 1.03399 1.54582,0.81321 1.06555 1.52377,0.90858 0.896923 1.57399,0.934376 0.943686 1.56749,0.920142 1.0055 1.5546,0.86197 1.05556 1.53553,0.771639 1.06856 1.5106,0.926704 0.915526 1.57154,0.935937 0.972621 1.56183,0.901322 1.03327 1.54582,0.825924 1.07018 1.52377,0.909299 0.895309 1.57399,0.938294 0.940159 1.56749,0.928406 1.00282 1.5546,0.873868 1.05681 1.53553,0.784665 1.07608 1.5106,0.783333 1.09865 1.49606,0.928676 0.912602 1.57154,0.941869 0.968914 1.56183,0.91157 1.03183 1.54582,0.83893 1.07391 1.52377,0.909903 0.893648 1.57399,0.941957 0.936366 1.56749,0.936463 0.99956 1.5546,0.885825 1.05723 1.53553,0.798182 1.08267 1.5106,0.93044 0.909547 1.57154,0.947529 0.964802 1.56183,0.921692 1.02968 1.54582,0.852165 1.07672 1.52377,0.91039 0.89195 1.57399,0.945346 0.932328 1.56749,0.944274 0.995751 1.5546,0.897782 1.05681 1.53553,0.812127 1.08831 1.5106,0.816198 1.11155 1.49606,0.931986 0.906377 1.57154,0.952887 0.960305 1.56183,0.93164 1.02683 1.54582,0.865563 1.07861 1.52377,0.910758 0.890221 1.57399,0.948444 0.928062 1.56749,0.951799 0.991406 1.5546,0.90968 1.05556 1.53553,0.826431 1.09296 1.5106,0.933307 0.903107 1.57154,0.95792 0.955446 1.56183,0.941364 1.02329 1.54582,0.87906 1.07955 1.52377,0.911003 0.888471 1.57399,0.951238 0.923591 1.56749,0.959004 0.986547 1.5546,0.921462 1.05349 1.53553,0.841025 1.09659 1.5106,0.850618 1.11941 1.49606,0.934397 0.899753 1.57154,0.9626 0.950247 1.56183,0.950818 1.01908 1.54582,0.89259 1.07955 1.52377,0.953713 0.918936 1.56749,0.965851 0.981197 1.5546,0.933071 1.05059 1.53553,0.855836 1.09921 1.5106,0.93525 0.896331 1.57154,0.966907 0.944735 1.56183,0.959955 1.01422 1.54582,0.906087 1.07861 1.52377,0.955858 0.91412 1.56749,0.972309 0.975382 1.5546,0.944449 1.04689 1.53553,0.870794 1.10078 1.5106,0.885825 1.12205 1.49606,0.935863 0.892857 1.57154,0.970819 0.938935 1.56183,0.96873 1.00874 1.54582,0.919485 1.07672 1.52377,0.957661 0.909166 1.56749,0.978346 0.969131 1.5546,0.955542 1.04241 1.53553,0.885825 1.1013 1.5106,0.936231 0.88935 1.57154,0.974317 0.932877 1.56183,0.977102 1.00265 1.54582,0.93272 1.07391 1.52377,0.959114 0.904098 1.56749,0.983931 0.962474 1.5546,0.966295 1.03717 1.53553,0.900856 1.10078 1.5106,0.919443 1.11964 1.49606,0.977383 0.926589 1.56183,0.98503 0.996003 1.54582,0.945726 1.07018 1.52377,0.96021 0.898941 1.56749,0.989039 0.955444 1.5546,0.976656 1.03119 1.53553,0.915814 1.09921 1.5106,0.980004 0.920103 1.56183,0.992474 0.988814 1.54582,0.95844 1.06555 1.52377,0.960944 0.89372 1.56749,0.993644 0.948074 1.5546,0.986575 1.0245 1.53553,0.930625 1.09659 1.5106,0.952376 1.11248 1.49606,0.982166 0.91345 1.56183,0.999398 0.981124 1.54582,0.9708 1.06005 1.52377,0.997724 0.940402 1.5546,0.996002 1.01713 1.53553,0.945219 1.09296 1.5106,0.983858 0.906663 1.56183,1.00577 0.97297 1.54582,0.982746 1.0537 1.52377,1.00126 0.932463 1.5546,1.00489 1.00912 1.53553,0.959523 1.08831 1.5106,0.983954 1.1007 1.49606,0.985073 0.899773 1.56183,1.01156 0.96439 1.54582,0.99422 1.04653 1.52377,1.00423 0.924297 1.5546,1.0132 1.00052 1.53553,0.973468 1.08267 1.5106,0.985804 0.892816 1.56183,1.01673 0.955428 1.54582,1.00517 1.03858 1.52377,1.00663 0.915944 1.5546,1.02089 0.991353 1.53553,0.986985 1.07608 1.5106,1.01354 1.08455 1.49606,1.02127 0.946127 1.54582,1.01553 1.02988 1.52377,1.00843 0.907444 1.5546,1.02793 0.981674 1.53553,1.00001 1.06856 1.5106,1.02514 0.936533 1.54582,1.02526 1.02048 1.52377,1.00964 0.898839 1.5546,1.03427 0.971528 1.53553,1.01248 1.06015 1.5106,1.04052 1.06435 1.49606,1.02834 0.926691 1.54582,1.03432 1.01042 1.52377,1.03988 0.960964 1.53553,1.02433 1.05089 1.5106,1.03084 0.91665 1.54582,1.04265 0.999763 1.52377,1.04475 0.950035 1.53553,1.03551 1.04083 1.5106,1.06435 1.04052 1.49606,1.03264 0.906459 1.54582,1.05021 0.988546 1.52377,1.04884 0.938792 1.53553,1.04596 1.03001 1.5106,1.03372 0.896167 1.54582,1.05698 0.976829 1.52377,1.05214 0.927292 1.53553,1.05562 1.01849 1.5106,1.08455 1.01354 1.49606,1.06291 0.964668 1.52377,1.05463 0.915589 1.53553,1.06446 1.00632 1.5106,1.06798 0.952123 1.52377,1.05629 0.903742 1.53553,1.07243 0.993564 1.5106,1.1007 0.983954 1.49606,1.07216 0.939255 1.52377,1.07949 0.980284 1.5106,1.07543 0.926127 1.52377,1.08561 0.966544 1.5106,1.11248 0.952376 1.49606,1.07778 0.912803 1.52377,1.09076 0.952411 1.5106,1.0792 0.899347 1.52377,1.0949 0.937954 1.5106,1.11964 0.919443 1.49606,1.09803 0.923242 1.5106,1.10012 0.908349 1.5106]
}}
appearance Appearance{material USE IC-BODY-EPOXY-04 }}
Shape { geometry IndexedFaceSet 
{ creaseAngle 1.00 coordIndex [0,1,2,-1,0,2,3,-1,4,3,5,-1,4,0,3,-1,6,5,7,-1,6,4,5,-1,8,7,9,-1,8,6,7,-1,10,9,11,-1,10,8,9,-1,12,11,13,-1,12,10,11,-1,14,13,15,-1,14,12,13,-1,16,15,17,-1,16,14,15,-1,18,19,20,-1,18,17,19,-1,18,16,17,-1,21,18,20,-1,22,23,24,-1,22,20,23,-1,22,21,20,-1,25,22,24,-1,26,24,27,-1,26,25,24,-1,28,26,27,-1,28,27,29,-1,30,29,31,-1,30,28,29,-1,32,31,33,-1,32,30,31,-1,34,35,36,-1,34,33,35,-1,34,32,33,-1,37,34,36,-1,38,36,39,-1,38,37,36,-1,40,39,41,-1,40,38,39,-1,42,41,43,-1,42,40,41,-1]
coord Coordinate { point [0.850618 0.652243 1.29921,0.885825 0.649605 1.29921,0.885825 0.649605 1.49606,0.850618 0.652243 1.49606,0.816198 0.6601 1.29921,0.816198 0.6601 1.49606,0.783333 0.672998 1.29921,0.783333 0.672998 1.49606,0.752758 0.690651 1.29921,0.752758 0.690651 1.49606,0.725155 0.712663 1.29921,0.725155 0.712663 1.49606,0.701141 0.738544 1.29921,0.701141 0.738544 1.49606,0.681252 0.767715 1.29921,0.681252 0.767715 1.49606,0.665934 0.799524 1.29921,0.665934 0.799524 1.49606,0.655528 0.833261 1.29921,0.655528 0.833261 1.49606,0.650266 0.868172 1.49606,0.650266 0.868172 1.29921,0.650266 0.903478 1.29921,0.650266 0.903478 1.49606,0.655528 0.938389 1.49606,0.655528 0.938389 1.29921,0.665934 0.972126 1.29921,0.665934 0.972126 1.49606,0.681252 1.00394 1.29921,0.681252 1.00394 1.49606,0.701141 1.03311 1.29921,0.701141 1.03311 1.49606,0.725155 1.05899 1.29921,0.725155 1.05899 1.49606,0.752758 1.081 1.29921,0.752758 1.081 1.49606,0.783333 1.09865 1.49606,0.783333 1.09865 1.29921,0.816198 1.11155 1.29921,0.816198 1.11155 1.49606,0.850618 1.11941 1.29921,0.850618 1.11941 1.49606,0.885825 1.12205 1.29921,0.885825 1.12205 1.49606]
}}
appearance Appearance{material USE IC-BODY-EPOXY-04 }}
Shape { geometry IndexedFaceSet 
{ creaseAngle 1.00 coordIndex [0,1,2,-1,3,0,2,-1,4,3,2,-1,5,1,0,-1,6,4,2,-1,7,5,0,-1,7,0,3,-1,8,6,2,-1,9,7,3,-1,9,3,4,-1,10,8,2,-1,11,12,1,-1,13,4,6,-1,13,9,4,-1,14,10,2,-1,15,5,7,-1,15,11,1,-1,15,12,11,-1,15,1,5,-1,16,6,8,-1,16,13,6,-1,17,14,2,-1,18,15,7,-1,18,7,9,-1,19,8,10,-1,19,16,8,-1,20,17,2,-1,21,18,9,-1,21,9,13,-1,22,19,10,-1,22,10,14,-1,23,20,2,-1,24,13,16,-1,24,21,13,-1,25,22,14,-1,25,14,17,-1,26,12,15,-1,26,15,18,-1,27,23,2,-1,28,16,19,-1,28,24,16,-1,29,25,17,-1,29,17,20,-1,30,18,21,-1,30,26,18,-1,31,27,2,-1,32,19,22,-1,32,28,19,-1,33,34,12,-1,33,12,26,-1,35,20,23,-1,35,29,20,-1,36,30,21,-1,36,21,24,-1,37,31,2,-1,38,22,25,-1,38,32,22,-1,39,34,33,-1,39,33,26,-1,40,23,27,-1,40,35,23,-1,41,36,24,-1,41,24,28,-1,42,37,2,-1,43,38,25,-1,43,25,29,-1,44,39,26,-1,44,26,30,-1,45,40,27,-1,45,27,31,-1,46,41,28,-1,46,28,32,-1,47,42,2,-1,48,43,29,-1,48,29,35,-1,49,44,30,-1,49,30,36,-1,50,31,37,-1,50,45,31,-1,51,32,38,-1,51,46,32,-1,52,47,2,-1,53,35,40,-1,53,48,35,-1,54,36,41,-1,54,49,36,-1,55,50,37,-1,55,37,42,-1,56,38,43,-1,56,51,38,-1,57,39,44,-1,57,34,39,-1,58,52,2,-1,59,40,45,-1,59,53,40,-1,60,54,41,-1,60,41,46,-1,61,42,47,-1,61,55,42,-1,62,56,43,-1,62,43,48,-1,63,57,44,-1,63,44,49,-1,64,58,2,-1,65,45,50,-1,65,59,45,-1,66,60,46,-1,66,46,51,-1,67,68,34,-1,67,34,57,-1,69,47,52,-1,69,61,47,-1,70,48,53,-1,70,62,48,-1,71,63,49,-1,71,49,54,-1,72,64,2,-1,73,50,55,-1,73,65,50,-1,74,66,51,-1,74,51,56,-1,75,67,57,-1,76,52,58,-1,76,69,52,-1,77,53,59,-1,77,70,53,-1,78,54,60,-1,78,71,54,-1,79,72,2,-1,80,73,55,-1,80,55,61,-1,81,74,56,-1,81,56,62,-1,82,75,57,-1,82,57,63,-1,83,76,58,-1,83,58,64,-1,84,77,59,-1,84,59,65,-1,85,78,60,-1,85,60,66,-1,86,79,2,-1,87,80,61,-1,87,61,69,-1,88,81,62,-1,88,62,70,-1,89,82,63,-1,89,63,71,-1,90,64,72,-1,90,83,64,-1,91,65,73,-1,91,84,65,-1,92,85,66,-1,92,66,74,-1,93,67,75,-1,93,68,67,-1,94,86,2,-1,95,87,69,-1,95,69,76,-1,96,70,77,-1,96,88,70,-1,97,89,71,-1,97,71,78,-1,98,90,72,-1,98,72,79,-1,99,73,80,-1,99,91,73,-1,100,74,81,-1,100,92,74,-1,101,75,82,-1,101,93,75,-1,102,94,2,-1,103,76,83,-1,103,95,76,-1,104,96,77,-1,104,77,84,-1,105,78,85,-1,105,97,78,-1,106,79,86,-1,106,98,79,-1,107,80,87,-1,107,99,80,-1,108,100,81,-1,108,81,88,-1,109,82,89,-1,109,101,82,-1,110,102,2,-1,111,83,90,-1,111,103,83,-1,112,84,91,-1,112,104,84,-1,113,105,85,-1,113,85,92,-1,114,115,68,-1,114,68,93,-1,116,106,86,-1,116,86,94,-1,117,87,95,-1,117,107,87,-1,118,108,88,-1,118,88,96,-1,119,109,89,-1,119,89,97,-1,120,110,2,-1,121,111,90,-1,121,90,98,-1,122,112,91,-1,122,91,99,-1,123,113,92,-1,123,92,100,-1,124,115,114,-1,124,114,93,-1,124,125,115,-1,124,93,101,-1,126,116,94,-1,126,94,102,-1,127,117,95,-1,127,95,103,-1,128,96,104,-1,128,118,96,-1,129,119,97,-1,129,97,105,-1,130,120,2,-1,131,98,106,-1,131,121,98,-1,132,99,107,-1,132,122,99,-1,133,123,100,-1,133,100,108,-1,134,101,109,-1,134,124,101,-1,134,125,124,-1,135,102,110,-1,135,126,102,-1,136,127,103,-1,136,103,111,-1,137,104,112,-1,137,128,104,-1,138,105,113,-1,138,129,105,-1,139,130,2,-1,140,106,116,-1,140,131,106,-1,141,132,107,-1,141,107,117,-1,142,133,108,-1,142,108,118,-1,143,144,125,-1,143,134,109,-1,143,109,119,-1,143,125,134,-1,145,135,110,-1,145,110,120,-1,146,111,121,-1,146,136,111,-1,147,112,122,-1,147,137,112,-1,148,138,113,-1,148,113,123,-1,149,139,2,-1,150,140,116,-1,150,116,126,-1,151,141,117,-1,151,117,127,-1,152,142,118,-1,152,118,128,-1,153,119,129,-1,153,144,143,-1,153,143,119,-1,154,145,120,-1,154,120,130,-1,155,121,131,-1,155,146,121,-1,156,147,122,-1,156,122,132,-1,157,148,123,-1,157,123,133,-1,158,149,2,-1,159,150,126,-1,159,126,135,-1,160,151,127,-1,160,127,136,-1,161,152,128,-1,161,128,137,-1,162,163,144,-1,162,153,129,-1,162,144,153,-1,162,129,138,-1,164,154,130,-1,164,130,139,-1,165,131,140,-1,165,155,131,-1,166,156,132,-1,166,132,141,-1,167,157,133,-1,167,133,142,-1,168,158,2,-1,169,135,145,-1,169,159,135,-1,170,160,136,-1,170,136,146,-1,171,161,137,-1,171,137,147,-1,172,163,162,-1,172,138,148,-1,172,162,138,-1,173,139,149,-1,173,164,139,-1,174,140,150,-1,174,165,140,-1,175,166,141,-1,175,141,151,-1,176,142,152,-1,176,167,142,-1,177,168,2,-1,178,169,145,-1,178,145,154,-1,179,170,146,-1,179,146,155,-1,180,171,147,-1,180,147,156,-1,181,163,172,-1,181,182,163,-1,181,172,148,-1,181,148,157,-1,183,173,149,-1,183,149,158,-1,184,150,159,-1,184,174,150,-1,185,151,160,-1,185,175,151,-1,186,152,161,-1,186,176,152,-1,187,177,2,-1,188,178,154,-1,188,154,164,-1,189,155,165,-1,189,179,155,-1,190,180,156,-1,190,156,166,-1,191,182,181,-1,191,181,157,-1,191,157,167,-1,192,183,158,-1,192,158,168,-1,193,184,159,-1,193,159,169,-1,194,185,160,-1,194,160,170,-1,195,161,171,-1,195,186,161,-1,196,187,2,-1,197,188,164,-1,197,164,173,-1,198,189,165,-1,198,165,174,-1,199,190,166,-1,199,166,175,-1,200,167,176,-1,200,201,182,-1,200,191,167,-1,200,182,191,-1,202,168,177,-1,202,192,168,-1,203,193,169,-1,203,169,178,-1,204,170,179,-1,204,194,170,-1,205,195,171,-1,205,171,180,-1,206,196,2,-1,207,197,173,-1,207,173,183,-1,208,198,174,-1,208,174,184,-1,209,199,175,-1,209,175,185,-1,210,201,200,-1,210,200,176,-1,210,176,186,-1,211,177,187,-1,211,202,177,-1,212,178,188,-1,212,203,178,-1,213,179,189,-1,213,204,179,-1,214,180,190,-1,214,205,180,-1,215,206,2,-1,216,183,192,-1,216,207,183,-1,217,208,184,-1,217,184,193,-1,218,185,194,-1,218,209,185,-1,219,220,201,-1,219,186,195,-1,219,201,210,-1,219,210,186,-1,221,211,187,-1,221,187,196,-1,222,188,197,-1,222,212,188,-1,223,213,189,-1,223,189,198,-1,224,214,190,-1,224,190,199,-1,225,215,2,-1,226,216,192,-1,226,192,202,-1,227,217,193,-1,227,193,203,-1,228,218,194,-1,228,194,204,-1,229,219,195,-1,229,195,205,-1,229,220,219,-1,230,221,196,-1,230,196,206,-1,231,222,197,-1,231,197,207,-1,232,223,198,-1,232,198,208,-1,233,199,209,-1,233,224,199,-1,234,225,2,-1,235,202,211,-1,235,226,202,-1,236,203,212,-1,236,227,203,-1,237,204,213,-1,237,228,204,-1,238,205,214,-1,238,239,220,-1,238,229,205,-1,238,220,229,-1,240,206,215,-1,240,230,206,-1,241,231,207,-1,241,207,216,-1,242,208,217,-1,242,232,208,-1,243,209,218,-1,243,233,209,-1,244,234,2,-1,245,235,211,-1,245,211,221,-1,246,212,222,-1,246,236,212,-1,247,237,213,-1,247,213,223,-1,248,214,224,-1,248,239,238,-1,248,238,214,-1,249,215,225,-1,249,240,215,-1,250,241,216,-1,250,216,226,-1,251,242,217,-1,251,217,227,-1,252,243,218,-1,252,218,228,-1,253,244,2,-1,254,221,230,-1,254,245,221,-1,255,246,222,-1,255,222,231,-1,256,247,223,-1,256,223,232,-1,257,258,239,-1,257,248,224,-1,257,239,248,-1,257,224,233,-1,259,249,225,-1,259,225,234,-1,260,250,226,-1,260,226,235,-1,261,251,227,-1,261,227,236,-1,262,252,228,-1,262,228,237,-1,263,253,2,-1,264,254,230,-1,264,230,240,-1,265,231,241,-1,265,255,231,-1,266,256,232,-1,266,232,242,-1,267,258,257,-1,267,257,233,-1,267,233,243,-1,268,259,234,-1,268,234,244,-1,269,260,235,-1,269,235,245,-1,270,261,236,-1,270,236,246,-1,271,237,247,-1,271,262,237,-1,272,263,2,-1,273,240,249,-1,273,264,240,-1,274,241,250,-1,274,265,241,-1,275,242,251,-1,275,266,242,-1,276,277,258,-1,276,267,243,-1,276,258,267,-1,276,243,252,-1,278,268,244,-1,278,244,253,-1,279,245,254,-1,279,269,245,-1,280,246,255,-1,280,270,246,-1,281,271,247,-1,281,247,256,-1,282,272,2,-1,283,273,249,-1,283,249,259,-1,284,250,260,-1,284,274,250,-1,285,275,251,-1,285,251,261,-1,286,277,276,-1,286,252,262,-1,286,276,252,-1,287,278,253,-1,287,253,263,-1,288,254,264,-1,288,279,254,-1,289,255,265,-1,289,280,255,-1,290,256,266,-1,290,281,256,-1,291,282,2,-1,292,259,268,-1,292,283,259,-1,293,284,260,-1,293,260,269,-1,294,285,261,-1,294,261,270,-1,295,296,277,-1,295,262,271,-1,295,286,262,-1,295,277,286,-1,297,287,263,-1,297,263,272,-1,298,264,273,-1,298,288,264,-1,299,289,265,-1,299,265,274,-1,300,290,266,-1,300,266,275,-1,301,291,2,-1,302,292,268,-1,302,268,278,-1,303,293,269,-1,303,269,279,-1,304,294,270,-1,304,270,280,-1,305,296,295,-1,305,295,271,-1,305,271,281,-1,306,297,272,-1,306,272,282,-1,307,273,283,-1,307,298,273,-1,308,299,274,-1,308,274,284,-1,309,300,275,-1,309,275,285,-1,310,301,2,-1,311,278,287,-1,311,302,278,-1,312,303,279,-1,312,279,288,-1,313,304,280,-1,313,280,289,-1,314,315,296,-1,314,305,281,-1,314,281,290,-1,314,296,305,-1,316,282,291,-1,316,306,282,-1,317,283,292,-1,317,307,283,-1,318,308,284,-1,318,284,293,-1,319,285,294,-1,319,309,285,-1,320,310,2,-1,321,311,287,-1,321,287,297,-1,322,312,288,-1,322,288,298,-1,323,313,289,-1,323,289,299,-1,324,314,290,-1,324,290,300,-1,324,315,314,-1,325,316,291,-1,325,291,301,-1,326,292,302,-1,326,317,292,-1,327,318,293,-1,327,293,303,-1,328,294,304,-1,328,319,294,-1,329,320,2,-1,330,297,306,-1,330,321,297,-1,331,322,298,-1,331,298,307,-1,332,323,299,-1,332,299,308,-1,333,315,324,-1,333,324,300,-1,333,334,315,-1,333,300,309,-1,335,325,301,-1,335,301,310,-1,336,326,302,-1,336,302,311,-1,337,303,312,-1,337,327,303,-1,338,328,304,-1,338,304,313,-1,339,329,2,-1,340,330,306,-1,340,306,316,-1,341,331,307,-1,341,307,317,-1,342,332,308,-1,342,308,318,-1,343,309,319,-1,343,333,309,-1,343,334,333,-1,344,310,320,-1,344,335,310,-1,345,311,321,-1,345,336,311,-1,346,312,322,-1,346,337,312,-1,347,313,323,-1,347,338,313,-1,348,339,2,-1,349,316,325,-1,349,340,316,-1,350,341,317,-1,350,317,326,-1,351,318,327,-1,351,342,318,-1,352,319,328,-1,352,353,334,-1,352,343,319,-1,352,334,343,-1,354,320,329,-1,354,344,320,-1,355,321,330,-1,355,345,321,-1,356,346,322,-1,356,322,331,-1,357,347,323,-1,357,323,332,-1,358,348,2,-1,359,325,335,-1,359,349,325,-1,360,350,326,-1,360,326,336,-1,361,351,327,-1,361,327,337,-1,362,353,352,-1,362,328,338,-1,362,352,328,-1,363,329,339,-1,363,354,329,-1,364,330,340,-1,364,355,330,-1,365,356,331,-1,365,331,341,-1,366,357,332,-1,366,332,342,-1,367,358,2,-1,368,359,335,-1,368,335,344,-1,369,360,336,-1,369,336,345,-1,370,361,337,-1,370,337,346,-1,371,353,362,-1,371,372,353,-1,371,362,338,-1,371,338,347,-1,373,363,339,-1,373,339,348,-1,374,364,340,-1,374,340,349,-1,375,341,350,-1,375,365,341,-1,376,366,342,-1,376,342,351,-1,377,367,2,-1,378,344,354,-1,378,368,344,-1,379,345,355,-1,379,369,345,-1,380,346,356,-1,380,370,346,-1,381,372,371,-1,381,371,347,-1,381,347,357,-1,382,373,348,-1,382,348,358,-1,383,349,359,-1,383,374,349,-1,384,375,350,-1,384,350,360,-1,385,351,361,-1,385,376,351,-1,386,377,2,-1,387,378,354,-1,387,354,363,-1,388,355,364,-1,388,379,355,-1,389,356,365,-1,389,380,356,-1,390,357,366,-1,390,372,381,-1,390,381,357,-1,391,358,367,-1,391,382,358,-1,392,359,368,-1,392,383,359,-1,393,360,369,-1,393,384,360,-1,394,385,361,-1,394,361,370,-1,395,386,2,-1,396,363,373,-1,396,387,363,-1,397,364,374,-1,397,388,364,-1,398,365,375,-1,398,389,365,-1,399,366,376,-1,399,400,372,-1,399,372,390,-1,399,390,366,-1,401,391,367,-1,401,367,377,-1,402,392,368,-1,402,368,378,-1,403,369,379,-1,403,393,369,-1,404,394,370,-1,404,370,380,-1,405,395,2,-1,406,396,373,-1,406,373,382,-1,407,374,383,-1,407,397,374,-1,408,398,375,-1,408,375,384,-1,409,399,376,-1,409,400,399,-1,409,376,385,-1,410,401,377,-1,410,377,386,-1,411,402,378,-1,411,378,387,-1,412,379,388,-1,412,403,379,-1,413,380,389,-1,413,404,380,-1,414,405,2,-1,415,382,391,-1,415,406,382,-1,416,407,383,-1,416,383,392,-1,417,384,393,-1,417,408,384,-1,418,419,400,-1,418,385,394,-1,418,400,409,-1,418,409,385,-1,420,410,386,-1,420,386,395,-1,421,411,387,-1,421,387,396,-1,422,388,397,-1,422,412,388,-1,423,389,398,-1,423,413,389,-1,424,414,2,-1,425,391,401,-1,425,415,391,-1,426,416,392,-1,426,392,402,-1,427,393,403,-1,427,417,393,-1,428,394,404,-1,428,419,418,-1,428,418,394,-1,429,420,395,-1,429,395,405,-1,430,396,406,-1,430,421,396,-1,431,422,397,-1,431,397,407,-1,432,423,398,-1,432,398,408,-1,433,424,2,-1,434,425,401,-1,434,401,410,-1,435,426,402,-1,435,402,411,-1,436,427,403,-1,436,403,412,-1,437,438,419,-1,437,428,404,-1,437,404,413,-1,437,419,428,-1,439,429,405,-1,439,405,414,-1,440,430,406,-1,440,406,415,-1,441,431,407,-1,441,407,416,-1,442,432,408,-1,442,408,417,-1,443,433,2,-1,444,434,410,-1,444,410,420,-1,445,435,411,-1,445,411,421,-1,446,436,412,-1,446,412,422,-1,447,438,437,-1,447,437,413,-1,447,413,423,-1,448,439,414,-1,448,414,424,-1,449,415,425,-1,449,440,415,-1,450,441,416,-1,450,416,426,-1,451,442,417,-1,451,417,427,-1,452,443,2,-1,453,420,429,-1,453,444,420,-1,454,445,421,-1,454,421,430,-1,455,446,422,-1,455,422,431,-1,456,457,438,-1,456,438,447,-1,456,447,423,-1,456,423,432,-1,458,448,424,-1,458,424,433,-1,459,449,425,-1,459,425,434,-1,460,426,435,-1,460,450,426,-1,461,427,436,-1,461,451,427,-1,462,452,2,-1,463,453,429,-1,463,429,439,-1,464,430,440,-1,464,454,430,-1,465,455,431,-1,465,431,441,-1,466,457,456,-1,466,432,442,-1,466,456,432,-1,467,433,443,-1,467,458,433,-1,468,459,434,-1,468,434,444,-1,469,435,445,-1,469,460,435,-1,470,461,436,-1,470,436,446,-1,471,462,2,-1,472,463,439,-1,472,439,448,-1,473,464,440,-1,473,440,449,-1,474,465,441,-1,474,441,450,-1,475,476,457,-1,475,466,442,-1,475,457,466,-1,475,442,451,-1,477,467,443,-1,477,443,452,-1,478,468,444,-1,478,444,453,-1,479,469,445,-1,479,445,454,-1,480,470,446,-1,480,446,455,-1,481,471,2,-1,482,472,448,-1,482,448,458,-1,483,473,449,-1,483,449,459,-1,484,450,460,-1,484,474,450,-1,485,476,475,-1,485,451,461,-1,485,475,451,-1,486,477,452,-1,486,452,462,-1,487,478,453,-1,487,453,463,-1,488,479,454,-1,488,454,464,-1,489,480,455,-1,489,455,465,-1,490,481,2,-1,491,482,458,-1,491,458,467,-1,492,459,468,-1,492,483,459,-1,493,460,469,-1,493,484,460,-1,494,495,476,-1,494,461,470,-1,494,476,485,-1,494,485,461,-1,496,462,471,-1,496,486,462,-1,497,463,472,-1,497,487,463,-1,498,464,473,-1,498,488,464,-1,499,489,465,-1,499,465,474,-1,500,490,2,-1,501,467,477,-1,501,491,467,-1,502,492,468,-1,502,468,478,-1,503,493,469,-1,503,469,479,-1,504,470,480,-1,504,495,494,-1,504,494,470,-1,505,496,471,-1,505,471,481,-1,506,497,472,-1,506,472,482,-1,507,498,473,-1,507,473,483,-1,508,499,474,-1,508,474,484,-1,509,500,2,-1,510,501,477,-1,510,477,486,-1,511,502,478,-1,511,478,487,-1,512,503,479,-1,512,479,488,-1,513,514,495,-1,513,504,480,-1,513,480,489,-1,513,495,504,-1,515,481,490,-1,515,505,481,-1,516,506,482,-1,516,482,491,-1,517,507,483,-1,517,483,492,-1,518,508,484,-1,518,484,493,-1,519,509,2,-1,520,486,496,-1,520,510,486,-1,521,487,497,-1,521,511,487,-1,522,488,498,-1,522,512,488,-1,523,514,513,-1,523,513,489,-1,523,489,499,-1,524,490,500,-1,524,515,490,-1,525,491,501,-1,525,516,491,-1,526,492,502,-1,526,517,492,-1,527,493,503,-1,527,518,493,-1,528,519,2,-1,529,496,505,-1,529,520,496,-1,530,521,497,-1,530,497,506,-1,531,498,507,-1,531,522,498,-1,532,533,514,-1,532,514,523,-1,532,499,508,-1,532,523,499,-1,534,500,509,-1,534,524,500,-1,535,525,501,-1,535,501,510,-1,536,526,502,-1,536,502,511,-1,537,527,503,-1,537,503,512,-1,538,528,2,-1,539,505,515,-1,539,529,505,-1,540,506,516,-1,540,530,506,-1,541,507,517,-1,541,531,507,-1,542,508,518,-1,542,533,532,-1,542,532,508,-1,543,509,519,-1,543,534,509,-1,544,510,520,-1,544,535,510,-1,545,536,511,-1,545,511,521,-1,546,537,512,-1,546,512,522,-1,547,538,2,-1,548,539,515,-1,548,515,524,-1,549,540,516,-1,549,516,525,-1,550,517,526,-1,550,541,517,-1,551,542,518,-1,551,533,542,-1,551,518,527,-1,552,543,519,-1,552,519,528,-1,553,544,520,-1,553,520,529,-1,554,521,530,-1,554,545,521,-1,555,522,531,-1,555,546,522,-1,556,547,2,-1,557,524,534,-1,557,548,524,-1,558,525,535,-1,558,549,525,-1,559,526,536,-1,559,550,526,-1,560,561,533,-1,560,527,537,-1,560,533,551,-1,560,551,527,-1,562,552,528,-1,562,528,538,-1,563,553,529,-1,563,529,539,-1,564,530,540,-1,564,554,530,-1,565,555,531,-1,565,531,541,-1,566,556,2,-1,567,534,543,-1,567,557,534,-1,568,535,544,-1,568,558,535,-1,569,536,545,-1,569,559,536,-1,570,537,546,-1,570,560,537,-1,570,561,560,-1,571,538,547,-1,571,562,538,-1,572,539,548,-1,572,563,539,-1,573,564,540,-1,573,540,549,-1,574,541,550,-1,574,565,541,-1,575,566,2,-1,576,543,552,-1,576,567,543,-1,577,544,553,-1,577,568,544,-1,578,569,545,-1,578,545,554,-1,579,580,561,-1,579,546,555,-1,579,570,546,-1,579,561,570,-1,581,571,547,-1,581,547,556,-1,582,572,548,-1,582,548,557,-1,583,549,558,-1,583,573,549,-1,584,574,550,-1,584,550,559,-1,585,575,2,-1,586,576,552,-1,586,552,562,-1,587,577,553,-1,587,553,563,-1,588,578,554,-1,588,554,564,-1,589,580,579,-1,589,555,565,-1,589,579,555,-1,590,581,556,-1,590,556,566,-1,591,557,567,-1,591,582,557,-1,592,558,568,-1,592,583,558,-1,593,559,569,-1,593,584,559,-1,594,585,2,-1,595,586,562,-1,595,562,571,-1,596,563,572,-1,596,587,563,-1,597,588,564,-1,597,564,573,-1,598,580,589,-1,598,599,580,-1,598,565,574,-1,598,589,565,-1,600,566,575,-1,600,590,566,-1,601,567,576,-1,601,591,567,-1,602,568,577,-1,602,592,568,-1,603,569,578,-1,603,593,569,-1,604,594,2,-1,605,571,581,-1,605,595,571,-1,606,572,582,-1,606,596,572,-1,607,573,583,-1,607,597,573,-1,608,574,584,-1,608,599,598,-1,608,598,574,-1,609,575,585,-1,609,600,575,-1,610,576,586,-1,610,601,576,-1,611,602,577,-1,611,577,587,-1,612,603,578,-1,612,578,588,-1,613,604,2,-1,614,581,590,-1,614,605,581,-1,615,582,591,-1,615,606,582,-1,616,607,583,-1,616,583,592,-1,617,618,599,-1,617,608,584,-1,617,599,608,-1,617,584,593,-1,619,585,594,-1,619,609,585,-1,620,586,595,-1,620,610,586,-1,621,611,587,-1,621,587,596,-1,622,612,588,-1,622,588,597,-1,623,613,2,-1,624,614,590,-1,624,590,600,-1,625,591,601,-1,625,615,591,-1,626,592,602,-1,626,616,592,-1,627,593,603,-1,627,617,593,-1,627,618,617,-1,628,594,604,-1,628,619,594,-1,629,620,595,-1,629,595,605,-1,630,621,596,-1,630,596,606,-1,631,597,607,-1,631,622,597,-1,632,623,2,-1,633,600,609,-1,633,624,600,-1,634,625,601,-1,634,601,610,-1,635,626,602,-1,635,602,611,-1,636,637,618,-1,636,618,627,-1,636,603,612,-1,636,627,603,-1,638,628,604,-1,638,604,613,-1,639,605,614,-1,639,629,605,-1,640,630,606,-1,640,606,615,-1,641,631,607,-1,641,607,616,-1,642,632,2,-1,643,609,619,-1,643,633,609,-1,644,610,620,-1,644,634,610,-1,645,611,621,-1,645,635,611,-1,646,637,636,-1,646,612,622,-1,646,636,612,-1,647,613,623,-1,647,638,613,-1,648,614,624,-1,648,639,614,-1,649,615,625,-1,649,640,615,-1,650,641,616,-1,650,616,626,-1,651,642,2,-1,652,643,619,-1,652,619,628,-1,653,620,629,-1,653,644,620,-1,654,645,621,-1,654,621,630,-1,655,656,637,-1,655,646,622,-1,655,622,631,-1,655,637,646,-1,657,647,623,-1,657,623,632,-1,658,648,624,-1,658,624,633,-1,659,625,634,-1,659,649,625,-1,660,650,626,-1,660,626,635,-1,661,651,2,-1,662,652,628,-1,662,628,638,-1,663,629,639,-1,663,653,629,-1,664,654,630,-1,664,630,640,-1,665,655,631,-1,665,656,655,-1,665,631,641,-1,666,657,632,-1,666,632,642,-1,667,658,633,-1,667,633,643,-1,668,634,644,-1,668,659,634,-1,669,660,635,-1,669,635,645,-1,670,661,2,-1,671,662,638,-1,671,638,647,-1,672,639,648,-1,672,663,639,-1,673,640,649,-1,673,664,640,-1,674,656,665,-1,674,641,650,-1,674,665,641,-1,675,666,642,-1,675,642,651,-1,676,667,643,-1,676,643,652,-1,677,644,653,-1,677,668,644,-1,678,645,654,-1,678,669,645,-1,679,670,2,-1,680,647,657,-1,680,671,647,-1,681,648,658,-1,681,672,648,-1,682,673,649,-1,682,649,659,-1,683,684,656,-1,683,674,650,-1,683,656,674,-1,683,650,660,-1,685,675,651,-1,685,651,661,-1,686,652,662,-1,686,676,652,-1,687,677,653,-1,687,653,663,-1,688,654,664,-1,688,678,654,-1,689,679,2,-1,690,680,657,-1,690,657,666,-1,691,681,658,-1,691,658,667,-1,692,682,659,-1,692,659,668,-1,693,683,660,-1,693,684,683,-1,693,660,669,-1,694,685,661,-1,694,661,670,-1,695,686,662,-1,695,662,671,-1,696,687,663,-1,696,663,672,-1,697,688,664,-1,697,664,673,-1,698,689,2,-1,699,690,666,-1,699,666,675,-1,700,691,667,-1,700,667,676,-1,701,668,677,-1,701,692,668,-1,702,703,684,-1,702,669,678,-1,702,693,669,-1,702,684,693,-1,704,670,679,-1,704,694,670,-1,705,695,671,-1,705,671,680,-1,706,672,681,-1,706,696,672,-1,707,697,673,-1,707,673,682,-1,708,698,2,-1,709,699,675,-1,709,675,685,-1,710,676,686,-1,710,700,676,-1,711,677,687,-1,711,701,677,-1,712,702,678,-1,712,703,702,-1,712,678,688,-1,713,679,689,-1,713,704,679,-1,714,680,690,-1,714,705,680,-1,715,681,691,-1,715,706,681,-1,716,682,692,-1,716,707,682,-1,717,2,1,-1,717,708,2,-1,718,685,694,-1,718,709,685,-1,719,686,695,-1,719,710,686,-1,720,687,696,-1,720,711,687,-1,721,722,703,-1,721,712,688,-1,721,688,697,-1,721,703,712,-1,723,713,689,-1,723,689,698,-1,724,714,690,-1,724,690,699,-1,725,715,691,-1,725,691,700,-1,726,692,701,-1,726,716,692,-1,727,718,694,-1,727,694,704,-1,728,719,695,-1,728,695,705,-1,729,720,696,-1,729,696,706,-1,730,722,721,-1,730,721,697,-1,730,697,707,-1,731,723,698,-1,731,698,708,-1,732,699,709,-1,732,724,699,-1,733,725,700,-1,733,700,710,-1,734,726,701,-1,734,701,711,-1,735,727,704,-1,735,704,713,-1,736,728,705,-1,736,705,714,-1,737,729,706,-1,737,706,715,-1,738,739,722,-1,738,707,716,-1,738,730,707,-1,738,722,730,-1,740,708,717,-1,740,731,708,-1,741,732,709,-1,741,709,718,-1,742,710,719,-1,742,733,710,-1,743,711,720,-1,743,734,711,-1,744,735,713,-1,744,713,723,-1,745,736,714,-1,745,714,724,-1,746,715,725,-1,746,737,715,-1,747,716,726,-1,747,739,738,-1,747,738,716,-1,748,717,1,-1,748,740,717,-1,749,718,727,-1,749,741,718,-1,750,719,728,-1,750,742,719,-1,751,743,720,-1,751,720,729,-1,752,723,731,-1,752,744,723,-1,753,724,732,-1,753,745,724,-1,754,725,733,-1,754,746,725,-1,755,739,747,-1,755,726,734,-1,755,756,739,-1,755,747,726,-1,757,727,735,-1,757,749,727,-1,758,750,728,-1,758,728,736,-1,759,751,729,-1,759,729,737,-1,760,752,731,-1,760,731,740,-1,761,732,741,-1,761,753,732,-1,762,754,733,-1,762,733,742,-1,763,734,743,-1,763,756,755,-1,763,755,734,-1,764,735,744,-1,764,757,735,-1,765,758,736,-1,765,736,745,-1,766,759,737,-1,766,737,746,-1,767,748,1,-1,767,740,748,-1,767,760,740,-1,767,1,12,-1,768,741,749,-1,768,761,741,-1,769,762,742,-1,769,742,750,-1,770,756,763,-1,770,743,751,-1,770,763,743,-1,770,771,756,-1,772,744,752,-1,772,764,744,-1,773,745,753,-1,773,765,745,-1,774,746,754,-1,774,766,746,-1,775,768,749,-1,775,749,757,-1,776,769,750,-1,776,750,758,-1,777,770,751,-1,777,771,770,-1,777,751,759,-1,778,752,760,-1,778,772,752,-1,779,753,761,-1,779,773,753,-1,780,754,762,-1,780,774,754,-1,781,775,757,-1,781,757,764,-1,782,758,765,-1,782,776,758,-1,783,771,777,-1,783,759,766,-1,783,784,771,-1,783,777,759,-1,785,760,767,-1,785,778,760,-1,786,779,761,-1,786,761,768,-1,787,762,769,-1,787,780,762,-1,788,781,764,-1,788,764,772,-1,789,782,765,-1,789,765,773,-1,790,783,766,-1,790,784,783,-1,790,766,774,-1,791,785,767,-1,791,767,12,-1,792,786,768,-1,792,768,775,-1,793,787,769,-1,793,769,776,-1,794,788,772,-1,794,772,778,-1,795,773,779,-1,795,789,773,-1,796,774,780,-1,796,784,790,-1,796,797,784,-1,796,790,774,-1,798,792,775,-1,798,775,781,-1,799,776,782,-1,799,793,776,-1,800,778,785,-1,800,794,778,-1,801,795,779,-1,801,779,786,-1,802,780,787,-1,802,797,796,-1,802,796,780,-1,803,798,781,-1,803,781,788,-1,804,799,782,-1,804,782,789,-1,805,791,12,-1,805,12,34,-1,805,800,785,-1,805,785,791,-1,806,801,786,-1,806,786,792,-1,807,787,793,-1,807,802,787,-1,807,808,797,-1,807,797,802,-1,809,803,788,-1,809,788,794,-1,810,804,789,-1,810,789,795,-1,811,792,798,-1,811,806,792,-1,812,793,799,-1,812,807,793,-1,812,808,807,-1,813,809,794,-1,813,794,800,-1,814,795,801,-1,814,810,795,-1,815,798,803,-1,815,811,798,-1,816,799,804,-1,816,817,808,-1,816,812,799,-1,816,808,812,-1,818,800,805,-1,818,813,800,-1,819,814,801,-1,819,801,806,-1,820,815,803,-1,820,803,809,-1,821,817,816,-1,821,816,804,-1,821,804,810,-1,822,818,805,-1,822,805,34,-1,823,819,806,-1,823,806,811,-1,824,820,809,-1,824,809,813,-1,825,817,821,-1,825,821,810,-1,825,826,817,-1,825,810,814,-1,827,823,811,-1,827,811,815,-1,828,824,813,-1,828,813,818,-1,829,826,825,-1,829,825,814,-1,829,814,819,-1,830,827,815,-1,830,815,820,-1,831,818,822,-1,831,822,34,-1,831,828,818,-1,831,34,68,-1,832,819,823,-1,832,829,819,-1,832,826,829,-1,832,833,826,-1,834,830,820,-1,834,820,824,-1,835,832,823,-1,835,823,827,-1,835,833,832,-1,836,834,824,-1,836,824,828,-1,837,827,830,-1,837,835,827,-1,837,838,833,-1,837,833,835,-1,839,836,828,-1,839,828,831,-1,840,830,834,-1,840,838,837,-1,840,837,830,-1,841,831,68,-1,841,839,831,-1,842,843,838,-1,842,834,836,-1,842,838,840,-1,842,840,834,-1,844,836,839,-1,844,842,836,-1,844,843,842,-1,845,68,115,-1,845,115,843,-1,845,841,68,-1,845,843,844,-1,845,839,841,-1,845,844,839,-1]
coord Coordinate { point [-0.860647 0.883179 1.57399,-0.829715 0.885825 1.57078,-0.885825 0.885825 1.5748,-0.860892 0.881429 1.57399,-0.86126 0.8797 1.57399,-0.835419 0.8823 1.57154,-0.861747 0.878002 1.57399,-0.835787 0.878793 1.57154,-0.862351 0.876341 1.57399,-0.8364 0.875319 1.57154,-0.86307 0.874727 1.57399,-0.810338 0.883189 1.56749,-0.792876 0.885825 1.56367,-0.837253 0.871897 1.57154,-0.8639 0.873166 1.57399,-0.810706 0.87793 1.56749,-0.838343 0.868543 1.57154,-0.864836 0.871668 1.57399,-0.81144 0.872709 1.56749,-0.839664 0.865273 1.57154,-0.865875 0.870238 1.57399,-0.812536 0.867552 1.56749,-0.84121 0.862103 1.57154,-0.867011 0.868885 1.57399,-0.813989 0.862484 1.56749,-0.842974 0.859048 1.57154,-0.786577 0.871877 1.56183,-0.868238 0.867613 1.57399,-0.815792 0.85753 1.56749,-0.844946 0.856124 1.57154,-0.787792 0.864987 1.56183,-0.869551 0.866431 1.57399,-0.817937 0.852714 1.56749,-0.761402 0.88148 1.5546,-0.742215 0.885825 1.54767,-0.847117 0.853345 1.57154,-0.789484 0.8582 1.56183,-0.870944 0.865343 1.57399,-0.820412 0.848059 1.56749,-0.762008 0.872811 1.5546,-0.849477 0.850724 1.57154,-0.791646 0.851547 1.56183,-0.872409 0.864355 1.57399,-0.823206 0.843588 1.56749,-0.763218 0.864206 1.5546,-0.852014 0.848274 1.57154,-0.794267 0.845061 1.56183,-0.873939 0.863471 1.57399,-0.826304 0.839322 1.56749,-0.765024 0.855706 1.5546,-0.854716 0.846007 1.57154,-0.797333 0.838773 1.56183,-0.875528 0.862697 1.57399,-0.829693 0.835284 1.56749,-0.76742 0.847353 1.5546,-0.857569 0.843934 1.57154,-0.800831 0.832715 1.56183,-0.739009 0.865191 1.54582,-0.877166 0.862035 1.57399,-0.833356 0.831491 1.56749,-0.770392 0.839187 1.5546,-0.86056 0.842065 1.57154,-0.804743 0.826915 1.56183,-0.740806 0.855 1.54582,-0.878847 0.861489 1.57399,-0.837274 0.827964 1.56749,-0.773926 0.831248 1.5546,-0.714524 0.879843 1.53553,-0.694167 0.885825 1.525,-0.863674 0.840409 1.57154,-0.80905 0.821403 1.56183,-0.743309 0.844959 1.54582,-0.880561 0.861061 1.57399,-0.841428 0.824718 1.56749,-0.778006 0.823576 1.5546,-0.715358 0.867908 1.53553,-0.866896 0.838975 1.57154,-0.81373 0.816204 1.56183,-0.746507 0.835117 1.54582,-0.882302 0.860754 1.57399,-0.845799 0.82177 1.56749,-0.782611 0.816206 1.5546,-0.717023 0.856061 1.53553,-0.870211 0.837769 1.57154,-0.818763 0.811345 1.56183,-0.750384 0.825523 1.54582,-0.884059 0.86057 1.57399,-0.850365 0.819134 1.56749,-0.787719 0.809176 1.5546,-0.719511 0.844358 1.53553,-0.873601 0.836796 1.57154,-0.824121 0.806848 1.56183,-0.75492 0.816222 1.54582,-0.692454 0.872303 1.52377,-0.885825 0.860508 1.57399,-0.855103 0.816822 1.56749,-0.793304 0.802519 1.5546,-0.722808 0.832858 1.53553,-0.877051 0.836063 1.57154,-0.829781 0.802736 1.56183,-0.760094 0.80726 1.54582,-0.693869 0.858847 1.52377,-0.887591 0.86057 1.57399,-0.859991 0.814847 1.56749,-0.799341 0.796268 1.5546,-0.7269 0.821615 1.53553,-0.880543 0.835572 1.57154,-0.835713 0.799029 1.56183,-0.765881 0.79868 1.54582,-0.696218 0.845523 1.52377,-0.889348 0.860754 1.57399,-0.865005 0.813218 1.56749,-0.805799 0.790453 1.5546,-0.731767 0.810686 1.53553,-0.670479 0.878305 1.5106,-0.649605 0.885825 1.49606,-0.884062 0.835326 1.57154,-0.84189 0.795745 1.56183,-0.772252 0.790526 1.54582,-0.699491 0.832395 1.52377,-0.891089 0.861061 1.57399,-0.870121 0.811943 1.56749,-0.812646 0.785103 1.5546,-0.737383 0.800122 1.53553,-0.671528 0.863301 1.5106,-0.652009 0.852207 1.49606,-0.887588 0.835326 1.57154,-0.848281 0.7929 1.56183,-0.779176 0.782836 1.54582,-0.703672 0.819527 1.52377,-0.892803 0.861489 1.57399,-0.875313 0.811027 1.56749,-0.819851 0.780244 1.5546,-0.743723 0.789976 1.53553,-0.673621 0.848408 1.5106,-0.891107 0.835572 1.57154,-0.854854 0.790507 1.56183,-0.78662 0.775647 1.54582,-0.708741 0.806982 1.52377,-0.894484 0.862035 1.57399,-0.880556 0.810476 1.56749,-0.827376 0.775899 1.5546,-0.750755 0.780297 1.53553,-0.676748 0.833696 1.5106,-0.659174 0.819274 1.49606,-0.894599 0.836063 1.57154,-0.861579 0.788579 1.56183,-0.794548 0.768995 1.54582,-0.714672 0.794821 1.52377,-0.896122 0.862697 1.57399,-0.885825 0.810292 1.56749,-0.835187 0.77209 1.5546,-0.758446 0.771132 1.53553,-0.680894 0.819239 1.5106,-0.898049 0.836796 1.57154,-0.868421 0.787124 1.56183,-0.80292 0.762913 1.54582,-0.721437 0.783104 1.52377,-0.897711 0.863471 1.57399,-0.891094 0.810476 1.56749,-0.843244 0.768834 1.5546,-0.766757 0.762526 1.53553,-0.686038 0.805106 1.5106,-0.670952 0.787696 1.49606,-0.901439 0.837769 1.57154,-0.875349 0.786151 1.56183,-0.811695 0.757429 1.54582,-0.729003 0.771887 1.52377,-0.899241 0.864355 1.57399,-0.896337 0.811027 1.56749,-0.851508 0.766149 1.5546,-0.775648 0.754521 1.53553,-0.692155 0.791366 1.5106,-0.904754 0.838975 1.57154,-0.882327 0.785663 1.56183,-0.820832 0.752571 1.54582,-0.737333 0.761225 1.52377,-0.900706 0.865343 1.57399,-0.901529 0.811943 1.56749,-0.85994 0.764047 1.5546,-0.785075 0.747155 1.53553,-0.699216 0.778086 1.5106,-0.687104 0.758115 1.49606,-0.907976 0.840409 1.57154,-0.889323 0.785663 1.56183,-0.830286 0.748362 1.54582,-0.746386 0.751171 1.52377,-0.902099 0.866431 1.57399,-0.906645 0.813218 1.56749,-0.868498 0.762538 1.5546,-0.794994 0.740465 1.53553,-0.707186 0.765332 1.5106,-0.91109 0.842065 1.57154,-0.896301 0.786151 1.56183,-0.84001 0.744822 1.54582,-0.756119 0.741772 1.52377,-0.903412 0.867613 1.57399,-0.911659 0.814847 1.56749,-0.87714 0.761629 1.5546,-0.805355 0.734483 1.53553,-0.716027 0.753164 1.5106,-0.707302 0.731134 1.49606,-0.914081 0.843934 1.57154,-0.903229 0.787124 1.56183,-0.849958 0.74197 1.54582,-0.766483 0.733075 1.52377,-0.904639 0.868885 1.57399,-0.916547 0.816822 1.56749,-0.885825 0.761326 1.5546,-0.816108 0.729238 1.53553,-0.725694 0.741643 1.5106,-0.916934 0.846007 1.57154,-0.910071 0.788579 1.56183,-0.86008 0.739818 1.54582,-0.77743 0.725122 1.52377,-0.905775 0.870238 1.57399,-0.921285 0.819134 1.56749,-0.89451 0.761629 1.5546,-0.827201 0.724756 1.53553,-0.736142 0.730824 1.5106,-0.731134 0.707302 1.49606,-0.919636 0.848274 1.57154,-0.916796 0.790507 1.56183,-0.870328 0.738378 1.54582,-0.788904 0.717952 1.52377,-0.906814 0.871668 1.57399,-0.925851 0.82177 1.56749,-0.903152 0.762538 1.5546,-0.838579 0.721059 1.53553,-0.747319 0.72076 1.5106,-0.922173 0.850724 1.57154,-0.923369 0.7929 1.56183,-0.880651 0.737656 1.54582,-0.80085 0.7116 1.52377,-0.90775 0.873166 1.57399,-0.930222 0.824718 1.56749,-0.91171 0.764047 1.5546,-0.850188 0.718165 1.53553,-0.759171 0.7115 1.5106,-0.758115 0.687104 1.49606,-0.924533 0.853345 1.57154,-0.92976 0.795745 1.56183,-0.890999 0.737656 1.54582,-0.81321 0.706097 1.52377,-0.90858 0.874727 1.57399,-0.934376 0.827964 1.56749,-0.920142 0.766149 1.5546,-0.86197 0.716087 1.53553,-0.771639 0.70309 1.5106,-0.926704 0.856124 1.57154,-0.935937 0.799029 1.56183,-0.901322 0.738378 1.54582,-0.825924 0.70147 1.52377,-0.909299 0.876341 1.57399,-0.938294 0.831491 1.56749,-0.928406 0.768834 1.5546,-0.873868 0.714837 1.53553,-0.784665 0.69557 1.5106,-0.787696 0.670952 1.49606,-0.928676 0.859048 1.57154,-0.941869 0.802736 1.56183,-0.91157 0.739818 1.54582,-0.83893 0.69774 1.52377,-0.909903 0.878002 1.57399,-0.941957 0.835284 1.56749,-0.936463 0.77209 1.5546,-0.885825 0.714419 1.53553,-0.798182 0.688977 1.5106,-0.93044 0.862103 1.57154,-0.947529 0.806848 1.56183,-0.921692 0.74197 1.54582,-0.852165 0.694927 1.52377,-0.91039 0.8797 1.57399,-0.945346 0.839322 1.56749,-0.944274 0.775899 1.5546,-0.897782 0.714837 1.53553,-0.812127 0.683343 1.5106,-0.819274 0.659174 1.49606,-0.931986 0.865273 1.57154,-0.952887 0.811345 1.56183,-0.93164 0.744822 1.54582,-0.865563 0.693044 1.52377,-0.910758 0.881429 1.57399,-0.948444 0.843588 1.56749,-0.951799 0.780244 1.5546,-0.90968 0.716087 1.53553,-0.826431 0.678695 1.5106,-0.933307 0.868543 1.57154,-0.95792 0.816204 1.56183,-0.941364 0.748362 1.54582,-0.87906 0.6921 1.52377,-0.911003 0.883179 1.57399,-0.951238 0.848059 1.56749,-0.959004 0.785103 1.5546,-0.921462 0.718165 1.53553,-0.841025 0.675056 1.5106,-0.852207 0.652009 1.49606,-0.934397 0.871897 1.57154,-0.9626 0.821403 1.56183,-0.950818 0.752571 1.54582,-0.89259 0.6921 1.52377,-0.911127 0.884941 1.57399,-0.953713 0.852714 1.56749,-0.965851 0.790453 1.5546,-0.933071 0.721059 1.53553,-0.855836 0.672445 1.5106,-0.93525 0.875319 1.57154,-0.966907 0.826915 1.56183,-0.959955 0.757429 1.54582,-0.906087 0.693044 1.52377,-0.911127 0.886709 1.57399,-0.955858 0.85753 1.56749,-0.972309 0.796268 1.5546,-0.944449 0.724756 1.53553,-0.870794 0.670873 1.5106,-0.885825 0.649605 1.49606,-0.935863 0.878793 1.57154,-0.970819 0.832715 1.56183,-0.96873 0.762913 1.54582,-0.919485 0.694927 1.52377,-0.911003 0.888471 1.57399,-0.957661 0.862484 1.56749,-0.978346 0.802519 1.5546,-0.955542 0.729238 1.53553,-0.885825 0.670348 1.5106,-0.936231 0.8823 1.57154,-0.974317 0.838773 1.56183,-0.977102 0.768995 1.54582,-0.93272 0.69774 1.52377,-0.910758 0.890221 1.57399,-0.959114 0.867552 1.56749,-0.983931 0.809176 1.5546,-0.966295 0.734483 1.53553,-0.900856 0.670873 1.5106,-0.921032 0.652243 1.49606,-0.936355 0.885825 1.57154,-0.977383 0.845061 1.56183,-0.98503 0.775647 1.54582,-0.945726 0.70147 1.52377,-0.91039 0.89195 1.57399,-0.96021 0.872709 1.56749,-0.989039 0.816206 1.5546,-0.976656 0.740465 1.53553,-0.915814 0.672445 1.5106,-0.936231 0.88935 1.57154,-0.980004 0.851547 1.56183,-0.992474 0.782836 1.54582,-0.95844 0.706097 1.52377,-0.909903 0.893648 1.57399,-0.960944 0.87793 1.56749,-0.993644 0.823576 1.5546,-0.986575 0.747155 1.53553,-0.930625 0.675056 1.5106,-0.955452 0.6601 1.49606,-0.935863 0.892857 1.57154,-0.982166 0.8582 1.56183,-0.999398 0.790526 1.54582,-0.9708 0.7116 1.52377,-0.909299 0.895309 1.57399,-0.961312 0.883189 1.56749,-0.997724 0.831248 1.5546,-0.996002 0.754521 1.53553,-0.945219 0.678695 1.5106,-0.93525 0.896331 1.57154,-0.983858 0.864987 1.56183,-1.00577 0.79868 1.54582,-0.982746 0.717952 1.52377,-0.90858 0.896923 1.57399,-0.961312 0.888461 1.56749,-1.00126 0.839187 1.5546,-1.00489 0.762526 1.53553,-0.959523 0.683343 1.5106,-0.988317 0.672998 1.49606,-0.934397 0.899753 1.57154,-0.985073 0.871877 1.56183,-1.01156 0.80726 1.54582,-0.99422 0.725122 1.52377,-0.90775 0.898484 1.57399,-0.960944 0.89372 1.56749,-1.00423 0.847353 1.5546,-1.0132 0.771132 1.53553,-0.973468 0.688977 1.5106,-0.933307 0.903107 1.57154,-0.985804 0.878834 1.56183,-1.01673 0.816222 1.54582,-1.00517 0.733075 1.52377,-0.906814 0.899982 1.57399,-0.96021 0.898941 1.56749,-1.00663 0.855706 1.5546,-1.02089 0.780297 1.53553,-0.986985 0.69557 1.5106,-0.931986 0.906377 1.57154,-0.986048 0.885825 1.56183,-1.02127 0.825523 1.54582,-1.01553 0.741772 1.52377,-0.905775 0.901412 1.57399,-0.959114 0.904098 1.56749,-1.00843 0.864206 1.5546,-1.02793 0.789976 1.53553,-1.00001 0.70309 1.5106,-1.01889 0.690651 1.49606,-0.93044 0.909547 1.57154,-0.985804 0.892816 1.56183,-1.02514 0.835117 1.54582,-1.02526 0.751171 1.52377,-0.904639 0.902765 1.57399,-0.957661 0.909166 1.56749,-1.00964 0.872811 1.5546,-1.03427 0.800122 1.53553,-1.01248 0.7115 1.5106,-0.928676 0.912602 1.57154,-0.985073 0.899773 1.56183,-1.02834 0.844959 1.54582,-1.03432 0.761225 1.52377,-0.903412 0.904037 1.57399,-0.955858 0.91412 1.56749,-1.01025 0.88148 1.5546,-1.03988 0.810686 1.53553,-1.02433 0.72076 1.5106,-1.0465 0.712663 1.49606,-0.926704 0.915526 1.57154,-0.983858 0.906663 1.56183,-1.03084 0.855 1.54582,-1.04265 0.771887 1.52377,-0.902099 0.905219 1.57399,-0.953713 0.918936 1.56749,-1.01025 0.89017 1.5546,-1.04475 0.821615 1.53553,-1.03551 0.730824 1.5106,-0.924533 0.918305 1.57154,-0.982166 0.91345 1.56183,-1.03264 0.865191 1.54582,-1.05021 0.783104 1.52377,-0.900706 0.906307 1.57399,-0.951238 0.923591 1.56749,-1.00964 0.898839 1.5546,-1.04884 0.832858 1.53553,-1.04596 0.741643 1.5106,-1.07051 0.738544 1.49606,-0.922173 0.920926 1.57154,-0.980004 0.920103 1.56183,-1.03372 0.875483 1.54582,-1.05698 0.794821 1.52377,-0.899241 0.907295 1.57399,-0.948444 0.928062 1.56749,-1.00843 0.907444 1.5546,-1.05214 0.844358 1.53553,-1.05562 0.753164 1.5106,-0.919636 0.923376 1.57154,-0.977383 0.926589 1.56183,-1.03408 0.885825 1.54582,-1.06291 0.806982 1.52377,-0.897711 0.908179 1.57399,-0.945346 0.932328 1.56749,-1.00663 0.915944 1.5546,-1.05463 0.856061 1.53553,-1.06446 0.765332 1.5106,-1.0904 0.767715 1.49606,-0.916934 0.925643 1.57154,-0.974317 0.932877 1.56183,-1.03372 0.896167 1.54582,-1.06798 0.819527 1.52377,-0.896122 0.908953 1.57399,-0.941957 0.936366 1.56749,-1.00423 0.924297 1.5546,-1.05629 0.867908 1.53553,-1.07243 0.778086 1.5106,-0.914081 0.927716 1.57154,-0.970819 0.938935 1.56183,-1.03264 0.906459 1.54582,-1.07216 0.832395 1.52377,-0.894484 0.909615 1.57399,-0.938294 0.940159 1.56749,-1.00126 0.932463 1.5546,-1.05713 0.879843 1.53553,-1.07949 0.791366 1.5106,-1.10572 0.799524 1.49606,-0.91109 0.929585 1.57154,-0.966907 0.944735 1.56183,-1.03084 0.91665 1.54582,-1.07543 0.845523 1.52377,-0.892803 0.910161 1.57399,-0.934376 0.943686 1.56749,-0.997724 0.940402 1.5546,-1.05713 0.891807 1.53553,-1.08561 0.805106 1.5106,-0.907976 0.931241 1.57154,-0.9626 0.950247 1.56183,-1.02834 0.926691 1.54582,-1.07778 0.858847 1.52377,-0.891089 0.910589 1.57399,-0.930222 0.946932 1.56749,-0.993644 0.948074 1.5546,-1.05629 0.903742 1.53553,-1.09076 0.819239 1.5106,-1.11612 0.833261 1.49606,-0.904754 0.932675 1.57154,-0.95792 0.955446 1.56183,-1.02514 0.936533 1.54582,-1.0792 0.872303 1.52377,-0.889348 0.910896 1.57399,-0.925851 0.94988 1.56749,-0.989039 0.955444 1.5546,-1.05463 0.915589 1.53553,-1.0949 0.833696 1.5106,-0.901439 0.933881 1.57154,-0.952887 0.960305 1.56183,-1.02127 0.946127 1.54582,-1.07967 0.885825 1.52377,-0.887591 0.91108 1.57399,-0.921285 0.952516 1.56749,-0.983931 0.962474 1.5546,-1.05214 0.927292 1.53553,-1.09803 0.848408 1.5106,-1.12138 0.868172 1.49606,-0.898049 0.934854 1.57154,-0.947529 0.964802 1.56183,-1.01673 0.955428 1.54582,-1.0792 0.899347 1.52377,-0.885825 0.911142 1.57399,-0.916547 0.954828 1.56749,-0.978346 0.969131 1.5546,-1.04884 0.938792 1.53553,-1.10012 0.863301 1.5106,-0.894599 0.935587 1.57154,-0.941869 0.968914 1.56183,-1.01156 0.96439 1.54582,-1.07778 0.912803 1.52377,-0.884059 0.91108 1.57399,-0.911659 0.956803 1.56749,-0.972309 0.975382 1.5546,-1.04475 0.950035 1.53553,-1.10117 0.878305 1.5106,-1.12138 0.903478 1.49606,-0.891107 0.936078 1.57154,-0.935937 0.972621 1.56183,-1.00577 0.97297 1.54582,-1.07543 0.926127 1.52377,-0.882302 0.910896 1.57399,-0.906645 0.958432 1.56749,-0.965851 0.981197 1.5546,-1.03988 0.960964 1.53553,-1.10117 0.893345 1.5106,-0.887588 0.936324 1.57154,-0.92976 0.975905 1.56183,-0.999398 0.981124 1.54582,-1.07216 0.939255 1.52377,-0.880561 0.910589 1.57399,-0.901529 0.959707 1.56749,-0.959004 0.986547 1.5546,-1.03427 0.971528 1.53553,-1.10012 0.908349 1.5106,-0.884062 0.936324 1.57154,-0.923369 0.97875 1.56183,-0.992474 0.988814 1.54582,-1.06798 0.952123 1.52377,-0.878847 0.910161 1.57399,-0.896337 0.960623 1.56749,-0.951799 0.991406 1.5546,-1.02793 0.981674 1.53553,-1.09803 0.923242 1.5106,-1.11612 0.938389 1.49606,-0.880543 0.936078 1.57154,-0.916796 0.981143 1.56183,-0.98503 0.996003 1.54582,-1.06291 0.964668 1.52377,-0.877166 0.909615 1.57399,-0.891094 0.961174 1.56749,-0.944274 0.995751 1.5546,-1.02089 0.991353 1.53553,-1.0949 0.937954 1.5106,-0.877051 0.935587 1.57154,-0.910071 0.983071 1.56183,-0.977102 1.00265 1.54582,-1.05698 0.976829 1.52377,-0.875528 0.908953 1.57399,-0.885825 0.961358 1.56749,-0.936463 0.99956 1.5546,-1.0132 1.00052 1.53553,-1.09076 0.952411 1.5106,-1.10572 0.972126 1.49606,-0.873601 0.934854 1.57154,-0.903229 0.984526 1.56183,-0.96873 1.00874 1.54582,-1.05021 0.988546 1.52377,-0.873939 0.908179 1.57399,-0.880556 0.961174 1.56749,-0.928406 1.00282 1.5546,-1.00489 1.00912 1.53553,-1.08561 0.966544 1.5106,-0.870211 0.933881 1.57154,-0.896301 0.985499 1.56183,-0.959955 1.01422 1.54582,-1.04265 0.999763 1.52377,-0.872409 0.907295 1.57399,-0.875313 0.960623 1.56749,-0.920142 1.0055 1.5546,-0.996002 1.01713 1.53553,-1.07949 0.980284 1.5106,-1.0904 1.00394 1.49606,-0.866896 0.932675 1.57154,-0.889323 0.985987 1.56183,-0.950818 1.01908 1.54582,-1.03432 1.01042 1.52377,-0.870944 0.906307 1.57399,-0.870121 0.959707 1.56749,-0.91171 1.0076 1.5546,-0.986575 1.0245 1.53553,-1.07243 0.993564 1.5106,-0.863674 0.931241 1.57154,-0.882327 0.985987 1.56183,-0.941364 1.02329 1.54582,-1.02526 1.02048 1.52377,-0.869551 0.905219 1.57399,-0.865005 0.958432 1.56749,-0.903152 1.00911 1.5546,-0.976656 1.03119 1.53553,-1.06446 1.00632 1.5106,-1.07051 1.03311 1.49606,-0.86056 0.929585 1.57154,-0.875349 0.985499 1.56183,-0.93164 1.02683 1.54582,-1.01553 1.02988 1.52377,-0.868238 0.904037 1.57399,-0.859991 0.956803 1.56749,-0.89451 1.01002 1.5546,-0.966295 1.03717 1.53553,-1.05562 1.01849 1.5106,-0.857569 0.927716 1.57154,-0.868421 0.984526 1.56183,-0.921692 1.02968 1.54582,-1.00517 1.03858 1.52377,-0.867011 0.902765 1.57399,-0.855103 0.954828 1.56749,-0.885825 1.01032 1.5546,-0.955542 1.04241 1.53553,-1.04596 1.03001 1.5106,-1.0465 1.05899 1.49606,-0.854716 0.925643 1.57154,-0.861579 0.983071 1.56183,-0.91157 1.03183 1.54582,-0.99422 1.04653 1.52377,-0.865875 0.901412 1.57399,-0.850365 0.952516 1.56749,-0.87714 1.01002 1.5546,-0.944449 1.04689 1.53553,-1.03551 1.04083 1.5106,-0.852014 0.923376 1.57154,-0.854854 0.981143 1.56183,-0.901322 1.03327 1.54582,-0.982746 1.0537 1.52377,-0.864836 0.899982 1.57399,-0.845799 0.94988 1.56749,-0.868498 1.00911 1.5546,-0.933071 1.05059 1.53553,-1.02433 1.05089 1.5106,-1.01889 1.081 1.49606,-0.849477 0.920926 1.57154,-0.848281 0.97875 1.56183,-0.890999 1.03399 1.54582,-0.9708 1.06005 1.52377,-0.8639 0.898484 1.57399,-0.841428 0.946932 1.56749,-0.85994 1.0076 1.5546,-0.921462 1.05349 1.53553,-1.01248 1.06015 1.5106,-0.847117 0.918305 1.57154,-0.84189 0.975905 1.56183,-0.880651 1.03399 1.54582,-0.95844 1.06555 1.52377,-0.86307 0.896923 1.57399,-0.837274 0.943686 1.56749,-0.851508 1.0055 1.5546,-0.90968 1.05556 1.53553,-1.00001 1.06856 1.5106,-0.844946 0.915526 1.57154,-0.835713 0.972621 1.56183,-0.870328 1.03327 1.54582,-0.945726 1.07018 1.52377,-0.862351 0.895309 1.57399,-0.833356 0.940159 1.56749,-0.843244 1.00282 1.5546,-0.897782 1.05681 1.53553,-0.986985 1.07608 1.5106,-0.988317 1.09865 1.49606,-0.842974 0.912602 1.57154,-0.829781 0.968914 1.56183,-0.86008 1.03183 1.54582,-0.93272 1.07391 1.52377,-0.861747 0.893648 1.57399,-0.829693 0.936366 1.56749,-0.835187 0.99956 1.5546,-0.885825 1.05723 1.53553,-0.973468 1.08267 1.5106,-0.84121 0.909547 1.57154,-0.824121 0.964802 1.56183,-0.849958 1.02968 1.54582,-0.919485 1.07672 1.52377,-0.86126 0.89195 1.57399,-0.826304 0.932328 1.56749,-0.827376 0.995751 1.5546,-0.873868 1.05681 1.53553,-0.959523 1.08831 1.5106,-0.955452 1.11155 1.49606,-0.839664 0.906377 1.57154,-0.818763 0.960305 1.56183,-0.84001 1.02683 1.54582,-0.906087 1.07861 1.52377,-0.860892 0.890221 1.57399,-0.823206 0.928062 1.56749,-0.819851 0.991406 1.5546,-0.86197 1.05556 1.53553,-0.945219 1.09296 1.5106,-0.838343 0.903107 1.57154,-0.81373 0.955446 1.56183,-0.830286 1.02329 1.54582,-0.89259 1.07955 1.52377,-0.860647 0.888471 1.57399,-0.820412 0.923591 1.56749,-0.812646 0.986547 1.5546,-0.850188 1.05349 1.53553,-0.930625 1.09659 1.5106,-0.921032 1.11941 1.49606,-0.837253 0.899753 1.57154,-0.80905 0.950247 1.56183,-0.820832 1.01908 1.54582,-0.87906 1.07955 1.52377,-0.817937 0.918936 1.56749,-0.805799 0.981197 1.5546,-0.838579 1.05059 1.53553,-0.915814 1.09921 1.5106,-0.8364 0.896331 1.57154,-0.804743 0.944735 1.56183,-0.811695 1.01422 1.54582,-0.865563 1.07861 1.52377,-0.815792 0.91412 1.56749,-0.799341 0.975382 1.5546,-0.827201 1.04689 1.53553,-0.900856 1.10078 1.5106,-0.885825 1.12205 1.49606,-0.835787 0.892857 1.57154,-0.800831 0.938935 1.56183,-0.80292 1.00874 1.54582,-0.852165 1.07672 1.52377,-0.813989 0.909166 1.56749,-0.793304 0.969131 1.5546,-0.816108 1.04241 1.53553,-0.885825 1.1013 1.5106,-0.835419 0.88935 1.57154,-0.797333 0.932877 1.56183,-0.794548 1.00265 1.54582,-0.83893 1.07391 1.52377,-0.812536 0.904098 1.56749,-0.787719 0.962474 1.5546,-0.805355 1.03717 1.53553,-0.870794 1.10078 1.5106,-0.852207 1.11964 1.49606,-0.794267 0.926589 1.56183,-0.78662 0.996003 1.54582,-0.825924 1.07018 1.52377,-0.81144 0.898941 1.56749,-0.782611 0.955444 1.5546,-0.794994 1.03119 1.53553,-0.855836 1.09921 1.5106,-0.791646 0.920103 1.56183,-0.779176 0.988814 1.54582,-0.81321 1.06555 1.52377,-0.810706 0.89372 1.56749,-0.778006 0.948074 1.5546,-0.785075 1.0245 1.53553,-0.841025 1.09659 1.5106,-0.819274 1.11248 1.49606,-0.789484 0.91345 1.56183,-0.772252 0.981124 1.54582,-0.80085 1.06005 1.52377,-0.773926 0.940402 1.5546,-0.775648 1.01713 1.53553,-0.826431 1.09296 1.5106,-0.787792 0.906663 1.56183,-0.765881 0.97297 1.54582,-0.788904 1.0537 1.52377,-0.770392 0.932463 1.5546,-0.766757 1.00912 1.53553,-0.812127 1.08831 1.5106,-0.787696 1.1007 1.49606,-0.786577 0.899773 1.56183,-0.760094 0.96439 1.54582,-0.77743 1.04653 1.52377,-0.76742 0.924297 1.5546,-0.758446 1.00052 1.53553,-0.798182 1.08267 1.5106,-0.785846 0.892816 1.56183,-0.75492 0.955428 1.54582,-0.766483 1.03858 1.52377,-0.765024 0.915944 1.5546,-0.750755 0.991353 1.53553,-0.784665 1.07608 1.5106,-0.758115 1.08455 1.49606,-0.750384 0.946127 1.54582,-0.756119 1.02988 1.52377,-0.763218 0.907444 1.5546,-0.743723 0.981674 1.53553,-0.771639 1.06856 1.5106,-0.746507 0.936533 1.54582,-0.746386 1.02048 1.52377,-0.762008 0.898839 1.5546,-0.737383 0.971528 1.53553,-0.759171 1.06015 1.5106,-0.731134 1.06435 1.49606,-0.743309 0.926691 1.54582,-0.737333 1.01042 1.52377,-0.731767 0.960964 1.53553,-0.747319 1.05089 1.5106,-0.740806 0.91665 1.54582,-0.729003 0.999763 1.52377,-0.7269 0.950035 1.53553,-0.736142 1.04083 1.5106,-0.707302 1.04052 1.49606,-0.739009 0.906459 1.54582,-0.721437 0.988546 1.52377,-0.722808 0.938792 1.53553,-0.725694 1.03001 1.5106,-0.737927 0.896167 1.54582,-0.714672 0.976829 1.52377,-0.719511 0.927292 1.53553,-0.716027 1.01849 1.5106,-0.687104 1.01354 1.49606,-0.708741 0.964668 1.52377,-0.717023 0.915589 1.53553,-0.707186 1.00632 1.5106,-0.703672 0.952123 1.52377,-0.715358 0.903742 1.53553,-0.699216 0.993564 1.5106,-0.670952 0.983954 1.49606,-0.699491 0.939255 1.52377,-0.692155 0.980284 1.5106,-0.696218 0.926127 1.52377,-0.686038 0.966544 1.5106,-0.659174 0.952376 1.49606,-0.693869 0.912803 1.52377,-0.680894 0.952411 1.5106,-0.692454 0.899347 1.52377,-0.676748 0.937954 1.5106,-0.652009 0.919443 1.49606,-0.673621 0.923242 1.5106,-0.671528 0.908349 1.5106]
}}
appearance Appearance{material USE IC-BODY-EPOXY-04 }}
Shape { geometry IndexedFaceSet 
{ creaseAngle 1.00 coordIndex [0,1,2,-1,0,2,3,-1,4,3,5,-1,4,0,3,-1,6,5,7,-1,6,4,5,-1,8,7,9,-1,8,6,7,-1,10,9,11,-1,10,8,9,-1,12,11,13,-1,12,10,11,-1,14,13,15,-1,14,12,13,-1,16,15,17,-1,16,14,15,-1,18,19,20,-1,18,17,19,-1,18,16,17,-1,21,18,20,-1,22,23,24,-1,22,20,23,-1,22,21,20,-1,25,22,24,-1,26,24,27,-1,26,25,24,-1,28,26,27,-1,28,27,29,-1,30,29,31,-1,30,28,29,-1,32,31,33,-1,32,30,31,-1,34,35,36,-1,34,33,35,-1,34,32,33,-1,37,34,36,-1,38,36,39,-1,38,37,36,-1,40,39,41,-1,40,38,39,-1,42,41,43,-1,42,40,41,-1]
coord Coordinate { point [-0.921032 0.652243 1.29921,-0.885825 0.649605 1.29921,-0.885825 0.649605 1.49606,-0.921032 0.652243 1.49606,-0.955452 0.6601 1.29921,-0.955452 0.6601 1.49606,-0.988317 0.672998 1.29921,-0.988317 0.672998 1.49606,-1.01889 0.690651 1.29921,-1.01889 0.690651 1.49606,-1.0465 0.712663 1.29921,-1.0465 0.712663 1.49606,-1.07051 0.738544 1.29921,-1.07051 0.738544 1.49606,-1.0904 0.767715 1.29921,-1.0904 0.767715 1.49606,-1.10572 0.799524 1.29921,-1.10572 0.799524 1.49606,-1.11612 0.833261 1.29921,-1.11612 0.833261 1.49606,-1.12138 0.868172 1.49606,-1.12138 0.868172 1.29921,-1.12138 0.903478 1.29921,-1.12138 0.903478 1.49606,-1.11612 0.938389 1.49606,-1.11612 0.938389 1.29921,-1.10572 0.972126 1.29921,-1.10572 0.972126 1.49606,-1.0904 1.00394 1.29921,-1.0904 1.00394 1.49606,-1.07051 1.03311 1.29921,-1.07051 1.03311 1.49606,-1.0465 1.05899 1.29921,-1.0465 1.05899 1.49606,-1.01889 1.081 1.29921,-1.01889 1.081 1.49606,-0.988317 1.09865 1.49606,-0.988317 1.09865 1.29921,-0.955452 1.11155 1.29921,-0.955452 1.11155 1.49606,-0.921032 1.11941 1.29921,-0.921032 1.11941 1.49606,-0.885825 1.12205 1.29921,-0.885825 1.12205 1.49606]
}}
appearance Appearance{material USE IC-BODY-EPOXY-04 }}
Shape { geometry IndexedFaceSet 
{ creaseAngle 1.00 coordIndex [0,1,2,-1,2,3,4,-1,1,3,2,-1,4,5,6,-1,3,5,4,-1,5,7,6,-1,8,9,5,-1,5,9,7,-1]
coord Coordinate { point [-1.17319 1.15157 -2.557e-16,-1.15157 1.17319 -2.605e-16,-1.1811 1.12204 -2.49144e-16,-1.12204 1.1811 -2.62257e-16,-1.1811 0.492125 -1.09274e-16,1.12204 1.1811 -2.62257e-16,1.1811 0.492125 -1.09274e-16,1.1811 1.12204 -2.49144e-16,1.15157 1.17319 -2.605e-16,1.17319 1.15157 -2.557e-16]
}}
appearance Appearance{material USE IC-BODY-EPOXY-04 }}
Shape { geometry IndexedFaceSet 
{ creaseAngle 1.00 coordIndex [0,1,2,-1,1,3,2,-1,4,5,6,-1,6,7,1,-1,1,7,3,-1,5,7,6,-1]
coord Coordinate { point [1.1811 -0.492125 1.09274e-16,1.1811 -0.492125 0.03937,1.1811 -1.12204 2.49144e-16,1.1811 -1.12204 1.29921,1.1811 0.492125 -1.09274e-16,1.1811 1.12204 -2.49144e-16,1.1811 0.492125 0.03937,1.1811 1.12205 1.29921]
}}
appearance Appearance{material USE IC-BODY-EPOXY-04 }}
Shape { geometry IndexedFaceSet 
{ creaseAngle 1.00 coordIndex [0,1,2,-1,2,1,3,-1]
coord Coordinate { point [-1.12204 1.1811 1.29921,1.12204 1.1811 1.29921,-1.12204 1.1811 -2.62257e-16,1.12204 1.1811 -2.62257e-16]
}}
appearance Appearance{material USE IC-BODY-EPOXY-04 }}
Shape { geometry IndexedFaceSet 
{ creaseAngle 1.00 coordIndex [0,1,2,-1,1,3,2,-1,4,5,6,-1,6,7,1,-1,1,7,3,-1,5,7,6,-1]
coord Coordinate { point [-1.1811 0.492125 -1.09274e-16,-1.1811 0.492125 0.03937,-1.1811 1.12204 -2.49144e-16,-1.1811 1.12205 1.29921,-1.1811 -0.492125 1.09274e-16,-1.1811 -1.12204 2.49144e-16,-1.1811 -0.492125 0.03937,-1.1811 -1.12204 1.29921]
}}
appearance Appearance{material USE IC-BODY-EPOXY-04 }}
Shape { geometry IndexedFaceSet 
{ creaseAngle 1.00 coordIndex [0,1,2,-1,2,1,3,-1]
coord Coordinate { point [-1.12204 -1.1811 1.29921,-1.12204 -1.1811 2.62257e-16,1.12204 -1.1811 1.29921,1.12204 -1.1811 2.62257e-16]
}}
appearance Appearance{material USE IC-BODY-EPOXY-04 }}
Shape { geometry IndexedFaceSet 
{ creaseAngle 1.00 coordIndex [0,1,2,-1,3,0,2,-1,4,0,3,-1,5,0,4,-1,6,4,3,-1,7,0,5,-1,8,6,3,-1,9,0,7,-1,10,8,3,-1,11,0,9,-1,12,10,3,-1,13,0,11,-1,14,12,3,-1,15,0,13,-1,16,14,3,-1,17,0,15,-1,18,19,20,-1,21,19,18,-1,22,18,20,-1,22,20,23,-1,24,19,21,-1,24,25,19,-1,26,22,23,-1,27,25,24,-1,27,28,25,-1,29,23,30,-1,29,26,23,-1,31,28,27,-1,31,32,28,-1,33,29,30,-1,33,30,34,-1,35,32,31,-1,36,33,34,-1,37,38,32,-1,37,32,35,-1,39,36,34,-1,39,34,40,-1,41,38,37,-1,41,42,38,-1,43,39,40,-1,43,40,44,-1,45,42,41,-1,46,43,44,-1,47,42,45,-1,47,48,42,-1,49,46,44,-1,49,44,50,-1,51,48,47,-1,52,49,50,-1,52,50,53,-1,54,48,51,-1,54,55,48,-1,56,52,53,-1,57,58,55,-1,57,55,54,-1,59,56,53,-1,59,53,60,-1,61,58,57,-1,62,59,60,-1,63,64,58,-1,63,58,61,-1,65,62,60,-1,65,60,66,-1,67,64,63,-1,68,64,67,-1,69,65,66,-1,70,71,72,-1,70,72,73,-1,74,75,76,-1,74,77,69,-1,74,69,66,-1,74,66,75,-1,78,79,80,-1,78,68,79,-1,78,64,68,-1,78,72,64,-1,78,73,72,-1,81,76,75,-1,81,75,82,-1,83,84,71,-1,83,71,70,-1,85,86,77,-1,85,87,86,-1,85,77,74,-1,88,89,90,-1,88,80,89,-1,88,78,80,-1,91,81,82,-1,91,82,92,-1,93,84,83,-1,93,94,84,-1,95,96,87,-1,95,97,96,-1,95,87,85,-1,98,90,99,-1,98,88,90,-1,100,91,92,-1,100,92,101,-1,102,94,93,-1,102,17,94,-1,103,104,97,-1,103,97,95,-1,105,106,107,-1,105,99,106,-1,105,98,99,-1,108,16,3,-1,108,100,101,-1,108,101,16,-1,109,110,104,-1,109,111,110,-1,109,104,103,-1,112,113,114,-1,112,107,113,-1,112,105,107,-1,115,111,109,-1,115,116,111,-1,117,112,114,-1,117,114,118,-1,119,120,116,-1,119,121,120,-1,119,116,115,-1,122,117,118,-1,122,123,124,-1,122,118,123,-1,125,126,121,-1,125,121,119,-1,127,122,124,-1,127,124,128,-1,129,130,126,-1,129,126,125,-1,131,130,129,-1,132,127,128,-1,132,128,133,-1,134,135,136,-1,134,137,135,-1,134,138,137,-1,134,139,138,-1,134,102,139,-1,140,141,108,-1,140,142,141,-1,140,143,142,-1,140,144,143,-1,140,145,144,-1,140,108,3,-1,146,131,129,-1,147,134,136,-1,148,131,146,-1,149,132,133,-1,149,133,150,-1,151,145,140,-1,152,134,147,-1,153,148,146,-1,154,140,155,-1,156,149,150,-1,157,148,153,-1,158,149,156,-1,159,160,161,-1,159,161,134,-1,159,134,152,-1,162,163,151,-1,162,151,140,-1,162,140,154,-1,164,159,152,-1,165,158,156,-1,166,157,153,-1,166,153,167,-1,168,158,165,-1,169,163,162,-1,170,159,164,-1,171,168,165,-1,172,166,167,-1,172,167,173,-1,174,169,162,-1,175,159,170,-1,176,168,171,-1,176,177,168,-1,178,172,173,-1,178,173,179,-1,180,174,162,-1,181,159,175,-1,182,180,162,-1,183,177,176,-1,183,184,177,-1,185,178,179,-1,186,159,181,-1,187,182,162,-1,188,184,183,-1,189,179,190,-1,189,185,179,-1,191,159,186,-1,192,187,162,-1,193,184,188,-1,193,194,184,-1,195,190,196,-1,195,189,190,-1,197,194,193,-1,197,198,194,-1,199,195,196,-1,200,198,197,-1,201,196,202,-1,201,199,196,-1,203,198,200,-1,203,204,198,-1,205,201,202,-1,206,204,203,-1,206,207,204,-1,208,205,202,-1,208,202,209,-1,210,207,206,-1,211,209,212,-1,211,208,209,-1,213,207,210,-1,213,214,207,-1,215,211,212,-1,216,214,213,-1,217,212,218,-1,217,215,212,-1,219,214,216,-1,219,220,214,-1,221,217,218,-1,222,220,219,-1,223,221,218,-1,224,225,226,-1,224,227,225,-1,228,229,227,-1,228,227,224,-1,230,224,226,-1,230,226,231,-1,232,229,228,-1,232,233,229,-1,232,234,233,-1,235,230,231,-1,235,231,236,-1,237,238,234,-1,237,234,232,-1,239,235,236,-1,239,240,241,-1,239,236,240,-1,242,238,237,-1,242,243,238,-1,242,244,243,-1,245,239,241,-1,245,241,246,-1,247,248,244,-1,247,244,242,-1,249,245,246,-1,249,250,251,-1,249,246,250,-1,252,248,247,-1,252,253,248,-1,252,254,253,-1,255,249,251,-1,255,256,257,-1,255,251,256,-1,258,259,254,-1,258,254,252,-1,260,257,261,-1,260,255,257,-1,262,259,258,-1,262,263,259,-1,262,264,263,-1,265,266,267,-1,265,261,266,-1,265,260,261,-1,268,264,262,-1,268,269,264,-1,268,270,269,-1,271,265,267,-1,271,272,223,-1,271,267,272,-1,271,223,218,-1,273,220,222,-1,273,270,268,-1,273,222,270,-1,274,271,218,-1,274,218,275,-1,276,277,220,-1,276,220,273,-1,278,274,275,-1,278,275,279,-1,280,281,277,-1,280,277,276,-1,282,283,284,-1,282,279,283,-1,282,278,279,-1,285,282,284,-1,286,284,192,-1,286,285,284,-1,287,288,289,-1,287,290,291,-1,287,292,290,-1,287,293,292,-1,287,294,293,-1,287,289,294,-1,295,296,286,-1,295,297,296,-1,295,298,297,-1,295,299,298,-1,295,300,299,-1,295,301,300,-1,295,291,301,-1,295,287,291,-1,302,287,295,-1,302,295,303,-1,287,159,191,-1,287,191,304,-1,287,304,305,-1,287,305,281,-1,287,281,288,-1,288,281,306,-1,306,281,307,-1,307,281,280,-1,134,0,102,-1,102,0,17,-1,162,295,286,-1,162,286,192,-1]
coord Coordinate { point [-1.1811 -1.12204 1.29921,-1.17319 -1.15157 1.29921,-1.15157 -1.17319 1.29921,-1.12204 -1.1811 1.29921,-1.0465 -1.05899 1.29921,-1.07051 -1.03311 1.29921,-1.01889 -1.081 1.29921,-1.0904 -1.00393 1.29921,-0.988317 -1.09865 1.29921,-1.10572 -0.972126 1.29921,-0.955452 -1.11155 1.29921,-1.11612 -0.938389 1.29921,-0.921032 -1.11941 1.29921,-1.12138 -0.903478 1.29921,-0.885825 -1.12204 1.29921,-1.12138 -0.868172 1.29921,-0.850618 -1.11941 1.29921,-1.11612 -0.833261 1.29921,-0.474681 -0.499364 1.29921,-0.725155 -0.712663 1.29921,-0.701141 -0.738544 1.29921,-0.499364 -0.474681 1.29921,-0.448779 -0.522765 1.29921,-0.681252 -0.767715 1.29921,-0.522765 -0.448779 1.29921,-0.752758 -0.690651 1.29921,-0.421726 -0.544825 1.29921,-0.544825 -0.421726 1.29921,-0.783333 -0.672998 1.29921,-0.39359 -0.565485 1.29921,-0.665934 -0.799524 1.29921,-0.565485 -0.39359 1.29921,-0.816198 -0.6601 1.29921,-0.364443 -0.584695 1.29921,-0.655528 -0.833261 1.29921,-0.584695 -0.364443 1.29921,-0.334361 -0.602403 1.29921,-0.602403 -0.334361 1.29921,-0.850618 -0.652243 1.29921,-0.303421 -0.618565 1.29921,-0.650266 -0.868172 1.29921,-0.618565 -0.303421 1.29921,-0.885825 -0.649605 1.29921,-0.271701 -0.633139 1.29921,-0.650266 -0.903478 1.29921,-0.633139 -0.271701 1.29921,-0.239285 -0.646088 1.29921,-0.646088 -0.239285 1.29921,-0.921032 -0.652243 1.29921,-0.206254 -0.657378 1.29921,-0.655528 -0.938389 1.29921,-0.657378 -0.206254 1.29921,-0.172693 -0.666981 1.29921,-0.665934 -0.972126 1.29921,-0.666981 -0.172693 1.29921,-0.955452 -0.6601 1.29921,-0.13869 -0.674872 1.29921,-0.674872 -0.13869 1.29921,-0.988317 -0.672998 1.29921,-0.10433 -0.68103 1.29921,-0.681252 -1.00393 1.29921,-0.68103 -0.10433 1.29921,-0.0697024 -0.68544 1.29921,-0.68544 -0.0697024 1.29921,-1.01889 -0.690651 1.29921,-0.034896 -0.688091 1.29921,-0.701141 -1.03311 1.29921,-0.688091 -0.034896 1.29921,-0.688975 4.15045e-16 1.29921,0 -0.688975 1.29921,-1.07051 0.738544 1.29921,-1.07051 -0.738544 1.29921,-1.0465 -0.712663 1.29921,-1.0465 0.712663 1.29921,0.701141 -1.03311 1.29921,-0.725155 -1.05899 1.29921,0.725155 -1.05899 1.29921,0.034896 -0.688091 1.29921,-1.01889 0.690651 1.29921,-0.688091 0.034896 1.29921,-0.68544 0.0697024 1.29921,0.752758 -1.081 1.29921,-0.752758 -1.081 1.29921,-1.0904 0.767715 1.29921,-1.0904 -0.767715 1.29921,0.681252 -1.00393 1.29921,0.0697024 -0.68544 1.29921,0.10433 -0.68103 1.29921,-0.988317 0.672998 1.29921,-0.68103 0.10433 1.29921,-0.674872 0.13869 1.29921,0.783333 -1.09865 1.29921,-0.783333 -1.09865 1.29921,-1.10572 0.799524 1.29921,-1.10572 -0.799524 1.29921,0.665934 -0.972126 1.29921,0.13869 -0.674872 1.29921,0.172693 -0.666981 1.29921,-0.955452 0.6601 1.29921,-0.666981 0.172693 1.29921,0.816198 -1.11155 1.29921,-0.816198 -1.11155 1.29921,-1.11612 0.833261 1.29921,0.655528 -0.938389 1.29921,0.206254 -0.657378 1.29921,-0.921032 0.652243 1.29921,-0.657378 0.206254 1.29921,-0.646088 0.239285 1.29921,0.850618 -1.11941 1.29921,0.650266 -0.903478 1.29921,0.239285 -0.646088 1.29921,0.271701 -0.633139 1.29921,-0.885825 0.649605 1.29921,-0.633139 0.271701 1.29921,-0.618565 0.303421 1.29921,0.650266 -0.868172 1.29921,0.303421 -0.618565 1.29921,-0.850618 0.652243 1.29921,-0.602403 0.334361 1.29921,0.655528 -0.833261 1.29921,0.334361 -0.602403 1.29921,0.364443 -0.584695 1.29921,-0.816198 0.6601 1.29921,-0.584695 0.364443 1.29921,-0.565485 0.39359 1.29921,0.665934 -0.799524 1.29921,0.39359 -0.565485 1.29921,-0.783333 0.672998 1.29921,-0.544825 0.421726 1.29921,0.681252 -0.767715 1.29921,0.421726 -0.544825 1.29921,0.448779 -0.522765 1.29921,-0.752758 0.690651 1.29921,-0.522765 0.448779 1.29921,-1.1811 1.12205 1.29921,-1.10572 0.972126 1.29921,-1.0904 1.00394 1.29921,-1.11612 0.938389 1.29921,-1.12138 0.903478 1.29921,-1.12138 0.868172 1.29921,1.12204 -1.1811 1.29921,0.885825 -1.12204 1.29921,0.921032 -1.11941 1.29921,0.955452 -1.11155 1.29921,0.988317 -1.09865 1.29921,1.01889 -1.081 1.29921,0.701141 -0.738544 1.29921,-1.07051 1.03311 1.29921,0.474681 -0.499364 1.29921,-0.725155 0.712663 1.29921,-0.499364 0.474681 1.29921,1.0465 -1.05899 1.29921,-1.0465 1.05899 1.29921,0.725155 -0.712663 1.29921,1.17319 -1.15157 1.29921,1.15157 -1.17319 1.29921,-0.474681 0.499364 1.29921,0.499364 -0.474681 1.29921,-0.701141 0.738544 1.29921,-1.12204 1.1811 1.29921,-1.15157 1.17319 1.29921,-1.17319 1.15157 1.29921,1.1811 -1.12204 1.29921,1.07051 -1.03311 1.29921,-1.01889 1.081 1.29921,-0.448779 0.522765 1.29921,0.522765 -0.448779 1.29921,0.752758 -0.690651 1.29921,-0.681252 0.767715 1.29921,1.0904 -1.00393 1.29921,-0.988317 1.09865 1.29921,-0.421726 0.544825 1.29921,0.544825 -0.421726 1.29921,0.783333 -0.672998 1.29921,1.10572 -0.972126 1.29921,-0.955452 1.11155 1.29921,-0.39359 0.565485 1.29921,-0.665934 0.799524 1.29921,0.565485 -0.39359 1.29921,0.816198 -0.6601 1.29921,1.11612 -0.938389 1.29921,-0.921032 1.11941 1.29921,1.12138 -0.903478 1.29921,-0.364443 0.584695 1.29921,-0.655528 0.833261 1.29921,0.584695 -0.364443 1.29921,-0.885825 1.12205 1.29921,1.12138 -0.868172 1.29921,-0.334361 0.602403 1.29921,0.602403 -0.334361 1.29921,0.850618 -0.652243 1.29921,-0.850618 1.11941 1.29921,1.11612 -0.833261 1.29921,-0.303421 0.618565 1.29921,-0.650266 0.868172 1.29921,0.618565 -0.303421 1.29921,0.885825 -0.649605 1.29921,-0.271701 0.633139 1.29921,-0.650266 0.903478 1.29921,0.633139 -0.271701 1.29921,-0.239285 0.646088 1.29921,0.646088 -0.239285 1.29921,0.921032 -0.652243 1.29921,-0.206254 0.657378 1.29921,-0.655528 0.938389 1.29921,0.657378 -0.206254 1.29921,-0.172693 0.666981 1.29921,-0.665934 0.972126 1.29921,0.666981 -0.172693 1.29921,0.955452 -0.6601 1.29921,-0.13869 0.674872 1.29921,0.674872 -0.13869 1.29921,0.988317 -0.672998 1.29921,-0.10433 0.68103 1.29921,-0.681252 1.00394 1.29921,0.68103 -0.10433 1.29921,-0.0697024 0.68544 1.29921,0.68544 -0.0697024 1.29921,1.01889 -0.690651 1.29921,-0.034896 0.688091 1.29921,-0.701141 1.03311 1.29921,0.688091 -0.034896 1.29921,-8.7419e-17 0.688975 1.29921,0.688975 2.46295e-16 1.29921,0.725155 0.712663 1.29921,0.499364 0.474681 1.29921,0.522765 0.448779 1.29921,0.474681 0.499364 1.29921,0.701141 0.738544 1.29921,0.448779 0.522765 1.29921,0.752758 0.690651 1.29921,0.544825 0.421726 1.29921,0.681252 0.767715 1.29921,0.421726 0.544825 1.29921,0.39359 0.565485 1.29921,0.783333 0.672998 1.29921,0.565485 0.39359 1.29921,0.665934 0.799524 1.29921,0.364443 0.584695 1.29921,0.816198 0.6601 1.29921,0.584695 0.364443 1.29921,0.602403 0.334361 1.29921,0.655528 0.833261 1.29921,0.334361 0.602403 1.29921,0.303421 0.618565 1.29921,0.850618 0.652243 1.29921,0.618565 0.303421 1.29921,0.650266 0.868172 1.29921,0.271701 0.633139 1.29921,0.885825 0.649605 1.29921,0.633139 0.271701 1.29921,0.646088 0.239285 1.29921,0.650266 0.903478 1.29921,0.239285 0.646088 1.29921,0.206254 0.657378 1.29921,0.921032 0.652243 1.29921,0.657378 0.206254 1.29921,0.666981 0.172693 1.29921,0.655528 0.938389 1.29921,0.172693 0.666981 1.29921,0.955452 0.6601 1.29921,0.674872 0.13869 1.29921,0.665934 0.972126 1.29921,0.13869 0.674872 1.29921,0.10433 0.68103 1.29921,0.988317 0.672998 1.29921,0.68103 0.10433 1.29921,0.68544 0.0697024 1.29921,0.681252 1.00394 1.29921,0.0697024 0.68544 1.29921,0.034896 0.688091 1.29921,1.01889 0.690651 1.29921,0.688091 0.034896 1.29921,0.701141 1.03311 1.29921,1.0465 0.712663 1.29921,1.0465 -0.712663 1.29921,0.725155 1.05899 1.29921,-0.725155 1.05899 1.29921,1.07051 0.738544 1.29921,1.07051 -0.738544 1.29921,0.752758 1.081 1.29921,-0.752758 1.081 1.29921,1.0904 0.767715 1.29921,1.0904 -0.767715 1.29921,1.10572 -0.799524 1.29921,1.10572 0.799524 1.29921,1.11612 0.833261 1.29921,1.12204 1.1811 1.29921,0.850618 1.11941 1.29921,0.885825 1.12205 1.29921,1.01889 1.081 1.29921,1.0465 1.05899 1.29921,0.988317 1.09865 1.29921,0.955452 1.11155 1.29921,0.921032 1.11941 1.29921,1.1811 1.12205 1.29921,1.12138 0.868172 1.29921,1.12138 0.903478 1.29921,1.11612 0.938389 1.29921,1.10572 0.972126 1.29921,1.0904 1.00394 1.29921,1.07051 1.03311 1.29921,1.15157 1.17319 1.29921,1.17319 1.15157 1.29921,-0.816198 1.11155 1.29921,-0.783333 1.09865 1.29921,0.816198 1.11155 1.29921,0.783333 1.09865 1.29921]
}}
appearance Appearance{material USE IC-BODY-EPOXY-04 }}
Shape { geometry IndexedFaceSet 
{ creaseAngle 1.00 coordIndex [0,1,2,-1,1,3,2,-1,1,4,3,-1,4,5,3,-1,5,6,7,-1,5,8,6,-1,4,9,5,-1,5,9,8,-1]
coord Coordinate { point [-1.17319 -1.15157 2.557e-16,-1.1811 -1.12204 2.49144e-16,-1.15157 -1.17319 2.605e-16,-1.12204 -1.1811 2.62257e-16,-1.1811 -0.492125 1.09274e-16,1.12204 -1.1811 2.62257e-16,1.17319 -1.15157 2.557e-16,1.15157 -1.17319 2.605e-16,1.1811 -1.12204 2.49144e-16,1.1811 -0.492125 1.09274e-16]
}}
appearance Appearance{material USE IC-BODY-EPOXY-04 }}
Shape { geometry IndexedFaceSet 
{ creaseAngle 1.00 coordIndex [0,1,2,-1,2,1,3,-1]
coord Coordinate { point [-1.1811 0.492125 0.03937,1.1811 0.492125 0.03937,-1.1811 -0.492125 0.03937,1.1811 -0.492125 0.03937]
}}
appearance Appearance{material USE IC-BODY-EPOXY-04 }}
Shape { geometry IndexedFaceSet 
{ creaseAngle 1.00 coordIndex [0,1,2,-1,2,1,3,-1]
coord Coordinate { point [-1.1811 0.492125 0.03937,-1.1811 0.492125 -1.09274e-16,1.1811 0.492125 0.03937,1.1811 0.492125 -1.09274e-16]
}}
appearance Appearance{material USE IC-BODY-EPOXY-04 }}
Shape { geometry IndexedFaceSet 
{ creaseAngle 1.00 coordIndex [0,1,2,-1,2,1,3,-1]
coord Coordinate { point [-1.1811 -0.492125 0.03937,1.1811 -0.492125 0.03937,-1.1811 -0.492125 1.09274e-16,1.1811 -0.492125 1.09274e-16]
}}
appearance Appearance{material USE IC-BODY-EPOXY-04 }}
Shape { geometry IndexedFaceSet 
{ creaseAngle 1.00 coordIndex [0,1,2,-1,0,3,1,-1,4,2,5,-1,4,0,2,-1,6,5,7,-1,6,4,5,-1]
coord Coordinate { point [-1.17319 1.15157 -2.557e-16,-1.1811 1.12205 1.29921,-1.17319 1.15157 1.29921,-1.1811 1.12204 -2.49144e-16,-1.15157 1.17319 -2.605e-16,-1.15157 1.17319 1.29921,-1.12204 1.1811 -2.62257e-16,-1.12204 1.1811 1.29921]
}}
appearance Appearance{material USE IC-BODY-EPOXY-04 }}
Shape { geometry IndexedFaceSet 
{ creaseAngle 1.00 coordIndex [0,1,2,-1,0,3,1,-1,4,2,5,-1,4,0,2,-1,6,5,7,-1,6,4,5,-1]
coord Coordinate { point [1.15157 1.17319 -2.605e-16,1.12204 1.1811 1.29921,1.15157 1.17319 1.29921,1.12204 1.1811 -2.62257e-16,1.17319 1.15157 -2.557e-16,1.17319 1.15157 1.29921,1.1811 1.12204 -2.49144e-16,1.1811 1.12205 1.29921]
}}
appearance Appearance{material USE IC-BODY-EPOXY-04 }}
Shape { geometry IndexedFaceSet 
{ creaseAngle 1.00 coordIndex [0,1,2,-1,0,3,1,-1,0,4,3,-1,5,0,2,-1,6,2,7,-1,6,5,2,-1]
coord Coordinate { point [1.17319 -1.15157 2.557e-16,1.17319 -1.15157 1.29921,1.15157 -1.17319 1.29921,1.1811 -1.12204 1.29921,1.1811 -1.12204 2.49144e-16,1.15157 -1.17319 2.605e-16,1.12204 -1.1811 2.62257e-16,1.12204 -1.1811 1.29921]
}}
appearance Appearance{material USE IC-BODY-EPOXY-04 }}
Shape { geometry IndexedFaceSet 
{ creaseAngle 1.00 coordIndex [0,1,2,-1,3,2,4,-1,3,0,2,-1,5,3,4,-1,6,4,7,-1,6,5,4,-1]
coord Coordinate { point [-1.12204 -1.1811 2.62257e-16,-1.12204 -1.1811 1.29921,-1.15157 -1.17319 1.29921,-1.15157 -1.17319 2.605e-16,-1.17319 -1.15157 1.29921,-1.17319 -1.15157 2.557e-16,-1.1811 -1.12204 2.49144e-16,-1.1811 -1.12204 1.29921]
}}
appearance Appearance{material USE IC-BODY-EPOXY-04 }}
Shape { geometry IndexedFaceSet 
{ creaseAngle 1.00 coordIndex [0,1,2,-1,0,2,3,-1,4,5,6,-1,4,6,7,-1,8,4,9,-1,10,11,12,-1,10,12,13,-1,14,15,16,-1,14,16,17,-1,14,17,18,-1,14,18,19,-1,20,8,11,-1,20,11,10,-1,20,10,21,-1,22,23,14,-1,24,22,14,-1,25,20,26,-1,25,26,27,-1,28,20,25,-1,29,30,31,-1,29,31,32,-1,33,20,28,-1,33,8,20,-1,34,35,29,-1,34,29,32,-1,36,33,37,-1,36,37,38,-1,39,34,32,-1,39,40,41,-1,39,41,34,-1,42,33,36,-1,42,36,43,-1,44,33,42,-1,45,46,39,-1,47,33,44,-1,48,39,32,-1,48,0,3,-1,48,32,24,-1,48,45,39,-1,48,19,49,-1,48,49,50,-1,48,50,51,-1,48,51,52,-1,48,14,19,-1,48,52,0,-1,48,24,14,-1,53,47,54,-1,55,56,48,-1,57,47,53,-1,58,47,57,-1,59,60,61,-1,59,61,62,-1,63,58,64,-1,63,64,65,-1,63,65,66,-1,67,58,63,-1,68,69,70,-1,71,58,67,-1,72,71,73,-1,72,58,71,-1,74,75,68,-1,74,70,59,-1,74,68,70,-1,76,72,77,-1,76,77,78,-1,76,4,8,-1,76,5,4,-1,76,3,79,-1,76,79,80,-1,76,80,81,-1,76,81,82,-1,76,82,83,-1,76,83,84,-1,76,84,85,-1,76,85,86,-1,76,86,87,-1,76,33,47,-1,76,87,88,-1,76,88,89,-1,76,89,90,-1,76,90,91,-1,76,91,92,-1,76,8,33,-1,76,92,5,-1,76,47,58,-1,76,58,72,-1,93,94,95,-1,93,95,74,-1,96,97,98,-1,96,98,93,-1,99,76,100,-1,99,100,101,-1,99,101,102,-1,103,96,93,-1,103,104,96,-1,103,93,74,-1,105,76,99,-1,105,99,106,-1,105,106,107,-1,105,48,3,-1,105,103,74,-1,105,62,55,-1,105,55,48,-1,105,59,62,-1,105,74,59,-1,105,3,76,-1]
coord Coordinate { point [-0.172107 0.574877 2.7559,-0.205242 0.563897 2.7559,-0.237682 0.55101 2.7559,-0.269319 0.536257 2.7559,-0.599072 0.034892 2.7559,-0.583912 0.13839 2.7559,-0.59097 0.104204 2.7559,-0.59603 0.0696659 2.7559,-0.599072 -0.034892 2.7559,-0.600087 7.22167e-16 2.7559,-0.574877 -0.172107 2.7559,-0.59603 -0.0696659 2.7559,-0.59097 -0.104204 2.7559,-0.583912 -0.13839 2.7559,0.172107 0.574877 2.7559,0.13839 0.583912 2.7559,0.104204 0.59097 2.7559,0.0696659 0.59603 2.7559,0.034892 0.599072 2.7559,8.7419e-17 0.600087 2.7559,-0.55101 -0.237682 2.7559,-0.563897 -0.205242 2.7559,0.237682 0.55101 2.7559,0.205242 0.563897 2.7559,0.269319 0.536257 2.7559,-0.501365 -0.329753 2.7559,-0.536257 -0.269319 2.7559,-0.519691 -0.300044 2.7559,-0.481344 -0.358347 2.7559,0.385729 0.459693 2.7559,0.358347 0.481344 2.7559,0.329753 0.501365 2.7559,0.300044 0.519691 2.7559,-0.459693 -0.385729 2.7559,0.436488 0.411805 2.7559,0.411805 0.436488 2.7559,-0.385729 -0.459693 2.7559,-0.436488 -0.411805 2.7559,-0.411805 -0.436488 2.7559,0.501365 0.329753 2.7559,0.481344 0.358347 2.7559,0.459693 0.385729 2.7559,-0.329753 -0.501365 2.7559,-0.358347 -0.481344 2.7559,-0.300044 -0.519691 2.7559,0.536257 0.269319 2.7559,0.519691 0.300044 2.7559,-0.269319 -0.536257 2.7559,0.55101 0.237682 2.7559,-0.034892 0.599072 2.7559,-0.0696659 0.59603 2.7559,-0.104204 0.59097 2.7559,-0.13839 0.583912 2.7559,-0.205242 -0.563897 2.7559,-0.237682 -0.55101 2.7559,0.574877 0.172107 2.7559,0.563897 0.205242 2.7559,-0.172107 -0.574877 2.7559,-0.13839 -0.583912 2.7559,0.599072 0.034892 2.7559,0.59603 0.0696659 2.7559,0.59097 0.104204 2.7559,0.583912 0.13839 2.7559,0 -0.600087 2.7559,-0.104204 -0.59097 2.7559,-0.0696659 -0.59603 2.7559,-0.034892 -0.599072 2.7559,0.034892 -0.599072 2.7559,0.59603 -0.0696659 2.7559,0.599072 -0.034892 2.7559,0.600087 5.75188e-16 2.7559,0.0696659 -0.59603 2.7559,0.13839 -0.583912 2.7559,0.104204 -0.59097 2.7559,0.583912 -0.13839 2.7559,0.59097 -0.104204 2.7559,0.237682 -0.55101 2.7559,0.172107 -0.574877 2.7559,0.205242 -0.563897 2.7559,-0.300044 0.519691 2.7559,-0.329753 0.501365 2.7559,-0.358347 0.481344 2.7559,-0.385729 0.459693 2.7559,-0.411805 0.436488 2.7559,-0.436488 0.411805 2.7559,-0.459693 0.385729 2.7559,-0.481344 0.358347 2.7559,-0.501365 0.329753 2.7559,-0.519691 0.300044 2.7559,-0.536257 0.269319 2.7559,-0.55101 0.237682 2.7559,-0.563897 0.205242 2.7559,-0.574877 0.172107 2.7559,0.55101 -0.237682 2.7559,0.563897 -0.205242 2.7559,0.574877 -0.172107 2.7559,0.501365 -0.329753 2.7559,0.519691 -0.300044 2.7559,0.536257 -0.269319 2.7559,0.358347 -0.481344 2.7559,0.269319 -0.536257 2.7559,0.300044 -0.519691 2.7559,0.329753 -0.501365 2.7559,0.459693 -0.385729 2.7559,0.481344 -0.358347 2.7559,0.436488 -0.411805 2.7559,0.385729 -0.459693 2.7559,0.411805 -0.436488 2.7559]
}}
appearance Appearance{material USE IC-BODY-EPOXY-04 }}
